case,rows,commits,locality,seed,operations,changes_per_commit,cache_condition,trial_kind,block,execution_order,strategy,threshold,selected,diff_ms,decision_probe_ms,output_sha256,output_bytes,output_entries,correctness,started_utc,pythonhashseed,process_rss_before_bytes,process_rss_after_bytes,available_ram_bytes,nodes_compared,matching_subtrees_skipped,leaf_entries_examined,log_operations_examined,open_verify_ms,open_plus_diff_ms
n10000-h256-repeated-key-o65536-s20261021,10000,256,repeated-key,20261021,65536,256,warmed-built,warmup,1,1,hybrid,32768,merkle,74.2985,0.2109,57433a9a11e031d63259e6264b709519f1871f0f0004688bb20082a210b6b77c,168385,1021,True,2026-10-02T08:05:23.272701+00:00,20261021,149364736,150011904,2381955072,3816,2405,5510,0,,
n10000-h256-repeated-key-o65536-s20261021,10000,256,repeated-key,20261021,65536,256,warmed-built,warmup,1,2,merkle,0,merkle,15.4243,0.2041,57433a9a11e031d63259e6264b709519f1871f0f0004688bb20082a210b6b77c,168385,1021,True,2026-10-02T08:05:23.349363+00:00,20261021,150020096,150024192,2373242880,3816,2405,5510,0,,
n10000-h256-repeated-key-o65536-s20261021,10000,256,repeated-key,20261021,65536,256,warmed-built,warmup,1,3,hybrid,16384,merkle,16.5094,0.2327,57433a9a11e031d63259e6264b709519f1871f0f0004688bb20082a210b6b77c,168385,1021,True,2026-10-02T08:05:23.367025+00:00,20261021,150028288,150085632,2372325376,3816,2405,5510,0,,
n10000-h256-repeated-key-o65536-s20261021,10000,256,repeated-key,20261021,65536,256,warmed-built,warmup,1,4,hybrid,4096,merkle,16.2546,0.248,57433a9a11e031d63259e6264b709519f1871f0f0004688bb20082a210b6b77c,168385,1021,True,2026-10-02T08:05:23.385674+00:00,20261021,150085632,150089728,2372100096,3816,2405,5510,0,,
n10000-h256-repeated-key-o65536-s20261021,10000,256,repeated-key,20261021,65536,256,warmed-built,warmup,1,5,log,0,log,14.5559,0.227,57433a9a11e031d63259e6264b709519f1871f0f0004688bb20082a210b6b77c,168385,1021,True,2026-10-02T08:05:23.404137+00:00,20261021,150089728,150179840,2371936256,0,0,0,65536,,
n10000-h256-repeated-key-o65536-s20261021,10000,256,repeated-key,20261021,65536,256,warmed-built,warmup,1,6,hybrid,131072,log,14.4738,0.1331,57433a9a11e031d63259e6264b709519f1871f0f0004688bb20082a210b6b77c,168385,1021,True,2026-10-02T08:05:23.420700+00:00,20261021,150179840,150192128,2372743168,0,0,0,65536,,
n10000-h256-repeated-key-o65536-s20261021,10000,256,repeated-key,20261021,65536,256,warmed-built,warmup,1,7,hybrid,65536,log,13.3668,0.1793,57433a9a11e031d63259e6264b709519f1871f0f0004688bb20082a210b6b77c,168385,1021,True,2026-10-02T08:05:23.436597+00:00,20261021,150192128,150192128,2375839744,0,0,0,65536,,
n10000-h256-repeated-key-o65536-s20261021,10000,256,repeated-key,20261021,65536,256,warmed-built,warmup,2,1,hybrid,4096,merkle,14.0535,0.2089,57433a9a11e031d63259e6264b709519f1871f0f0004688bb20082a210b6b77c,168385,1021,True,2026-10-02T08:05:23.451741+00:00,20261021,150192128,150200320,2374725632,3816,2405,5510,0,,
n10000-h256-repeated-key-o65536-s20261021,10000,256,repeated-key,20261021,65536,256,warmed-built,warmup,2,2,merkle,0,merkle,14.5113,0.1798,57433a9a11e031d63259e6264b709519f1871f0f0004688bb20082a210b6b77c,168385,1021,True,2026-10-02T08:05:23.467597+00:00,20261021,150200320,150245376,2372538368,3816,2405,5510,0,,
n10000-h256-repeated-key-o65536-s20261021,10000,256,repeated-key,20261021,65536,256,warmed-built,warmup,2,3,hybrid,65536,log,14.2951,0.2123,57433a9a11e031d63259e6264b709519f1871f0f0004688bb20082a210b6b77c,168385,1021,True,2026-10-02T08:05:23.484147+00:00,20261021,150245376,150245376,2372460544,0,0,0,65536,,
n10000-h256-repeated-key-o65536-s20261021,10000,256,repeated-key,20261021,65536,256,warmed-built,warmup,2,4,log,0,log,13.6601,0.1904,57433a9a11e031d63259e6264b709519f1871f0f0004688bb20082a210b6b77c,168385,1021,True,2026-10-02T08:05:23.500403+00:00,20261021,150249472,150249472,2372231168,0,0,0,65536,,
n10000-h256-repeated-key-o65536-s20261021,10000,256,repeated-key,20261021,65536,256,warmed-built,warmup,2,5,hybrid,131072,log,14.6254,0.1604,57433a9a11e031d63259e6264b709519f1871f0f0004688bb20082a210b6b77c,168385,1021,True,2026-10-02T08:05:23.515876+00:00,20261021,150249472,150249472,2370760704,0,0,0,65536,,
n10000-h256-repeated-key-o65536-s20261021,10000,256,repeated-key,20261021,65536,256,warmed-built,warmup,2,6,hybrid,16384,merkle,13.0439,0.1252,57433a9a11e031d63259e6264b709519f1871f0f0004688bb20082a210b6b77c,168385,1021,True,2026-10-02T08:05:23.532321+00:00,20261021,150249472,150310912,2373836800,3816,2405,5510,0,,
n10000-h256-repeated-key-o65536-s20261021,10000,256,repeated-key,20261021,65536,256,warmed-built,warmup,2,7,hybrid,32768,merkle,12.4031,0.2517,57433a9a11e031d63259e6264b709519f1871f0f0004688bb20082a210b6b77c,168385,1021,True,2026-10-02T08:05:23.546707+00:00,20261021,150310912,150315008,2371866624,3816,2405,5510,0,,
n10000-h256-repeated-key-o65536-s20261021,10000,256,repeated-key,20261021,65536,256,warmed-built,measured,1,1,hybrid,4096,merkle,17.4153,0.4052,57433a9a11e031d63259e6264b709519f1871f0f0004688bb20082a210b6b77c,168385,1021,True,2026-10-02T08:05:23.561200+00:00,20261021,150315008,150380544,2374479872,3816,2405,5510,0,,
n10000-h256-repeated-key-o65536-s20261021,10000,256,repeated-key,20261021,65536,256,warmed-built,measured,1,2,hybrid,65536,log,17.4588,0.2494,57433a9a11e031d63259e6264b709519f1871f0f0004688bb20082a210b6b77c,168385,1021,True,2026-10-02T08:05:23.581243+00:00,20261021,150380544,150388736,2374094848,0,0,0,65536,,
n10000-h256-repeated-key-o65536-s20261021,10000,256,repeated-key,20261021,65536,256,warmed-built,measured,1,3,hybrid,32768,merkle,14.61,0.1642,57433a9a11e031d63259e6264b709519f1871f0f0004688bb20082a210b6b77c,168385,1021,True,2026-10-02T08:05:23.600849+00:00,20261021,150388736,150388736,2372796416,3816,2405,5510,0,,
n10000-h256-repeated-key-o65536-s20261021,10000,256,repeated-key,20261021,65536,256,warmed-built,measured,1,4,hybrid,131072,log,14.9792,0.1444,57433a9a11e031d63259e6264b709519f1871f0f0004688bb20082a210b6b77c,168385,1021,True,2026-10-02T08:05:23.617428+00:00,20261021,150388736,150388736,2375561216,0,0,0,65536,,
n10000-h256-repeated-key-o65536-s20261021,10000,256,repeated-key,20261021,65536,256,warmed-built,measured,1,5,hybrid,16384,merkle,12.6393,0.1254,57433a9a11e031d63259e6264b709519f1871f0f0004688bb20082a210b6b77c,168385,1021,True,2026-10-02T08:05:23.633868+00:00,20261021,150388736,150446080,2375225344,3816,2405,5510,0,,
n10000-h256-repeated-key-o65536-s20261021,10000,256,repeated-key,20261021,65536,256,warmed-built,measured,1,6,merkle,0,merkle,12.2101,0.1644,57433a9a11e031d63259e6264b709519f1871f0f0004688bb20082a210b6b77c,168385,1021,True,2026-10-02T08:05:23.647891+00:00,20261021,150446080,150446080,2373820416,3816,2405,5510,0,,
n10000-h256-repeated-key-o65536-s20261021,10000,256,repeated-key,20261021,65536,256,warmed-built,measured,1,7,log,0,log,14.4976,0.1626,57433a9a11e031d63259e6264b709519f1871f0f0004688bb20082a210b6b77c,168385,1021,True,2026-10-02T08:05:23.661927+00:00,20261021,150446080,150446080,2372222976,0,0,0,65536,,
n10000-h256-repeated-key-o65536-s20261021,10000,256,repeated-key,20261021,65536,256,warmed-built,measured,2,1,hybrid,131072,log,14.3667,0.1922,57433a9a11e031d63259e6264b709519f1871f0f0004688bb20082a210b6b77c,168385,1021,True,2026-10-02T08:05:23.678291+00:00,20261021,150446080,150446080,2370998272,0,0,0,65536,,
n10000-h256-repeated-key-o65536-s20261021,10000,256,repeated-key,20261021,65536,256,warmed-built,measured,2,2,hybrid,16384,merkle,16.8026,0.2501,57433a9a11e031d63259e6264b709519f1871f0f0004688bb20082a210b6b77c,168385,1021,True,2026-10-02T08:05:23.694612+00:00,20261021,150446080,150454272,2369724416,3816,2405,5510,0,,
n10000-h256-repeated-key-o65536-s20261021,10000,256,repeated-key,20261021,65536,256,warmed-built,measured,2,3,hybrid,65536,log,13.5549,0.1481,57433a9a11e031d63259e6264b709519f1871f0f0004688bb20082a210b6b77c,168385,1021,True,2026-10-02T08:05:23.713355+00:00,20261021,150454272,150454272,2372345856,0,0,0,65536,,
n10000-h256-repeated-key-o65536-s20261021,10000,256,repeated-key,20261021,65536,256,warmed-built,measured,2,4,hybrid,4096,merkle,12.2413,0.2884,57433a9a11e031d63259e6264b709519f1871f0f0004688bb20082a210b6b77c,168385,1021,True,2026-10-02T08:05:23.728437+00:00,20261021,150458368,150458368,2372829184,3816,2405,5510,0,,
n10000-h256-repeated-key-o65536-s20261021,10000,256,repeated-key,20261021,65536,256,warmed-built,measured,2,5,hybrid,32768,merkle,16.0549,0.1474,57433a9a11e031d63259e6264b709519f1871f0f0004688bb20082a210b6b77c,168385,1021,True,2026-10-02T08:05:23.742936+00:00,20261021,150458368,150532096,2370981888,3816,2405,5510,0,,
n10000-h256-repeated-key-o65536-s20261021,10000,256,repeated-key,20261021,65536,256,warmed-built,measured,2,6,merkle,0,merkle,13.7188,0.2151,57433a9a11e031d63259e6264b709519f1871f0f0004688bb20082a210b6b77c,168385,1021,True,2026-10-02T08:05:23.760580+00:00,20261021,150532096,150540288,2369830912,3816,2405,5510,0,,
n10000-h256-repeated-key-o65536-s20261021,10000,256,repeated-key,20261021,65536,256,warmed-built,measured,2,7,log,0,log,13.6072,0.1892,57433a9a11e031d63259e6264b709519f1871f0f0004688bb20082a210b6b77c,168385,1021,True,2026-10-02T08:05:23.776163+00:00,20261021,150540288,150540288,2369122304,0,0,0,65536,,
n10000-h256-repeated-key-o65536-s20261021,10000,256,repeated-key,20261021,65536,256,warmed-built,measured,3,1,hybrid,65536,log,14.3931,0.183,57433a9a11e031d63259e6264b709519f1871f0f0004688bb20082a210b6b77c,168385,1021,True,2026-10-02T08:05:23.791844+00:00,20261021,150540288,150540288,2368622592,0,0,0,65536,,
n10000-h256-repeated-key-o65536-s20261021,10000,256,repeated-key,20261021,65536,256,warmed-built,measured,3,2,hybrid,32768,merkle,11.9264,0.1606,57433a9a11e031d63259e6264b709519f1871f0f0004688bb20082a210b6b77c,168385,1021,True,2026-10-02T08:05:23.808091+00:00,20261021,150540288,150540288,2373156864,3816,2405,5510,0,,
n10000-h256-repeated-key-o65536-s20261021,10000,256,repeated-key,20261021,65536,256,warmed-built,measured,3,3,hybrid,4096,merkle,11.8958,0.1209,57433a9a11e031d63259e6264b709519f1871f0f0004688bb20082a210b6b77c,168385,1021,True,2026-10-02T08:05:23.821624+00:00,20261021,150540288,150614016,2371870720,3816,2405,5510,0,,
n10000-h256-repeated-key-o65536-s20261021,10000,256,repeated-key,20261021,65536,256,warmed-built,measured,3,4,hybrid,16384,merkle,12.3595,0.1592,57433a9a11e031d63259e6264b709519f1871f0f0004688bb20082a210b6b77c,168385,1021,True,2026-10-02T08:05:23.834872+00:00,20261021,150614016,150622208,2368962560,3816,2405,5510,0,,
n10000-h256-repeated-key-o65536-s20261021,10000,256,repeated-key,20261021,65536,256,warmed-built,measured,3,5,log,0,log,14.9637,0.1826,57433a9a11e031d63259e6264b709519f1871f0f0004688bb20082a210b6b77c,168385,1021,True,2026-10-02T08:05:23.848846+00:00,20261021,150622208,150622208,2367451136,0,0,0,65536,,
n10000-h256-repeated-key-o65536-s20261021,10000,256,repeated-key,20261021,65536,256,warmed-built,measured,3,6,merkle,0,merkle,12.8185,0.2082,57433a9a11e031d63259e6264b709519f1871f0f0004688bb20082a210b6b77c,168385,1021,True,2026-10-02T08:05:23.865604+00:00,20261021,150622208,150622208,2367496192,3816,2405,5510,0,,
n10000-h256-repeated-key-o65536-s20261021,10000,256,repeated-key,20261021,65536,256,warmed-built,measured,3,7,hybrid,131072,log,13.5434,0.1678,57433a9a11e031d63259e6264b709519f1871f0f0004688bb20082a210b6b77c,168385,1021,True,2026-10-02T08:05:23.880148+00:00,20261021,150622208,150622208,2368380928,0,0,0,65536,,
n10000-h256-repeated-key-o65536-s20261021,10000,256,repeated-key,20261021,65536,256,warmed-built,measured,4,1,hybrid,131072,log,13.6026,0.1249,57433a9a11e031d63259e6264b709519f1871f0f0004688bb20082a210b6b77c,168385,1021,True,2026-10-02T08:05:23.895466+00:00,20261021,150622208,150622208,2370678784,0,0,0,65536,,
n10000-h256-repeated-key-o65536-s20261021,10000,256,repeated-key,20261021,65536,256,warmed-built,measured,4,2,merkle,0,merkle,11.7713,0.1252,57433a9a11e031d63259e6264b709519f1871f0f0004688bb20082a210b6b77c,168385,1021,True,2026-10-02T08:05:23.910439+00:00,20261021,150622208,150663168,2371108864,3816,2405,5510,0,,
n10000-h256-repeated-key-o65536-s20261021,10000,256,repeated-key,20261021,65536,256,warmed-built,measured,4,3,hybrid,32768,merkle,16.0236,0.2249,57433a9a11e031d63259e6264b709519f1871f0f0004688bb20082a210b6b77c,168385,1021,True,2026-10-02T08:05:23.923521+00:00,20261021,150663168,150671360,2371620864,3816,2405,5510,0,,
n10000-h256-repeated-key-o65536-s20261021,10000,256,repeated-key,20261021,65536,256,warmed-built,measured,4,4,hybrid,16384,merkle,15.4314,0.2017,57433a9a11e031d63259e6264b709519f1871f0f0004688bb20082a210b6b77c,168385,1021,True,2026-10-02T08:05:23.941520+00:00,20261021,150675456,150675456,2378391552,3816,2405,5510,0,,
n10000-h256-repeated-key-o65536-s20261021,10000,256,repeated-key,20261021,65536,256,warmed-built,measured,4,5,log,0,log,15.081,0.1829,57433a9a11e031d63259e6264b709519f1871f0f0004688bb20082a210b6b77c,168385,1021,True,2026-10-02T08:05:23.958812+00:00,20261021,150675456,150675456,2374615040,0,0,0,65536,,
n10000-h256-repeated-key-o65536-s20261021,10000,256,repeated-key,20261021,65536,256,warmed-built,measured,4,6,hybrid,65536,log,18.3982,0.4041,57433a9a11e031d63259e6264b709519f1871f0f0004688bb20082a210b6b77c,168385,1021,True,2026-10-02T08:05:23.975974+00:00,20261021,150675456,150675456,2363006976,0,0,0,65536,,
n10000-h256-repeated-key-o65536-s20261021,10000,256,repeated-key,20261021,65536,256,warmed-built,measured,4,7,hybrid,4096,merkle,13.8839,0.1519,57433a9a11e031d63259e6264b709519f1871f0f0004688bb20082a210b6b77c,168385,1021,True,2026-10-02T08:05:23.997128+00:00,20261021,150675456,150695936,2364878848,3816,2405,5510,0,,
n10000-h256-repeated-key-o65536-s20261021,10000,256,repeated-key,20261021,65536,256,warmed-built,measured,5,1,hybrid,32768,merkle,12.816,0.1756,57433a9a11e031d63259e6264b709519f1871f0f0004688bb20082a210b6b77c,168385,1021,True,2026-10-02T08:05:24.012571+00:00,20261021,150695936,150695936,2364841984,3816,2405,5510,0,,
n10000-h256-repeated-key-o65536-s20261021,10000,256,repeated-key,20261021,65536,256,warmed-built,measured,5,2,hybrid,65536,log,15.1704,0.1976,57433a9a11e031d63259e6264b709519f1871f0f0004688bb20082a210b6b77c,168385,1021,True,2026-10-02T08:05:24.026633+00:00,20261021,150695936,150695936,2363129856,0,0,0,65536,,
n10000-h256-repeated-key-o65536-s20261021,10000,256,repeated-key,20261021,65536,256,warmed-built,measured,5,3,log,0,log,18.2275,0.1777,57433a9a11e031d63259e6264b709519f1871f0f0004688bb20082a210b6b77c,168385,1021,True,2026-10-02T08:05:24.044131+00:00,20261021,150695936,150695936,2364928000,0,0,0,65536,,
n10000-h256-repeated-key-o65536-s20261021,10000,256,repeated-key,20261021,65536,256,warmed-built,measured,5,4,hybrid,4096,merkle,14.2986,0.181,57433a9a11e031d63259e6264b709519f1871f0f0004688bb20082a210b6b77c,168385,1021,True,2026-10-02T08:05:24.063974+00:00,20261021,150695936,150695936,2369097728,3816,2405,5510,0,,
n10000-h256-repeated-key-o65536-s20261021,10000,256,repeated-key,20261021,65536,256,warmed-built,measured,5,5,merkle,0,merkle,13.9624,0.1448,57433a9a11e031d63259e6264b709519f1871f0f0004688bb20082a210b6b77c,168385,1021,True,2026-10-02T08:05:24.080131+00:00,20261021,150695936,150863872,2369175552,3816,2405,5510,0,,
n10000-h256-repeated-key-o65536-s20261021,10000,256,repeated-key,20261021,65536,256,warmed-built,measured,5,6,hybrid,16384,merkle,12.7886,0.1428,57433a9a11e031d63259e6264b709519f1871f0f0004688bb20082a210b6b77c,168385,1021,True,2026-10-02T08:05:24.095432+00:00,20261021,150863872,150863872,2369908736,3816,2405,5510,0,,
n10000-h256-repeated-key-o65536-s20261021,10000,256,repeated-key,20261021,65536,256,warmed-built,measured,5,7,hybrid,131072,log,15.8166,0.2684,57433a9a11e031d63259e6264b709519f1871f0f0004688bb20082a210b6b77c,168385,1021,True,2026-10-02T08:05:24.109594+00:00,20261021,150863872,150863872,2368323584,0,0,0,65536,,
n10000-h256-repeated-key-o65536-s20261021,10000,256,repeated-key,20261021,65536,256,fresh-process-reopened,measured,1,1,hybrid,4096,merkle,14.6689,0.1653,57433a9a11e031d63259e6264b709519f1871f0f0004688bb20082a210b6b77c,168385,1021,True,2026-10-02T08:05:35.022873+00:00,20261022,274571264,275419136,2139820032,3816,2405,5510,0,4866.175799979828,4880.844699979828
n10000-h256-repeated-key-o65536-s20261021,10000,256,repeated-key,20261021,65536,256,fresh-process-reopened,measured,1,2,hybrid,32768,merkle,15.4951,0.155,57433a9a11e031d63259e6264b709519f1871f0f0004688bb20082a210b6b77c,168385,1021,True,2026-10-02T08:05:39.889143+00:00,20261022,275058688,275849216,2401402880,3816,2405,5510,0,3957.246100064367,3972.741200064367
n10000-h256-repeated-key-o65536-s20261021,10000,256,repeated-key,20261021,65536,256,fresh-process-reopened,measured,1,3,merkle,0,merkle,14.6013,0.1707,57433a9a11e031d63259e6264b709519f1871f0f0004688bb20082a210b6b77c,168385,1021,True,2026-10-02T08:05:44.187656+00:00,20261022,275243008,275079168,2429796352,3816,2405,5510,0,3588.0803000181913,3602.681600018191
n10000-h256-repeated-key-o65536-s20261021,10000,256,repeated-key,20261021,65536,256,fresh-process-reopened,measured,1,4,log,0,log,19.0998,0.1608,57433a9a11e031d63259e6264b709519f1871f0f0004688bb20082a210b6b77c,168385,1021,True,2026-10-02T08:05:48.683687+00:00,20261022,275124224,275353600,2273345536,0,0,0,65536,3858.1202999921516,3877.2200999921515
n10000-h256-repeated-key-o65536-s20261021,10000,256,repeated-key,20261021,65536,256,fresh-process-reopened,measured,1,5,hybrid,131072,log,20.653,0.2028,57433a9a11e031d63259e6264b709519f1871f0f0004688bb20082a210b6b77c,168385,1021,True,2026-10-02T08:05:53.260511+00:00,20261022,274223104,275222528,2194391040,0,0,0,65536,3849.1738999728113,3869.826899972811
n10000-h256-repeated-key-o65536-s20261021,10000,256,repeated-key,20261021,65536,256,fresh-process-reopened,measured,1,6,hybrid,16384,merkle,13.1967,0.1691,57433a9a11e031d63259e6264b709519f1871f0f0004688bb20082a210b6b77c,168385,1021,True,2026-10-02T08:05:57.259674+00:00,20261022,274202624,275161088,2332413952,3816,2405,5510,0,3242.789600044489,3255.986300044489
n10000-h256-repeated-key-o65536-s20261021,10000,256,repeated-key,20261021,65536,256,fresh-process-reopened,measured,1,7,hybrid,65536,log,17.2207,0.1355,57433a9a11e031d63259e6264b709519f1871f0f0004688bb20082a210b6b77c,168385,1021,True,2026-10-02T08:06:01.098659+00:00,20261022,275316736,275861504,2337103872,0,0,0,65536,3122.896100045182,3140.1168000451817
n10000-h256-repeated-key-o65536-s20261021,10000,256,repeated-key,20261021,65536,256,fresh-process-reopened,measured,2,1,hybrid,65536,log,16.9801,0.1035,57433a9a11e031d63259e6264b709519f1871f0f0004688bb20082a210b6b77c,168385,1021,True,2026-10-02T08:06:04.914848+00:00,20261023,274472960,275443712,2345234432,0,0,0,65536,3154.745100066066,3171.725200066066
n10000-h256-repeated-key-o65536-s20261021,10000,256,repeated-key,20261021,65536,256,fresh-process-reopened,measured,2,2,log,0,log,17.4579,0.1316,57433a9a11e031d63259e6264b709519f1871f0f0004688bb20082a210b6b77c,168385,1021,True,2026-10-02T08:06:08.900802+00:00,20261023,275161088,275824640,2343469056,0,0,0,65536,3259.4091999344528,3276.8670999344527
n10000-h256-repeated-key-o65536-s20261021,10000,256,repeated-key,20261021,65536,256,fresh-process-reopened,measured,2,3,hybrid,4096,merkle,14.7028,0.1554,57433a9a11e031d63259e6264b709519f1871f0f0004688bb20082a210b6b77c,168385,1021,True,2026-10-02T08:06:12.813622+00:00,20261023,275668992,276099072,2339221504,3816,2405,5510,0,3187.540900078602,3202.243700078602
n10000-h256-repeated-key-o65536-s20261021,10000,256,repeated-key,20261021,65536,256,fresh-process-reopened,measured,2,4,hybrid,131072,log,15.968,0.1263,57433a9a11e031d63259e6264b709519f1871f0f0004688bb20082a210b6b77c,168385,1021,True,2026-10-02T08:06:16.711371+00:00,20261023,275107840,275746816,2344366080,0,0,0,65536,3205.532999942079,3221.500999942079
n10000-h256-repeated-key-o65536-s20261021,10000,256,repeated-key,20261021,65536,256,fresh-process-reopened,measured,2,5,hybrid,32768,merkle,14.879,0.1537,57433a9a11e031d63259e6264b709519f1871f0f0004688bb20082a210b6b77c,168385,1021,True,2026-10-02T08:06:20.498744+00:00,20261023,274563072,275501056,2357751808,3816,2405,5510,0,3127.8377999551594,3142.7167999551593
n10000-h256-repeated-key-o65536-s20261021,10000,256,repeated-key,20261021,65536,256,fresh-process-reopened,measured,2,6,hybrid,16384,merkle,14.4944,0.1571,57433a9a11e031d63259e6264b709519f1871f0f0004688bb20082a210b6b77c,168385,1021,True,2026-10-02T08:06:24.279793+00:00,20261023,274804736,275558400,2506760192,3816,2405,5510,0,3121.882400009781,3136.376800009781
n10000-h256-repeated-key-o65536-s20261021,10000,256,repeated-key,20261021,65536,256,fresh-process-reopened,measured,2,7,merkle,0,merkle,14.5766,0.1656,57433a9a11e031d63259e6264b709519f1871f0f0004688bb20082a210b6b77c,168385,1021,True,2026-10-02T08:06:28.254332+00:00,20261023,274108416,275124224,2509713408,3816,2405,5510,0,3311.50430010166,3326.08090010166
n10000-h256-repeated-key-o65536-s20261021,10000,256,repeated-key,20261021,65536,256,fresh-process-reopened,measured,3,1,merkle,0,merkle,10.0387,0.1422,57433a9a11e031d63259e6264b709519f1871f0f0004688bb20082a210b6b77c,168385,1021,True,2026-10-02T08:06:32.158706+00:00,20261024,275099648,275476480,2507657216,3816,2405,5510,0,3176.5747000463307,3186.6134000463308
n10000-h256-repeated-key-o65536-s20261021,10000,256,repeated-key,20261021,65536,256,fresh-process-reopened,measured,3,2,log,0,log,17.4661,0.1258,57433a9a11e031d63259e6264b709519f1871f0f0004688bb20082a210b6b77c,168385,1021,True,2026-10-02T08:06:35.998830+00:00,20261024,274591744,275353600,2512150528,0,0,0,65536,3130.3318000864238,3147.797900086424
n10000-h256-repeated-key-o65536-s20261021,10000,256,repeated-key,20261021,65536,256,fresh-process-reopened,measured,3,3,hybrid,4096,merkle,14.8304,0.1498,57433a9a11e031d63259e6264b709519f1871f0f0004688bb20082a210b6b77c,168385,1021,True,2026-10-02T08:06:39.651714+00:00,20261024,274481152,275546112,2513629184,3816,2405,5510,0,3021.071699913591,3035.902099913591
n10000-h256-repeated-key-o65536-s20261021,10000,256,repeated-key,20261021,65536,256,fresh-process-reopened,measured,3,4,hybrid,131072,log,17.8148,0.1338,57433a9a11e031d63259e6264b709519f1871f0f0004688bb20082a210b6b77c,168385,1021,True,2026-10-02T08:06:44.271562+00:00,20261024,275275776,275484672,2385309696,0,0,0,65536,3873.671199893579,3891.485999893579
n10000-h256-repeated-key-o65536-s20261021,10000,256,repeated-key,20261021,65536,256,fresh-process-reopened,measured,3,5,hybrid,16384,merkle,14.7341,0.1651,57433a9a11e031d63259e6264b709519f1871f0f0004688bb20082a210b6b77c,168385,1021,True,2026-10-02T08:06:48.029580+00:00,20261024,275079168,275968000,2393313280,3816,2405,5510,0,3039.525800035335,3054.2599000353352
n10000-h256-repeated-key-o65536-s20261021,10000,256,repeated-key,20261021,65536,256,fresh-process-reopened,measured,3,6,hybrid,65536,log,20.9332,0.153,57433a9a11e031d63259e6264b709519f1871f0f0004688bb20082a210b6b77c,168385,1021,True,2026-10-02T08:06:52.173051+00:00,20261024,274464768,275132416,2181693440,0,0,0,65536,3412.0153000112623,3432.9485000112622
n10000-h256-repeated-key-o65536-s20261021,10000,256,repeated-key,20261021,65536,256,fresh-process-reopened,measured,3,7,hybrid,32768,merkle,15.9516,0.17,57433a9a11e031d63259e6264b709519f1871f0f0004688bb20082a210b6b77c,168385,1021,True,2026-10-02T08:06:56.543826+00:00,20261024,275447808,275795968,2236678144,3816,2405,5510,0,3714.032599935308,3729.984199935308
n10000-h256-repeated-key-o65536-s20261022,10000,256,repeated-key,20261022,65536,256,warmed-built,warmup,1,1,hybrid,4096,merkle,57.6514,0.1754,9fbf16db0fa7e4478c994f8ba08fafece1a29e1f193e96be3e603ed41736c8e6,168385,1021,True,2026-10-02T08:07:45.347513+00:00,20261022,149639168,149676032,2450763776,3816,2405,5514,0,,
n10000-h256-repeated-key-o65536-s20261022,10000,256,repeated-key,20261022,65536,256,warmed-built,warmup,1,2,hybrid,65536,log,21.1415,0.1391,9fbf16db0fa7e4478c994f8ba08fafece1a29e1f193e96be3e603ed41736c8e6,168385,1021,True,2026-10-02T08:07:45.408215+00:00,20261022,149680128,149716992,2452467712,0,0,0,65536,,
n10000-h256-repeated-key-o65536-s20261022,10000,256,repeated-key,20261022,65536,256,warmed-built,warmup,1,3,log,0,log,13.4833,0.1563,9fbf16db0fa7e4478c994f8ba08fafece1a29e1f193e96be3e603ed41736c8e6,168385,1021,True,2026-10-02T08:07:45.430827+00:00,20261022,149721088,149733376,2452590592,0,0,0,65536,,
n10000-h256-repeated-key-o65536-s20261022,10000,256,repeated-key,20261022,65536,256,warmed-built,warmup,1,4,hybrid,131072,log,15.8629,0.2575,9fbf16db0fa7e4478c994f8ba08fafece1a29e1f193e96be3e603ed41736c8e6,168385,1021,True,2026-10-02T08:07:45.445689+00:00,20261022,149733376,149733376,2451267584,0,0,0,65536,,
n10000-h256-repeated-key-o65536-s20261022,10000,256,repeated-key,20261022,65536,256,warmed-built,warmup,1,5,hybrid,16384,merkle,16.4713,0.1954,9fbf16db0fa7e4478c994f8ba08fafece1a29e1f193e96be3e603ed41736c8e6,168385,1021,True,2026-10-02T08:07:45.463685+00:00,20261022,149733376,149741568,2450472960,3816,2405,5514,0,,
n10000-h256-repeated-key-o65536-s20261022,10000,256,repeated-key,20261022,65536,256,warmed-built,warmup,1,6,hybrid,32768,merkle,13.0951,0.1459,9fbf16db0fa7e4478c994f8ba08fafece1a29e1f193e96be3e603ed41736c8e6,168385,1021,True,2026-10-02T08:07:45.482191+00:00,20261022,149741568,149823488,2450051072,3816,2405,5514,0,,
n10000-h256-repeated-key-o65536-s20261022,10000,256,repeated-key,20261022,65536,256,warmed-built,warmup,1,7,merkle,0,merkle,16.3487,0.1197,9fbf16db0fa7e4478c994f8ba08fafece1a29e1f193e96be3e603ed41736c8e6,168385,1021,True,2026-10-02T08:07:45.497124+00:00,20261022,149823488,149856256,2448691200,3816,2405,5514,0,,
n10000-h256-repeated-key-o65536-s20261022,10000,256,repeated-key,20261022,65536,256,warmed-built,warmup,2,1,hybrid,65536,log,17.4344,0.1716,9fbf16db0fa7e4478c994f8ba08fafece1a29e1f193e96be3e603ed41736c8e6,168385,1021,True,2026-10-02T08:07:45.515168+00:00,20261022,149856256,149880832,2437947392,0,0,0,65536,,
n10000-h256-repeated-key-o65536-s20261022,10000,256,repeated-key,20261022,65536,256,warmed-built,warmup,2,2,hybrid,32768,merkle,17.9284,0.2603,9fbf16db0fa7e4478c994f8ba08fafece1a29e1f193e96be3e603ed41736c8e6,168385,1021,True,2026-10-02T08:07:45.534737+00:00,20261022,149880832,149884928,2435407872,3816,2405,5514,0,,
n10000-h256-repeated-key-o65536-s20261022,10000,256,repeated-key,20261022,65536,256,warmed-built,warmup,2,3,hybrid,4096,merkle,14.8845,0.1361,9fbf16db0fa7e4478c994f8ba08fafece1a29e1f193e96be3e603ed41736c8e6,168385,1021,True,2026-10-02T08:07:45.554699+00:00,20261022,149889024,150106112,2437189632,3816,2405,5514,0,,
n10000-h256-repeated-key-o65536-s20261022,10000,256,repeated-key,20261022,65536,256,warmed-built,warmup,2,4,hybrid,131072,log,14.7548,0.1926,9fbf16db0fa7e4478c994f8ba08fafece1a29e1f193e96be3e603ed41736c8e6,168385,1021,True,2026-10-02T08:07:45.571078+00:00,20261022,150106112,150114304,2436313088,0,0,0,65536,,
n10000-h256-repeated-key-o65536-s20261022,10000,256,repeated-key,20261022,65536,256,warmed-built,warmup,2,5,log,0,log,14.7303,0.2245,9fbf16db0fa7e4478c994f8ba08fafece1a29e1f193e96be3e603ed41736c8e6,168385,1021,True,2026-10-02T08:07:45.587930+00:00,20261022,150114304,150126592,2445496320,0,0,0,65536,,
n10000-h256-repeated-key-o65536-s20261022,10000,256,repeated-key,20261022,65536,256,warmed-built,warmup,2,6,merkle,0,merkle,17.3301,0.1376,9fbf16db0fa7e4478c994f8ba08fafece1a29e1f193e96be3e603ed41736c8e6,168385,1021,True,2026-10-02T08:07:45.604601+00:00,20261022,150126592,150126592,2438582272,3816,2405,5514,0,,
n10000-h256-repeated-key-o65536-s20261022,10000,256,repeated-key,20261022,65536,256,warmed-built,warmup,2,7,hybrid,16384,merkle,18.226,0.1832,9fbf16db0fa7e4478c994f8ba08fafece1a29e1f193e96be3e603ed41736c8e6,168385,1021,True,2026-10-02T08:07:45.623514+00:00,20261022,150126592,150179840,2439766016,3816,2405,5514,0,,
n10000-h256-repeated-key-o65536-s20261022,10000,256,repeated-key,20261022,65536,256,warmed-built,measured,1,1,hybrid,4096,merkle,16.3068,0.2002,9fbf16db0fa7e4478c994f8ba08fafece1a29e1f193e96be3e603ed41736c8e6,168385,1021,True,2026-10-02T08:07:45.643861+00:00,20261022,150179840,150179840,2441596928,3816,2405,5514,0,,
n10000-h256-repeated-key-o65536-s20261022,10000,256,repeated-key,20261022,65536,256,warmed-built,measured,1,2,hybrid,65536,log,20.4445,0.1836,9fbf16db0fa7e4478c994f8ba08fafece1a29e1f193e96be3e603ed41736c8e6,168385,1021,True,2026-10-02T08:07:45.662224+00:00,20261022,150179840,150183936,2434772992,0,0,0,65536,,
n10000-h256-repeated-key-o65536-s20261022,10000,256,repeated-key,20261022,65536,256,warmed-built,measured,1,3,log,0,log,16.0906,0.165,9fbf16db0fa7e4478c994f8ba08fafece1a29e1f193e96be3e603ed41736c8e6,168385,1021,True,2026-10-02T08:07:45.684705+00:00,20261022,150183936,150183936,2441740288,0,0,0,65536,,
n10000-h256-repeated-key-o65536-s20261022,10000,256,repeated-key,20261022,65536,256,warmed-built,measured,1,4,merkle,0,merkle,12.862,0.1838,9fbf16db0fa7e4478c994f8ba08fafece1a29e1f193e96be3e603ed41736c8e6,168385,1021,True,2026-10-02T08:07:45.702545+00:00,20261022,150183936,150245376,2443005952,3816,2405,5514,0,,
n10000-h256-repeated-key-o65536-s20261022,10000,256,repeated-key,20261022,65536,256,warmed-built,measured,1,5,hybrid,16384,merkle,13.5114,0.1961,9fbf16db0fa7e4478c994f8ba08fafece1a29e1f193e96be3e603ed41736c8e6,168385,1021,True,2026-10-02T08:07:45.717152+00:00,20261022,150245376,150245376,2442502144,3816,2405,5514,0,,
n10000-h256-repeated-key-o65536-s20261022,10000,256,repeated-key,20261022,65536,256,warmed-built,measured,1,6,hybrid,32768,merkle,16.6745,0.2567,9fbf16db0fa7e4478c994f8ba08fafece1a29e1f193e96be3e603ed41736c8e6,168385,1021,True,2026-10-02T08:07:45.732249+00:00,20261022,150245376,150306816,2441523200,3816,2405,5514,0,,
n10000-h256-repeated-key-o65536-s20261022,10000,256,repeated-key,20261022,65536,256,warmed-built,measured,1,7,hybrid,131072,log,17.8348,0.1194,9fbf16db0fa7e4478c994f8ba08fafece1a29e1f193e96be3e603ed41736c8e6,168385,1021,True,2026-10-02T08:07:45.751382+00:00,20261022,150306816,150310912,2444439552,0,0,0,65536,,
n10000-h256-repeated-key-o65536-s20261022,10000,256,repeated-key,20261022,65536,256,warmed-built,measured,2,1,merkle,0,merkle,14.709,0.1524,9fbf16db0fa7e4478c994f8ba08fafece1a29e1f193e96be3e603ed41736c8e6,168385,1021,True,2026-10-02T08:07:45.770690+00:00,20261022,150310912,150310912,2443993088,3816,2405,5514,0,,
n10000-h256-repeated-key-o65536-s20261022,10000,256,repeated-key,20261022,65536,256,warmed-built,measured,2,2,hybrid,65536,log,20.9857,0.2278,9fbf16db0fa7e4478c994f8ba08fafece1a29e1f193e96be3e603ed41736c8e6,168385,1021,True,2026-10-02T08:07:45.787036+00:00,20261022,150315008,150323200,2449666048,0,0,0,65536,,
n10000-h256-repeated-key-o65536-s20261022,10000,256,repeated-key,20261022,65536,256,warmed-built,measured,2,3,hybrid,16384,merkle,16.8197,0.3379,9fbf16db0fa7e4478c994f8ba08fafece1a29e1f193e96be3e603ed41736c8e6,168385,1021,True,2026-10-02T08:07:45.809940+00:00,20261022,150323200,150339584,2449571840,3816,2405,5514,0,,
n10000-h256-repeated-key-o65536-s20261022,10000,256,repeated-key,20261022,65536,256,warmed-built,measured,2,4,log,0,log,16.7398,0.1432,9fbf16db0fa7e4478c994f8ba08fafece1a29e1f193e96be3e603ed41736c8e6,168385,1021,True,2026-10-02T08:07:45.829490+00:00,20261022,150339584,150343680,2446880768,0,0,0,65536,,
n10000-h256-repeated-key-o65536-s20261022,10000,256,repeated-key,20261022,65536,256,warmed-built,measured,2,5,hybrid,32768,merkle,14.643,0.2399,9fbf16db0fa7e4478c994f8ba08fafece1a29e1f193e96be3e603ed41736c8e6,168385,1021,True,2026-10-02T08:07:45.847806+00:00,20261022,150343680,150343680,2441650176,3816,2405,5514,0,,
n10000-h256-repeated-key-o65536-s20261022,10000,256,repeated-key,20261022,65536,256,warmed-built,measured,2,6,hybrid,131072,log,16.8865,0.2521,9fbf16db0fa7e4478c994f8ba08fafece1a29e1f193e96be3e603ed41736c8e6,168385,1021,True,2026-10-02T08:07:45.864753+00:00,20261022,150343680,150343680,2441318400,0,0,0,65536,,
n10000-h256-repeated-key-o65536-s20261022,10000,256,repeated-key,20261022,65536,256,warmed-built,measured,2,7,hybrid,4096,merkle,14.989,0.1454,9fbf16db0fa7e4478c994f8ba08fafece1a29e1f193e96be3e603ed41736c8e6,168385,1021,True,2026-10-02T08:07:45.884008+00:00,20261022,150343680,150409216,2441261056,3816,2405,5514,0,,
n10000-h256-repeated-key-o65536-s20261022,10000,256,repeated-key,20261022,65536,256,warmed-built,measured,3,1,hybrid,32768,merkle,11.6883,0.1229,9fbf16db0fa7e4478c994f8ba08fafece1a29e1f193e96be3e603ed41736c8e6,168385,1021,True,2026-10-02T08:07:45.900824+00:00,20261022,150409216,150409216,2442883072,3816,2405,5514,0,,
n10000-h256-repeated-key-o65536-s20261022,10000,256,repeated-key,20261022,65536,256,warmed-built,measured,3,2,merkle,0,merkle,12.9922,0.1513,9fbf16db0fa7e4478c994f8ba08fafece1a29e1f193e96be3e603ed41736c8e6,168385,1021,True,2026-10-02T08:07:45.913918+00:00,20261022,150409216,150478848,2440282112,3816,2405,5514,0,,
n10000-h256-repeated-key-o65536-s20261022,10000,256,repeated-key,20261022,65536,256,warmed-built,measured,3,3,hybrid,65536,log,15.6781,0.1883,9fbf16db0fa7e4478c994f8ba08fafece1a29e1f193e96be3e603ed41736c8e6,168385,1021,True,2026-10-02T08:07:45.928575+00:00,20261022,150478848,150478848,2441547776,0,0,0,65536,,
n10000-h256-repeated-key-o65536-s20261022,10000,256,repeated-key,20261022,65536,256,warmed-built,measured,3,4,hybrid,16384,merkle,16.66,0.1605,9fbf16db0fa7e4478c994f8ba08fafece1a29e1f193e96be3e603ed41736c8e6,168385,1021,True,2026-10-02T08:07:45.946083+00:00,20261022,150478848,150478848,2441519104,3816,2405,5514,0,,
n10000-h256-repeated-key-o65536-s20261022,10000,256,repeated-key,20261022,65536,256,warmed-built,measured,3,5,hybrid,131072,log,16.6378,0.1596,9fbf16db0fa7e4478c994f8ba08fafece1a29e1f193e96be3e603ed41736c8e6,168385,1021,True,2026-10-02T08:07:45.964557+00:00,20261022,150478848,150478848,2444615680,0,0,0,65536,,
n10000-h256-repeated-key-o65536-s20261022,10000,256,repeated-key,20261022,65536,256,warmed-built,measured,3,6,log,0,log,13.6366,0.3019,9fbf16db0fa7e4478c994f8ba08fafece1a29e1f193e96be3e603ed41736c8e6,168385,1021,True,2026-10-02T08:07:45.982699+00:00,20261022,150478848,150478848,2443915264,0,0,0,65536,,
n10000-h256-repeated-key-o65536-s20261022,10000,256,repeated-key,20261022,65536,256,warmed-built,measured,3,7,hybrid,4096,merkle,16.4891,0.3266,9fbf16db0fa7e4478c994f8ba08fafece1a29e1f193e96be3e603ed41736c8e6,168385,1021,True,2026-10-02T08:07:45.998385+00:00,20261022,150478848,150552576,2441629696,3816,2405,5514,0,,
n10000-h256-repeated-key-o65536-s20261022,10000,256,repeated-key,20261022,65536,256,warmed-built,measured,4,1,hybrid,4096,merkle,15.9419,0.1482,9fbf16db0fa7e4478c994f8ba08fafece1a29e1f193e96be3e603ed41736c8e6,168385,1021,True,2026-10-02T08:07:46.017496+00:00,20261022,150552576,150552576,2443665408,3816,2405,5514,0,,
n10000-h256-repeated-key-o65536-s20261022,10000,256,repeated-key,20261022,65536,256,warmed-built,measured,4,2,log,0,log,18.1586,0.1663,9fbf16db0fa7e4478c994f8ba08fafece1a29e1f193e96be3e603ed41736c8e6,168385,1021,True,2026-10-02T08:07:46.034995+00:00,20261022,150552576,150552576,2447556608,0,0,0,65536,,
n10000-h256-repeated-key-o65536-s20261022,10000,256,repeated-key,20261022,65536,256,warmed-built,measured,4,3,hybrid,65536,log,15.9826,0.3401,9fbf16db0fa7e4478c994f8ba08fafece1a29e1f193e96be3e603ed41736c8e6,168385,1021,True,2026-10-02T08:07:46.054748+00:00,20261022,150552576,150552576,2442973184,0,0,0,65536,,
n10000-h256-repeated-key-o65536-s20261022,10000,256,repeated-key,20261022,65536,256,warmed-built,measured,4,4,merkle,0,merkle,16.1851,0.1782,9fbf16db0fa7e4478c994f8ba08fafece1a29e1f193e96be3e603ed41736c8e6,168385,1021,True,2026-10-02T08:07:46.072935+00:00,20261022,150552576,150577152,2441351168,3816,2405,5514,0,,
n10000-h256-repeated-key-o65536-s20261022,10000,256,repeated-key,20261022,65536,256,warmed-built,measured,4,5,hybrid,131072,log,17.4495,0.18,9fbf16db0fa7e4478c994f8ba08fafece1a29e1f193e96be3e603ed41736c8e6,168385,1021,True,2026-10-02T08:07:46.091153+00:00,20261022,150577152,150577152,2441375744,0,0,0,65536,,
n10000-h256-repeated-key-o65536-s20261022,10000,256,repeated-key,20261022,65536,256,warmed-built,measured,4,6,hybrid,32768,merkle,11.9938,0.1398,9fbf16db0fa7e4478c994f8ba08fafece1a29e1f193e96be3e603ed41736c8e6,168385,1021,True,2026-10-02T08:07:46.110135+00:00,20261022,150577152,150577152,2442858496,3816,2405,5514,0,,
n10000-h256-repeated-key-o65536-s20261022,10000,256,repeated-key,20261022,65536,256,warmed-built,measured,4,7,hybrid,16384,merkle,14.2598,0.1758,9fbf16db0fa7e4478c994f8ba08fafece1a29e1f193e96be3e603ed41736c8e6,168385,1021,True,2026-10-02T08:07:46.123526+00:00,20261022,150577152,150745088,2441887744,3816,2405,5514,0,,
n10000-h256-repeated-key-o65536-s20261022,10000,256,repeated-key,20261022,65536,256,warmed-built,measured,5,1,hybrid,16384,merkle,13.8607,0.1557,9fbf16db0fa7e4478c994f8ba08fafece1a29e1f193e96be3e603ed41736c8e6,168385,1021,True,2026-10-02T08:07:46.139494+00:00,20261022,150745088,150761472,2438934528,3816,2405,5514,0,,
n10000-h256-repeated-key-o65536-s20261022,10000,256,repeated-key,20261022,65536,256,warmed-built,measured,5,2,hybrid,131072,log,15.4177,0.185,9fbf16db0fa7e4478c994f8ba08fafece1a29e1f193e96be3e603ed41736c8e6,168385,1021,True,2026-10-02T08:07:46.155237+00:00,20261022,150761472,150761472,2436444160,0,0,0,65536,,
n10000-h256-repeated-key-o65536-s20261022,10000,256,repeated-key,20261022,65536,256,warmed-built,measured,5,3,hybrid,32768,merkle,14.9505,0.1609,9fbf16db0fa7e4478c994f8ba08fafece1a29e1f193e96be3e603ed41736c8e6,168385,1021,True,2026-10-02T08:07:46.172978+00:00,20261022,150761472,150761472,2437480448,3816,2405,5514,0,,
n10000-h256-repeated-key-o65536-s20261022,10000,256,repeated-key,20261022,65536,256,warmed-built,measured,5,4,merkle,0,merkle,13.4438,0.2406,9fbf16db0fa7e4478c994f8ba08fafece1a29e1f193e96be3e603ed41736c8e6,168385,1021,True,2026-10-02T08:07:46.189405+00:00,20261022,150761472,150777856,2446372864,3816,2405,5514,0,,
n10000-h256-repeated-key-o65536-s20261022,10000,256,repeated-key,20261022,65536,256,warmed-built,measured,5,5,hybrid,65536,log,18.9605,0.2081,9fbf16db0fa7e4478c994f8ba08fafece1a29e1f193e96be3e603ed41736c8e6,168385,1021,True,2026-10-02T08:07:46.204613+00:00,20261022,150777856,150777856,2438795264,0,0,0,65536,,
n10000-h256-repeated-key-o65536-s20261022,10000,256,repeated-key,20261022,65536,256,warmed-built,measured,5,6,hybrid,4096,merkle,18.5155,0.1876,9fbf16db0fa7e4478c994f8ba08fafece1a29e1f193e96be3e603ed41736c8e6,168385,1021,True,2026-10-02T08:07:46.225938+00:00,20261022,150777856,150777856,2438979584,3816,2405,5514,0,,
n10000-h256-repeated-key-o65536-s20261022,10000,256,repeated-key,20261022,65536,256,warmed-built,measured,5,7,log,0,log,16.0451,0.199,9fbf16db0fa7e4478c994f8ba08fafece1a29e1f193e96be3e603ed41736c8e6,168385,1021,True,2026-10-02T08:07:46.246268+00:00,20261022,150777856,150777856,2441531392,0,0,0,65536,,
n10000-h256-repeated-key-o65536-s20261022,10000,256,repeated-key,20261022,65536,256,fresh-process-reopened,measured,1,1,hybrid,65536,log,18.262,0.11,9fbf16db0fa7e4478c994f8ba08fafece1a29e1f193e96be3e603ed41736c8e6,168385,1021,True,2026-10-02T08:07:55.956804+00:00,20261023,275992576,276848640,2269556736,0,0,0,65536,4049.4256999809295,4067.6876999809297
n10000-h256-repeated-key-o65536-s20261022,10000,256,repeated-key,20261022,65536,256,fresh-process-reopened,measured,1,2,merkle,0,merkle,14.6184,0.1618,9fbf16db0fa7e4478c994f8ba08fafece1a29e1f193e96be3e603ed41736c8e6,168385,1021,True,2026-10-02T08:07:59.986983+00:00,20261023,275976192,276463616,2282688512,3816,2405,5514,0,3314.803099958226,3329.421499958226
n10000-h256-repeated-key-o65536-s20261022,10000,256,repeated-key,20261022,65536,256,fresh-process-reopened,measured,1,3,hybrid,4096,merkle,17.5671,0.1592,9fbf16db0fa7e4478c994f8ba08fafece1a29e1f193e96be3e603ed41736c8e6,168385,1021,True,2026-10-02T08:08:04.143528+00:00,20261023,275779584,276787200,2286878720,3816,2405,5514,0,3487.0656999992207,3504.632799999221
n10000-h256-repeated-key-o65536-s20261022,10000,256,repeated-key,20261022,65536,256,fresh-process-reopened,measured,1,4,hybrid,16384,merkle,9.7343,0.1274,9fbf16db0fa7e4478c994f8ba08fafece1a29e1f193e96be3e603ed41736c8e6,168385,1021,True,2026-10-02T08:08:07.932027+00:00,20261023,275492864,276279296,2270547968,3816,2405,5514,0,3107.7858000062406,3117.5201000062407
n10000-h256-repeated-key-o65536-s20261022,10000,256,repeated-key,20261022,65536,256,fresh-process-reopened,measured,1,5,hybrid,131072,log,18.653,0.1484,9fbf16db0fa7e4478c994f8ba08fafece1a29e1f193e96be3e603ed41736c8e6,168385,1021,True,2026-10-02T08:08:11.736567+00:00,20261023,275787776,276668416,2254409728,0,0,0,65536,3145.4271998954937,3164.0801998954935
n10000-h256-repeated-key-o65536-s20261022,10000,256,repeated-key,20261022,65536,256,fresh-process-reopened,measured,1,6,log,0,log,17.6034,0.3318,9fbf16db0fa7e4478c994f8ba08fafece1a29e1f193e96be3e603ed41736c8e6,168385,1021,True,2026-10-02T08:08:15.574831+00:00,20261023,275460096,276398080,2263928832,0,0,0,65536,3104.055600007996,3121.659000007996
n10000-h256-repeated-key-o65536-s20261022,10000,256,repeated-key,20261022,65536,256,fresh-process-reopened,measured,1,7,hybrid,32768,merkle,10.001,0.1244,9fbf16db0fa7e4478c994f8ba08fafece1a29e1f193e96be3e603ed41736c8e6,168385,1021,True,2026-10-02T08:08:19.354410+00:00,20261023,275832832,276881408,2286243840,3816,2405,5514,0,3109.8399999318644,3119.8409999318646
n10000-h256-repeated-key-o65536-s20261022,10000,256,repeated-key,20261022,65536,256,fresh-process-reopened,measured,2,1,hybrid,4096,merkle,15.8735,0.174,9fbf16db0fa7e4478c994f8ba08fafece1a29e1f193e96be3e603ed41736c8e6,168385,1021,True,2026-10-02T08:08:23.147441+00:00,20261024,276025344,276914176,2288128000,3816,2405,5514,0,3148.306999937631,3164.1804999376313
n10000-h256-repeated-key-o65536-s20261022,10000,256,repeated-key,20261022,65536,256,fresh-process-reopened,measured,2,2,hybrid,32768,merkle,12.7992,0.1203,9fbf16db0fa7e4478c994f8ba08fafece1a29e1f193e96be3e603ed41736c8e6,168385,1021,True,2026-10-02T08:08:27.030251+00:00,20261024,275861504,276774912,2298945536,3816,2405,5514,0,3254.3410999933258,3267.1402999933257
n10000-h256-repeated-key-o65536-s20261022,10000,256,repeated-key,20261022,65536,256,fresh-process-reopened,measured,2,3,hybrid,16384,merkle,14.4935,0.1145,9fbf16db0fa7e4478c994f8ba08fafece1a29e1f193e96be3e603ed41736c8e6,168385,1021,True,2026-10-02T08:08:31.384416+00:00,20261024,275488768,276156416,2145980416,3816,2405,5514,0,3634.178000036627,3648.671500036627
n10000-h256-repeated-key-o65536-s20261022,10000,256,repeated-key,20261022,65536,256,fresh-process-reopened,measured,2,4,log,0,log,18.1706,0.1026,9fbf16db0fa7e4478c994f8ba08fafece1a29e1f193e96be3e603ed41736c8e6,168385,1021,True,2026-10-02T08:08:35.189901+00:00,20261024,275881984,276795392,2149126144,0,0,0,65536,3171.9733000500128,3190.1439000500127
n10000-h256-repeated-key-o65536-s20261022,10000,256,repeated-key,20261022,65536,256,fresh-process-reopened,measured,2,5,hybrid,65536,log,18.4798,0.1118,9fbf16db0fa7e4478c994f8ba08fafece1a29e1f193e96be3e603ed41736c8e6,168385,1021,True,2026-10-02T08:08:39.092411+00:00,20261024,275750912,276893696,2273800192,0,0,0,65536,3206.350599997677,3224.830399997677
n10000-h256-repeated-key-o65536-s20261022,10000,256,repeated-key,20261022,65536,256,fresh-process-reopened,measured,2,6,hybrid,131072,log,10.1015,0.0855,9fbf16db0fa7e4478c994f8ba08fafece1a29e1f193e96be3e603ed41736c8e6,168385,1021,True,2026-10-02T08:08:42.944875+00:00,20261024,275726336,276688896,2281664512,0,0,0,65536,3195.5077000893652,3205.6092000893655
n10000-h256-repeated-key-o65536-s20261022,10000,256,repeated-key,20261022,65536,256,fresh-process-reopened,measured,2,7,merkle,0,merkle,14.9914,0.1679,9fbf16db0fa7e4478c994f8ba08fafece1a29e1f193e96be3e603ed41736c8e6,168385,1021,True,2026-10-02T08:08:46.788387+00:00,20261024,275398656,276279296,2294677504,3816,2405,5514,0,3156.1047999421135,3171.0961999421133
n10000-h256-repeated-key-o65536-s20261022,10000,256,repeated-key,20261022,65536,256,fresh-process-reopened,measured,3,1,log,0,log,18.668,0.1726,9fbf16db0fa7e4478c994f8ba08fafece1a29e1f193e96be3e603ed41736c8e6,168385,1021,True,2026-10-02T08:08:50.828524+00:00,20261025,275746816,276455424,2084515840,0,0,0,65536,3408.7660000659525,3427.4340000659527
n10000-h256-repeated-key-o65536-s20261022,10000,256,repeated-key,20261022,65536,256,fresh-process-reopened,measured,3,2,merkle,0,merkle,14.8216,0.1632,9fbf16db0fa7e4478c994f8ba08fafece1a29e1f193e96be3e603ed41736c8e6,168385,1021,True,2026-10-02T08:08:55.092407+00:00,20261025,275623936,276455424,2284810240,3816,2405,5514,0,3594.5129999890924,3609.3345999890926
n10000-h256-repeated-key-o65536-s20261022,10000,256,repeated-key,20261022,65536,256,fresh-process-reopened,measured,3,3,hybrid,4096,merkle,14.9338,0.165,9fbf16db0fa7e4478c994f8ba08fafece1a29e1f193e96be3e603ed41736c8e6,168385,1021,True,2026-10-02T08:08:58.963838+00:00,20261025,275959808,276475904,2572234752,3816,2405,5514,0,3211.55489992816,3226.48869992816
n10000-h256-repeated-key-o65536-s20261022,10000,256,repeated-key,20261022,65536,256,fresh-process-reopened,measured,3,4,hybrid,131072,log,11.1501,0.1481,9fbf16db0fa7e4478c994f8ba08fafece1a29e1f193e96be3e603ed41736c8e6,168385,1021,True,2026-10-02T08:09:02.809211+00:00,20261025,275681280,276447232,2589315072,0,0,0,65536,3182.407999993302,3193.5580999933018
n10000-h256-repeated-key-o65536-s20261022,10000,256,repeated-key,20261022,65536,256,fresh-process-reopened,measured,3,5,hybrid,65536,log,17.3428,0.1415,9fbf16db0fa7e4478c994f8ba08fafece1a29e1f193e96be3e603ed41736c8e6,168385,1021,True,2026-10-02T08:09:06.798512+00:00,20261025,275402752,276652032,2582781952,0,0,0,65536,3306.467500049621,3323.8103000496208
n10000-h256-repeated-key-o65536-s20261022,10000,256,repeated-key,20261022,65536,256,fresh-process-reopened,measured,3,6,hybrid,16384,merkle,14.9828,0.1897,9fbf16db0fa7e4478c994f8ba08fafece1a29e1f193e96be3e603ed41736c8e6,168385,1021,True,2026-10-02T08:09:10.776963+00:00,20261025,276070400,276508672,2581815296,3816,2405,5514,0,3316.6522999526933,3331.6350999526935
n10000-h256-repeated-key-o65536-s20261022,10000,256,repeated-key,20261022,65536,256,fresh-process-reopened,measured,3,7,hybrid,32768,merkle,17.2098,0.1562,9fbf16db0fa7e4478c994f8ba08fafece1a29e1f193e96be3e603ed41736c8e6,168385,1021,True,2026-10-02T08:09:14.623466+00:00,20261025,275398656,276582400,2581401600,3816,2405,5514,0,3184.7684999229386,3201.9782999229387
n10000-h256-repeated-key-o65536-s20261023,10000,256,repeated-key,20261023,65536,256,warmed-built,warmup,1,1,hybrid,32768,merkle,58.1102,0.1465,d08725f718bfad438db11f3ceba6c56a1a1633c35f6c8458fd86c64f8c002a39,168581,1022,True,2026-10-02T08:10:02.709622+00:00,20261023,148959232,149729280,2623627264,3816,2404,5520,0,,
n10000-h256-repeated-key-o65536-s20261023,10000,256,repeated-key,20261023,65536,256,warmed-built,warmup,1,2,hybrid,4096,merkle,12.4302,0.1782,d08725f718bfad438db11f3ceba6c56a1a1633c35f6c8458fd86c64f8c002a39,168581,1022,True,2026-10-02T08:10:02.769637+00:00,20261023,149733376,149770240,2619158528,3816,2404,5520,0,,
n10000-h256-repeated-key-o65536-s20261023,10000,256,repeated-key,20261023,65536,256,warmed-built,warmup,1,3,hybrid,16384,merkle,12.1489,0.1461,d08725f718bfad438db11f3ceba6c56a1a1633c35f6c8458fd86c64f8c002a39,168581,1022,True,2026-10-02T08:10:02.783636+00:00,20261023,149774336,149946368,2618085376,3816,2404,5520,0,,
n10000-h256-repeated-key-o65536-s20261023,10000,256,repeated-key,20261023,65536,256,warmed-built,warmup,1,4,log,0,log,13.7903,0.1722,d08725f718bfad438db11f3ceba6c56a1a1633c35f6c8458fd86c64f8c002a39,168581,1022,True,2026-10-02T08:10:02.797747+00:00,20261023,149946368,150069248,2617438208,0,0,0,65536,,
n10000-h256-repeated-key-o65536-s20261023,10000,256,repeated-key,20261023,65536,256,warmed-built,warmup,1,5,hybrid,65536,log,16.4032,0.1358,d08725f718bfad438db11f3ceba6c56a1a1633c35f6c8458fd86c64f8c002a39,168581,1022,True,2026-10-02T08:10:02.813554+00:00,20261023,150069248,150085632,2624184320,0,0,0,65536,,
n10000-h256-repeated-key-o65536-s20261023,10000,256,repeated-key,20261023,65536,256,warmed-built,warmup,1,6,merkle,0,merkle,11.6237,0.1766,d08725f718bfad438db11f3ceba6c56a1a1633c35f6c8458fd86c64f8c002a39,168581,1022,True,2026-10-02T08:10:02.831497+00:00,20261023,150085632,150097920,2624212992,3816,2404,5520,0,,
n10000-h256-repeated-key-o65536-s20261023,10000,256,repeated-key,20261023,65536,256,warmed-built,warmup,1,7,hybrid,131072,log,13.6372,0.2172,d08725f718bfad438db11f3ceba6c56a1a1633c35f6c8458fd86c64f8c002a39,168581,1022,True,2026-10-02T08:10:02.844885+00:00,20261023,150097920,150212608,2617794560,0,0,0,65536,,
n10000-h256-repeated-key-o65536-s20261023,10000,256,repeated-key,20261023,65536,256,warmed-built,warmup,2,1,hybrid,32768,merkle,14.2092,0.1949,d08725f718bfad438db11f3ceba6c56a1a1633c35f6c8458fd86c64f8c002a39,168581,1022,True,2026-10-02T08:10:02.860358+00:00,20261023,150212608,150224896,2618785792,3816,2404,5520,0,,
n10000-h256-repeated-key-o65536-s20261023,10000,256,repeated-key,20261023,65536,256,warmed-built,warmup,2,2,log,0,log,16.0634,0.1407,d08725f718bfad438db11f3ceba6c56a1a1633c35f6c8458fd86c64f8c002a39,168581,1022,True,2026-10-02T08:10:02.876537+00:00,20261023,150224896,150261760,2618855424,0,0,0,65536,,
n10000-h256-repeated-key-o65536-s20261023,10000,256,repeated-key,20261023,65536,256,warmed-built,warmup,2,3,merkle,0,merkle,11.5172,0.1401,d08725f718bfad438db11f3ceba6c56a1a1633c35f6c8458fd86c64f8c002a39,168581,1022,True,2026-10-02T08:10:02.893994+00:00,20261023,150261760,150261760,2618298368,3816,2404,5520,0,,
n10000-h256-repeated-key-o65536-s20261023,10000,256,repeated-key,20261023,65536,256,warmed-built,warmup,2,4,hybrid,4096,merkle,12.5101,0.2219,d08725f718bfad438db11f3ceba6c56a1a1633c35f6c8458fd86c64f8c002a39,168581,1022,True,2026-10-02T08:10:02.907015+00:00,20261023,150261760,150323200,2618646528,3816,2404,5520,0,,
n10000-h256-repeated-key-o65536-s20261023,10000,256,repeated-key,20261023,65536,256,warmed-built,warmup,2,5,hybrid,16384,merkle,14.7979,0.1811,d08725f718bfad438db11f3ceba6c56a1a1633c35f6c8458fd86c64f8c002a39,168581,1022,True,2026-10-02T08:10:02.921324+00:00,20261023,150323200,150323200,2619883520,3816,2404,5520,0,,
n10000-h256-repeated-key-o65536-s20261023,10000,256,repeated-key,20261023,65536,256,warmed-built,warmup,2,6,hybrid,65536,log,15.0303,0.1412,d08725f718bfad438db11f3ceba6c56a1a1633c35f6c8458fd86c64f8c002a39,168581,1022,True,2026-10-02T08:10:02.937889+00:00,20261023,150323200,150323200,2621415424,0,0,0,65536,,
n10000-h256-repeated-key-o65536-s20261023,10000,256,repeated-key,20261023,65536,256,warmed-built,warmup,2,7,hybrid,131072,log,13.7751,0.165,d08725f718bfad438db11f3ceba6c56a1a1633c35f6c8458fd86c64f8c002a39,168581,1022,True,2026-10-02T08:10:02.954352+00:00,20261023,150327296,150327296,2621534208,0,0,0,65536,,
n10000-h256-repeated-key-o65536-s20261023,10000,256,repeated-key,20261023,65536,256,warmed-built,measured,1,1,log,0,log,13.4656,0.1419,d08725f718bfad438db11f3ceba6c56a1a1633c35f6c8458fd86c64f8c002a39,168581,1022,True,2026-10-02T08:10:02.969644+00:00,20261023,150327296,150327296,2621313024,0,0,0,65536,,
n10000-h256-repeated-key-o65536-s20261023,10000,256,repeated-key,20261023,65536,256,warmed-built,measured,1,2,hybrid,32768,merkle,13.6434,0.1377,d08725f718bfad438db11f3ceba6c56a1a1633c35f6c8458fd86c64f8c002a39,168581,1022,True,2026-10-02T08:10:02.984511+00:00,20261023,150327296,150335488,2621112320,3816,2404,5520,0,,
n10000-h256-repeated-key-o65536-s20261023,10000,256,repeated-key,20261023,65536,256,warmed-built,measured,1,3,hybrid,131072,log,13.7439,0.1579,d08725f718bfad438db11f3ceba6c56a1a1633c35f6c8458fd86c64f8c002a39,168581,1022,True,2026-10-02T08:10:02.999457+00:00,20261023,150335488,150335488,2611474432,0,0,0,65536,,
n10000-h256-repeated-key-o65536-s20261023,10000,256,repeated-key,20261023,65536,256,warmed-built,measured,1,4,hybrid,16384,merkle,12.2869,0.1376,d08725f718bfad438db11f3ceba6c56a1a1633c35f6c8458fd86c64f8c002a39,168581,1022,True,2026-10-02T08:10:03.014770+00:00,20261023,150335488,150339584,2609606656,3816,2404,5520,0,,
n10000-h256-repeated-key-o65536-s20261023,10000,256,repeated-key,20261023,65536,256,warmed-built,measured,1,5,merkle,0,merkle,12.5154,0.147,d08725f718bfad438db11f3ceba6c56a1a1633c35f6c8458fd86c64f8c002a39,168581,1022,True,2026-10-02T08:10:03.028675+00:00,20261023,150339584,150339584,2610237440,3816,2404,5520,0,,
n10000-h256-repeated-key-o65536-s20261023,10000,256,repeated-key,20261023,65536,256,warmed-built,measured,1,6,hybrid,65536,log,13.888,0.1443,d08725f718bfad438db11f3ceba6c56a1a1633c35f6c8458fd86c64f8c002a39,168581,1022,True,2026-10-02T08:10:03.042816+00:00,20261023,150339584,150339584,2610249728,0,0,0,65536,,
n10000-h256-repeated-key-o65536-s20261023,10000,256,repeated-key,20261023,65536,256,warmed-built,measured,1,7,hybrid,4096,merkle,12.1524,0.1518,d08725f718bfad438db11f3ceba6c56a1a1633c35f6c8458fd86c64f8c002a39,168581,1022,True,2026-10-02T08:10:03.058279+00:00,20261023,150339584,150343680,2609909760,3816,2404,5520,0,,
n10000-h256-repeated-key-o65536-s20261023,10000,256,repeated-key,20261023,65536,256,warmed-built,measured,2,1,hybrid,65536,log,14.3795,0.1715,d08725f718bfad438db11f3ceba6c56a1a1633c35f6c8458fd86c64f8c002a39,168581,1022,True,2026-10-02T08:10:03.072122+00:00,20261023,150343680,150343680,2609979392,0,0,0,65536,,
n10000-h256-repeated-key-o65536-s20261023,10000,256,repeated-key,20261023,65536,256,warmed-built,measured,2,2,log,0,log,14.3955,0.1878,d08725f718bfad438db11f3ceba6c56a1a1633c35f6c8458fd86c64f8c002a39,168581,1022,True,2026-10-02T08:10:03.088233+00:00,20261023,150343680,150343680,2607915008,0,0,0,65536,,
n10000-h256-repeated-key-o65536-s20261023,10000,256,repeated-key,20261023,65536,256,warmed-built,measured,2,3,hybrid,131072,log,14.1012,0.1965,d08725f718bfad438db11f3ceba6c56a1a1633c35f6c8458fd86c64f8c002a39,168581,1022,True,2026-10-02T08:10:03.104382+00:00,20261023,150343680,150343680,2614595584,0,0,0,65536,,
n10000-h256-repeated-key-o65536-s20261023,10000,256,repeated-key,20261023,65536,256,warmed-built,measured,2,4,hybrid,32768,merkle,13.6348,0.2237,d08725f718bfad438db11f3ceba6c56a1a1633c35f6c8458fd86c64f8c002a39,168581,1022,True,2026-10-02T08:10:03.120199+00:00,20261023,150343680,150351872,2610114560,3816,2404,5520,0,,
n10000-h256-repeated-key-o65536-s20261023,10000,256,repeated-key,20261023,65536,256,warmed-built,measured,2,5,hybrid,16384,merkle,13.7665,0.1645,d08725f718bfad438db11f3ceba6c56a1a1633c35f6c8458fd86c64f8c002a39,168581,1022,True,2026-10-02T08:10:03.135599+00:00,20261023,150351872,150351872,2597011456,3816,2404,5520,0,,
n10000-h256-repeated-key-o65536-s20261023,10000,256,repeated-key,20261023,65536,256,warmed-built,measured,2,6,hybrid,4096,merkle,11.856,0.1406,d08725f718bfad438db11f3ceba6c56a1a1633c35f6c8458fd86c64f8c002a39,168581,1022,True,2026-10-02T08:10:03.151006+00:00,20261023,150351872,150351872,2599464960,3816,2404,5520,0,,
n10000-h256-repeated-key-o65536-s20261023,10000,256,repeated-key,20261023,65536,256,warmed-built,measured,2,7,merkle,0,merkle,12.3601,0.1483,d08725f718bfad438db11f3ceba6c56a1a1633c35f6c8458fd86c64f8c002a39,168581,1022,True,2026-10-02T08:10:03.164332+00:00,20261023,150351872,150351872,2597478400,3816,2404,5520,0,,
n10000-h256-repeated-key-o65536-s20261023,10000,256,repeated-key,20261023,65536,256,warmed-built,measured,3,1,merkle,0,merkle,12.1133,0.282,d08725f718bfad438db11f3ceba6c56a1a1633c35f6c8458fd86c64f8c002a39,168581,1022,True,2026-10-02T08:10:03.178141+00:00,20261023,150355968,150355968,2596958208,3816,2404,5520,0,,
n10000-h256-repeated-key-o65536-s20261023,10000,256,repeated-key,20261023,65536,256,warmed-built,measured,3,2,hybrid,32768,merkle,13.1716,0.1397,d08725f718bfad438db11f3ceba6c56a1a1633c35f6c8458fd86c64f8c002a39,168581,1022,True,2026-10-02T08:10:03.191781+00:00,20261023,150355968,150360064,2597773312,3816,2404,5520,0,,
n10000-h256-repeated-key-o65536-s20261023,10000,256,repeated-key,20261023,65536,256,warmed-built,measured,3,3,hybrid,16384,merkle,12.4499,0.1452,d08725f718bfad438db11f3ceba6c56a1a1633c35f6c8458fd86c64f8c002a39,168581,1022,True,2026-10-02T08:10:03.206325+00:00,20261023,150360064,150462464,2606665728,3816,2404,5520,0,,
n10000-h256-repeated-key-o65536-s20261023,10000,256,repeated-key,20261023,65536,256,warmed-built,measured,3,4,hybrid,65536,log,14.9692,0.1372,d08725f718bfad438db11f3ceba6c56a1a1633c35f6c8458fd86c64f8c002a39,168581,1022,True,2026-10-02T08:10:03.220238+00:00,20261023,150462464,150462464,2610393088,0,0,0,65536,,
n10000-h256-repeated-key-o65536-s20261023,10000,256,repeated-key,20261023,65536,256,warmed-built,measured,3,5,log,0,log,14.2254,0.1399,d08725f718bfad438db11f3ceba6c56a1a1633c35f6c8458fd86c64f8c002a39,168581,1022,True,2026-10-02T08:10:03.236730+00:00,20261023,150462464,150462464,2610278400,0,0,0,65536,,
n10000-h256-repeated-key-o65536-s20261023,10000,256,repeated-key,20261023,65536,256,warmed-built,measured,3,6,hybrid,131072,log,16.0852,0.1045,d08725f718bfad438db11f3ceba6c56a1a1633c35f6c8458fd86c64f8c002a39,168581,1022,True,2026-10-02T08:10:03.252471+00:00,20261023,150462464,150462464,2610032640,0,0,0,65536,,
n10000-h256-repeated-key-o65536-s20261023,10000,256,repeated-key,20261023,65536,256,warmed-built,measured,3,7,hybrid,4096,merkle,11.4959,0.1661,d08725f718bfad438db11f3ceba6c56a1a1633c35f6c8458fd86c64f8c002a39,168581,1022,True,2026-10-02T08:10:03.270078+00:00,20261023,150462464,150462464,2608693248,3816,2404,5520,0,,
n10000-h256-repeated-key-o65536-s20261023,10000,256,repeated-key,20261023,65536,256,warmed-built,measured,4,1,hybrid,65536,log,15.454,0.1452,d08725f718bfad438db11f3ceba6c56a1a1633c35f6c8458fd86c64f8c002a39,168581,1022,True,2026-10-02T08:10:03.282943+00:00,20261023,150462464,150462464,2613985280,0,0,0,65536,,
n10000-h256-repeated-key-o65536-s20261023,10000,256,repeated-key,20261023,65536,256,warmed-built,measured,4,2,hybrid,32768,merkle,11.9028,0.1544,d08725f718bfad438db11f3ceba6c56a1a1633c35f6c8458fd86c64f8c002a39,168581,1022,True,2026-10-02T08:10:03.299839+00:00,20261023,150462464,150462464,2614005760,3816,2404,5520,0,,
n10000-h256-repeated-key-o65536-s20261023,10000,256,repeated-key,20261023,65536,256,warmed-built,measured,4,3,hybrid,131072,log,14.9019,0.1419,d08725f718bfad438db11f3ceba6c56a1a1633c35f6c8458fd86c64f8c002a39,168581,1022,True,2026-10-02T08:10:03.313110+00:00,20261023,150462464,150462464,2613825536,0,0,0,65536,,
n10000-h256-repeated-key-o65536-s20261023,10000,256,repeated-key,20261023,65536,256,warmed-built,measured,4,4,merkle,0,merkle,11.7101,0.2007,d08725f718bfad438db11f3ceba6c56a1a1633c35f6c8458fd86c64f8c002a39,168581,1022,True,2026-10-02T08:10:03.329446+00:00,20261023,150462464,150462464,2613805056,3816,2404,5520,0,,
n10000-h256-repeated-key-o65536-s20261023,10000,256,repeated-key,20261023,65536,256,warmed-built,measured,4,5,hybrid,4096,merkle,13.3982,0.1242,d08725f718bfad438db11f3ceba6c56a1a1633c35f6c8458fd86c64f8c002a39,168581,1022,True,2026-10-02T08:10:03.342717+00:00,20261023,150462464,150462464,2612727808,3816,2404,5520,0,,
n10000-h256-repeated-key-o65536-s20261023,10000,256,repeated-key,20261023,65536,256,warmed-built,measured,4,6,log,0,log,14.7108,0.2143,d08725f718bfad438db11f3ceba6c56a1a1633c35f6c8458fd86c64f8c002a39,168581,1022,True,2026-10-02T08:10:03.357449+00:00,20261023,150462464,150462464,2605027328,0,0,0,65536,,
n10000-h256-repeated-key-o65536-s20261023,10000,256,repeated-key,20261023,65536,256,warmed-built,measured,4,7,hybrid,16384,merkle,14.9781,0.1287,d08725f718bfad438db11f3ceba6c56a1a1633c35f6c8458fd86c64f8c002a39,168581,1022,True,2026-10-02T08:10:03.374560+00:00,20261023,150462464,150462464,2599624704,3816,2404,5520,0,,
n10000-h256-repeated-key-o65536-s20261023,10000,256,repeated-key,20261023,65536,256,warmed-built,measured,5,1,hybrid,16384,merkle,11.6673,0.1224,d08725f718bfad438db11f3ceba6c56a1a1633c35f6c8458fd86c64f8c002a39,168581,1022,True,2026-10-02T08:10:03.390950+00:00,20261023,150462464,150487040,2599346176,3816,2404,5520,0,,
n10000-h256-repeated-key-o65536-s20261023,10000,256,repeated-key,20261023,65536,256,warmed-built,measured,5,2,hybrid,4096,merkle,11.9346,0.1321,d08725f718bfad438db11f3ceba6c56a1a1633c35f6c8458fd86c64f8c002a39,168581,1022,True,2026-10-02T08:10:03.404022+00:00,20261023,150487040,150654976,2597412864,3816,2404,5520,0,,
n10000-h256-repeated-key-o65536-s20261023,10000,256,repeated-key,20261023,65536,256,warmed-built,measured,5,3,hybrid,131072,log,15.5857,0.1367,d08725f718bfad438db11f3ceba6c56a1a1633c35f6c8458fd86c64f8c002a39,168581,1022,True,2026-10-02T08:10:03.417285+00:00,20261023,150654976,150654976,2596995072,0,0,0,65536,,
n10000-h256-repeated-key-o65536-s20261023,10000,256,repeated-key,20261023,65536,256,warmed-built,measured,5,4,hybrid,65536,log,13.3706,0.1822,d08725f718bfad438db11f3ceba6c56a1a1633c35f6c8458fd86c64f8c002a39,168581,1022,True,2026-10-02T08:10:03.434372+00:00,20261023,150654976,150654976,2594291712,0,0,0,65536,,
n10000-h256-repeated-key-o65536-s20261023,10000,256,repeated-key,20261023,65536,256,warmed-built,measured,5,5,log,0,log,13.8453,0.1384,d08725f718bfad438db11f3ceba6c56a1a1633c35f6c8458fd86c64f8c002a39,168581,1022,True,2026-10-02T08:10:03.449613+00:00,20261023,150654976,150654976,2594201600,0,0,0,65536,,
n10000-h256-repeated-key-o65536-s20261023,10000,256,repeated-key,20261023,65536,256,warmed-built,measured,5,6,hybrid,32768,merkle,12.1798,0.1259,d08725f718bfad438db11f3ceba6c56a1a1633c35f6c8458fd86c64f8c002a39,168581,1022,True,2026-10-02T08:10:03.465206+00:00,20261023,150654976,150654976,2595840000,3816,2404,5520,0,,
n10000-h256-repeated-key-o65536-s20261023,10000,256,repeated-key,20261023,65536,256,warmed-built,measured,5,7,merkle,0,merkle,11.5816,0.1288,d08725f718bfad438db11f3ceba6c56a1a1633c35f6c8458fd86c64f8c002a39,168581,1022,True,2026-10-02T08:10:03.478733+00:00,20261023,150654976,150654976,2595639296,3816,2404,5520,0,,
n10000-h256-repeated-key-o65536-s20261023,10000,256,repeated-key,20261023,65536,256,fresh-process-reopened,measured,1,1,hybrid,32768,merkle,15.6195,0.1732,d08725f718bfad438db11f3ceba6c56a1a1633c35f6c8458fd86c64f8c002a39,168581,1022,True,2026-10-02T08:10:12.579404+00:00,20261024,273666048,274194432,2499395584,3816,2404,5520,0,3857.001299969852,3872.6207999698518
n10000-h256-repeated-key-o65536-s20261023,10000,256,repeated-key,20261023,65536,256,fresh-process-reopened,measured,1,2,hybrid,65536,log,18.2668,0.1225,d08725f718bfad438db11f3ceba6c56a1a1633c35f6c8458fd86c64f8c002a39,168581,1022,True,2026-10-02T08:10:16.549889+00:00,20261024,272576512,273620992,2482253824,0,0,0,65536,3261.1287999898195,3279.3955999898194
n10000-h256-repeated-key-o65536-s20261023,10000,256,repeated-key,20261023,65536,256,fresh-process-reopened,measured,1,3,log,0,log,16.5083,0.1343,d08725f718bfad438db11f3ceba6c56a1a1633c35f6c8458fd86c64f8c002a39,168581,1022,True,2026-10-02T08:10:20.768891+00:00,20261024,273457152,274169856,2489606144,0,0,0,65536,3517.299299943261,3533.807599943261
n10000-h256-repeated-key-o65536-s20261023,10000,256,repeated-key,20261023,65536,256,fresh-process-reopened,measured,1,4,merkle,0,merkle,12.0085,0.1459,d08725f718bfad438db11f3ceba6c56a1a1633c35f6c8458fd86c64f8c002a39,168581,1022,True,2026-10-02T08:10:24.635773+00:00,20261024,273891328,273764352,2512224256,3816,2404,5520,0,3120.16869999934,3132.17719999934
n10000-h256-repeated-key-o65536-s20261023,10000,256,repeated-key,20261023,65536,256,fresh-process-reopened,measured,1,5,hybrid,4096,merkle,10.2458,0.1215,d08725f718bfad438db11f3ceba6c56a1a1633c35f6c8458fd86c64f8c002a39,168581,1022,True,2026-10-02T08:10:28.328342+00:00,20261024,272838656,273739776,2551894016,3816,2404,5520,0,3030.1826000213623,3040.4284000213624
n10000-h256-repeated-key-o65536-s20261023,10000,256,repeated-key,20261023,65536,256,fresh-process-reopened,measured,1,6,hybrid,131072,log,10.083,0.086,d08725f718bfad438db11f3ceba6c56a1a1633c35f6c8458fd86c64f8c002a39,168581,1022,True,2026-10-02T08:10:32.054060+00:00,20261024,272891904,273633280,2556977152,0,0,0,65536,3080.568699981086,3090.651699981086
n10000-h256-repeated-key-o65536-s20261023,10000,256,repeated-key,20261023,65536,256,fresh-process-reopened,measured,1,7,hybrid,16384,merkle,10.0939,0.1265,d08725f718bfad438db11f3ceba6c56a1a1633c35f6c8458fd86c64f8c002a39,168581,1022,True,2026-10-02T08:10:35.894933+00:00,20261024,272388096,273424384,2545250304,3816,2404,5520,0,3152.3420000448823,3162.435900044882
n10000-h256-repeated-key-o65536-s20261023,10000,256,repeated-key,20261023,65536,256,fresh-process-reopened,measured,2,1,hybrid,131072,log,17.7901,0.1261,d08725f718bfad438db11f3ceba6c56a1a1633c35f6c8458fd86c64f8c002a39,168581,1022,True,2026-10-02T08:10:39.753574+00:00,20261025,272683008,273707008,2543857664,0,0,0,65536,3140.5529000330716,3158.343000033072
n10000-h256-repeated-key-o65536-s20261023,10000,256,repeated-key,20261023,65536,256,fresh-process-reopened,measured,2,2,log,0,log,19.3001,0.1442,d08725f718bfad438db11f3ceba6c56a1a1633c35f6c8458fd86c64f8c002a39,168581,1022,True,2026-10-02T08:10:43.451311+00:00,20261025,273121280,274100224,2548465664,0,0,0,65536,3069.0139000071213,3088.314000007121
n10000-h256-repeated-key-o65536-s20261023,10000,256,repeated-key,20261023,65536,256,fresh-process-reopened,measured,2,3,merkle,0,merkle,14.5976,0.184,d08725f718bfad438db11f3ceba6c56a1a1633c35f6c8458fd86c64f8c002a39,168581,1022,True,2026-10-02T08:10:47.256214+00:00,20261025,273264640,274317312,2548449280,3816,2404,5520,0,3094.333399902098,3108.930999902098
n10000-h256-repeated-key-o65536-s20261023,10000,256,repeated-key,20261023,65536,256,fresh-process-reopened,measured,2,4,hybrid,65536,log,10.5721,0.1079,d08725f718bfad438db11f3ceba6c56a1a1633c35f6c8458fd86c64f8c002a39,168581,1022,True,2026-10-02T08:10:51.059620+00:00,20261025,273756160,273625088,2550878208,0,0,0,65536,3141.0367999924347,3151.6088999924345
n10000-h256-repeated-key-o65536-s20261023,10000,256,repeated-key,20261023,65536,256,fresh-process-reopened,measured,2,5,hybrid,16384,merkle,15.2052,0.1549,d08725f718bfad438db11f3ceba6c56a1a1633c35f6c8458fd86c64f8c002a39,168581,1022,True,2026-10-02T08:10:54.866164+00:00,20261025,273424384,273543168,2533060608,3816,2404,5520,0,3187.9904000088573,3203.195600008857
n10000-h256-repeated-key-o65536-s20261023,10000,256,repeated-key,20261023,65536,256,fresh-process-reopened,measured,2,6,hybrid,32768,merkle,15.7507,0.18,d08725f718bfad438db11f3ceba6c56a1a1633c35f6c8458fd86c64f8c002a39,168581,1022,True,2026-10-02T08:10:58.606422+00:00,20261025,273813504,273854464,2549194752,3816,2404,5520,0,3059.099099948071,3074.849799948071
n10000-h256-repeated-key-o65536-s20261023,10000,256,repeated-key,20261023,65536,256,fresh-process-reopened,measured,2,7,hybrid,4096,merkle,10.5743,0.1415,d08725f718bfad438db11f3ceba6c56a1a1633c35f6c8458fd86c64f8c002a39,168581,1022,True,2026-10-02T08:11:02.322498+00:00,20261025,272875520,273727488,2560258048,3816,2404,5520,0,3090.352899977006,3100.9271999770062
n10000-h256-repeated-key-o65536-s20261023,10000,256,repeated-key,20261023,65536,256,fresh-process-reopened,measured,3,1,merkle,0,merkle,13.6888,0.2843,d08725f718bfad438db11f3ceba6c56a1a1633c35f6c8458fd86c64f8c002a39,168581,1022,True,2026-10-02T08:11:06.074123+00:00,20261026,273829888,274038784,2564665344,3816,2404,5520,0,3079.4284999137744,3093.1172999137743
n10000-h256-repeated-key-o65536-s20261023,10000,256,repeated-key,20261023,65536,256,fresh-process-reopened,measured,3,2,hybrid,16384,merkle,15.0371,0.2821,d08725f718bfad438db11f3ceba6c56a1a1633c35f6c8458fd86c64f8c002a39,168581,1022,True,2026-10-02T08:11:09.903579+00:00,20261026,273543168,273629184,2581356544,3816,2404,5520,0,3138.253900106065,3153.291000106065
n10000-h256-repeated-key-o65536-s20261023,10000,256,repeated-key,20261023,65536,256,fresh-process-reopened,measured,3,3,hybrid,65536,log,17.3099,0.1484,d08725f718bfad438db11f3ceba6c56a1a1633c35f6c8458fd86c64f8c002a39,168581,1022,True,2026-10-02T08:11:13.589121+00:00,20261026,272523264,273674240,2577297408,0,0,0,65536,3038.5107999900356,3055.820699990036
n10000-h256-repeated-key-o65536-s20261023,10000,256,repeated-key,20261023,65536,256,fresh-process-reopened,measured,3,4,hybrid,4096,merkle,14.6287,0.157,d08725f718bfad438db11f3ceba6c56a1a1633c35f6c8458fd86c64f8c002a39,168581,1022,True,2026-10-02T08:11:17.475073+00:00,20261026,273092608,273993728,2582622208,3816,2404,5520,0,3256.7569999955595,3271.3856999955597
n10000-h256-repeated-key-o65536-s20261023,10000,256,repeated-key,20261023,65536,256,fresh-process-reopened,measured,3,5,hybrid,32768,merkle,15.2936,0.1407,d08725f718bfad438db11f3ceba6c56a1a1633c35f6c8458fd86c64f8c002a39,168581,1022,True,2026-10-02T08:11:21.403518+00:00,20261026,273920000,274640896,2719973376,3816,2404,5520,0,3229.8943999921903,3245.1879999921903
n10000-h256-repeated-key-o65536-s20261023,10000,256,repeated-key,20261023,65536,256,fresh-process-reopened,measured,3,6,log,0,log,21.0712,0.1606,d08725f718bfad438db11f3ceba6c56a1a1633c35f6c8458fd86c64f8c002a39,168581,1022,True,2026-10-02T08:11:25.311213+00:00,20261026,272322560,273178624,2512363520,0,0,0,65536,3253.016500035301,3274.0877000353007
n10000-h256-repeated-key-o65536-s20261023,10000,256,repeated-key,20261023,65536,256,fresh-process-reopened,measured,3,7,hybrid,131072,log,18.0058,0.1629,d08725f718bfad438db11f3ceba6c56a1a1633c35f6c8458fd86c64f8c002a39,168581,1022,True,2026-10-02T08:11:29.310284+00:00,20261026,272764928,273506304,2414723072,0,0,0,65536,3271.5782000450417,3289.5840000450416
n10000-h256-repeated-key-o32768-s20261021,10000,256,repeated-key,20261021,32768,128,warmed-built,warmup,1,1,hybrid,16384,merkle,31.4822,0.137,06ee569163d6fca0e13032186ea5400108ab85047df8d598a034ef438707896e,118601,767,True,2026-10-02T08:11:58.083735+00:00,20261021,101515264,101990400,2647154688,3533,2357,4292,0,,
n10000-h256-repeated-key-o32768-s20261021,10000,256,repeated-key,20261021,32768,128,warmed-built,warmup,1,2,hybrid,131072,log,9.2485,0.1196,06ee569163d6fca0e13032186ea5400108ab85047df8d598a034ef438707896e,118601,767,True,2026-10-02T08:11:58.117033+00:00,20261021,101994496,102035456,2647089152,0,0,0,32768,,
n10000-h256-repeated-key-o32768-s20261021,10000,256,repeated-key,20261021,32768,128,warmed-built,warmup,1,3,hybrid,4096,merkle,9.7164,0.1482,06ee569163d6fca0e13032186ea5400108ab85047df8d598a034ef438707896e,118601,767,True,2026-10-02T08:11:58.127815+00:00,20261021,102039552,102039552,2649944064,3533,2357,4292,0,,
n10000-h256-repeated-key-o32768-s20261021,10000,256,repeated-key,20261021,32768,128,warmed-built,warmup,1,4,log,0,log,7.8704,0.0952,06ee569163d6fca0e13032186ea5400108ab85047df8d598a034ef438707896e,118601,767,True,2026-10-02T08:11:58.138929+00:00,20261021,102039552,102039552,2649251840,0,0,0,32768,,
n10000-h256-repeated-key-o32768-s20261021,10000,256,repeated-key,20261021,32768,128,warmed-built,warmup,1,5,merkle,0,merkle,9.3492,0.1388,06ee569163d6fca0e13032186ea5400108ab85047df8d598a034ef438707896e,118601,767,True,2026-10-02T08:11:58.148083+00:00,20261021,102039552,102039552,2654654464,3533,2357,4292,0,,
n10000-h256-repeated-key-o32768-s20261021,10000,256,repeated-key,20261021,32768,128,warmed-built,warmup,1,6,hybrid,65536,log,8.4263,0.1187,06ee569163d6fca0e13032186ea5400108ab85047df8d598a034ef438707896e,118601,767,True,2026-10-02T08:11:58.158853+00:00,20261021,102039552,102039552,2654552064,0,0,0,32768,,
n10000-h256-repeated-key-o32768-s20261021,10000,256,repeated-key,20261021,32768,128,warmed-built,warmup,1,7,hybrid,32768,log,8.1432,0.1345,06ee569163d6fca0e13032186ea5400108ab85047df8d598a034ef438707896e,118601,767,True,2026-10-02T08:11:58.168580+00:00,20261021,102039552,102039552,2654674944,0,0,0,32768,,
n10000-h256-repeated-key-o32768-s20261021,10000,256,repeated-key,20261021,32768,128,warmed-built,warmup,2,1,merkle,0,merkle,9.7242,0.1311,06ee569163d6fca0e13032186ea5400108ab85047df8d598a034ef438707896e,118601,767,True,2026-10-02T08:11:58.178107+00:00,20261021,102039552,102039552,2654793728,3533,2357,4292,0,,
n10000-h256-repeated-key-o32768-s20261021,10000,256,repeated-key,20261021,32768,128,warmed-built,warmup,2,2,hybrid,32768,log,8.1728,0.1282,06ee569163d6fca0e13032186ea5400108ab85047df8d598a034ef438707896e,118601,767,True,2026-10-02T08:11:58.189166+00:00,20261021,102039552,102064128,2654789632,0,0,0,32768,,
n10000-h256-repeated-key-o32768-s20261021,10000,256,repeated-key,20261021,32768,128,warmed-built,warmup,2,3,hybrid,65536,log,8.0753,0.1289,06ee569163d6fca0e13032186ea5400108ab85047df8d598a034ef438707896e,118601,767,True,2026-10-02T08:11:58.198639+00:00,20261021,102064128,102064128,2655371264,0,0,0,32768,,
n10000-h256-repeated-key-o32768-s20261021,10000,256,repeated-key,20261021,32768,128,warmed-built,warmup,2,4,log,0,log,10.8881,0.1086,06ee569163d6fca0e13032186ea5400108ab85047df8d598a034ef438707896e,118601,767,True,2026-10-02T08:11:58.208007+00:00,20261021,102064128,102064128,2656059392,0,0,0,32768,,
n10000-h256-repeated-key-o32768-s20261021,10000,256,repeated-key,20261021,32768,128,warmed-built,warmup,2,5,hybrid,4096,merkle,9.4822,0.1217,06ee569163d6fca0e13032186ea5400108ab85047df8d598a034ef438707896e,118601,767,True,2026-10-02T08:11:58.220230+00:00,20261021,102064128,102064128,2656075776,3533,2357,4292,0,,
n10000-h256-repeated-key-o32768-s20261021,10000,256,repeated-key,20261021,32768,128,warmed-built,warmup,2,6,hybrid,131072,log,7.7361,0.0975,06ee569163d6fca0e13032186ea5400108ab85047df8d598a034ef438707896e,118601,767,True,2026-10-02T08:11:58.231146+00:00,20261021,102064128,102064128,2655793152,0,0,0,32768,,
n10000-h256-repeated-key-o32768-s20261021,10000,256,repeated-key,20261021,32768,128,warmed-built,warmup,2,7,hybrid,16384,merkle,10.7642,0.1719,06ee569163d6fca0e13032186ea5400108ab85047df8d598a034ef438707896e,118601,767,True,2026-10-02T08:11:58.240301+00:00,20261021,102064128,102072320,2661081088,3533,2357,4292,0,,
n10000-h256-repeated-key-o32768-s20261021,10000,256,repeated-key,20261021,32768,128,warmed-built,measured,1,1,log,0,log,7.9505,0.1186,06ee569163d6fca0e13032186ea5400108ab85047df8d598a034ef438707896e,118601,767,True,2026-10-02T08:11:58.254357+00:00,20261021,102072320,102072320,2665840640,0,0,0,32768,,
n10000-h256-repeated-key-o32768-s20261021,10000,256,repeated-key,20261021,32768,128,warmed-built,measured,1,2,hybrid,32768,log,8.2419,0.102,06ee569163d6fca0e13032186ea5400108ab85047df8d598a034ef438707896e,118601,767,True,2026-10-02T08:11:58.263699+00:00,20261021,102072320,102072320,2666483712,0,0,0,32768,,
n10000-h256-repeated-key-o32768-s20261021,10000,256,repeated-key,20261021,32768,128,warmed-built,measured,1,3,hybrid,65536,log,8.2446,0.1332,06ee569163d6fca0e13032186ea5400108ab85047df8d598a034ef438707896e,118601,767,True,2026-10-02T08:11:58.273268+00:00,20261021,102072320,102072320,2664517632,0,0,0,32768,,
n10000-h256-repeated-key-o32768-s20261021,10000,256,repeated-key,20261021,32768,128,warmed-built,measured,1,4,hybrid,16384,merkle,9.8417,0.143,06ee569163d6fca0e13032186ea5400108ab85047df8d598a034ef438707896e,118601,767,True,2026-10-02T08:11:58.282886+00:00,20261021,102076416,102199296,2663485440,3533,2357,4292,0,,
n10000-h256-repeated-key-o32768-s20261021,10000,256,repeated-key,20261021,32768,128,warmed-built,measured,1,5,merkle,0,merkle,9.4929,0.1303,06ee569163d6fca0e13032186ea5400108ab85047df8d598a034ef438707896e,118601,767,True,2026-10-02T08:11:58.294062+00:00,20261021,102199296,102318080,2661969920,3533,2357,4292,0,,
n10000-h256-repeated-key-o32768-s20261021,10000,256,repeated-key,20261021,32768,128,warmed-built,measured,1,6,hybrid,4096,merkle,10.5623,0.1458,06ee569163d6fca0e13032186ea5400108ab85047df8d598a034ef438707896e,118601,767,True,2026-10-02T08:11:58.305068+00:00,20261021,102318080,102318080,2658418688,3533,2357,4292,0,,
n10000-h256-repeated-key-o32768-s20261021,10000,256,repeated-key,20261021,32768,128,warmed-built,measured,1,7,hybrid,131072,log,8.3193,0.0883,06ee569163d6fca0e13032186ea5400108ab85047df8d598a034ef438707896e,118601,767,True,2026-10-02T08:11:58.317159+00:00,20261021,102379520,102395904,2657955840,0,0,0,32768,,
n10000-h256-repeated-key-o32768-s20261021,10000,256,repeated-key,20261021,32768,128,warmed-built,measured,2,1,hybrid,131072,log,7.9239,0.0804,06ee569163d6fca0e13032186ea5400108ab85047df8d598a034ef438707896e,118601,767,True,2026-10-02T08:11:58.326816+00:00,20261021,102395904,102395904,2657955840,0,0,0,32768,,
n10000-h256-repeated-key-o32768-s20261021,10000,256,repeated-key,20261021,32768,128,warmed-built,measured,2,2,hybrid,4096,merkle,10.7223,0.1259,06ee569163d6fca0e13032186ea5400108ab85047df8d598a034ef438707896e,118601,767,True,2026-10-02T08:11:58.336447+00:00,20261021,102395904,102395904,2654674944,3533,2357,4292,0,,
n10000-h256-repeated-key-o32768-s20261021,10000,256,repeated-key,20261021,32768,128,warmed-built,measured,2,3,hybrid,65536,log,12.0099,0.1594,06ee569163d6fca0e13032186ea5400108ab85047df8d598a034ef438707896e,118601,767,True,2026-10-02T08:11:58.348492+00:00,20261021,102395904,102395904,2654040064,0,0,0,32768,,
n10000-h256-repeated-key-o32768-s20261021,10000,256,repeated-key,20261021,32768,128,warmed-built,measured,2,4,log,0,log,5.4996,0.0876,06ee569163d6fca0e13032186ea5400108ab85047df8d598a034ef438707896e,118601,767,True,2026-10-02T08:11:58.362456+00:00,20261021,102395904,102395904,2653552640,0,0,0,32768,,
n10000-h256-repeated-key-o32768-s20261021,10000,256,repeated-key,20261021,32768,128,warmed-built,measured,2,5,hybrid,32768,log,9.1206,0.1164,06ee569163d6fca0e13032186ea5400108ab85047df8d598a034ef438707896e,118601,767,True,2026-10-02T08:11:58.369168+00:00,20261021,102395904,102395904,2651062272,0,0,0,32768,,
n10000-h256-repeated-key-o32768-s20261021,10000,256,repeated-key,20261021,32768,128,warmed-built,measured,2,6,hybrid,16384,merkle,9.9188,0.1287,06ee569163d6fca0e13032186ea5400108ab85047df8d598a034ef438707896e,118601,767,True,2026-10-02T08:11:58.379574+00:00,20261021,102395904,102404096,2651353088,3533,2357,4292,0,,
n10000-h256-repeated-key-o32768-s20261021,10000,256,repeated-key,20261021,32768,128,warmed-built,measured,2,7,merkle,0,merkle,10.1829,0.2163,06ee569163d6fca0e13032186ea5400108ab85047df8d598a034ef438707896e,118601,767,True,2026-10-02T08:11:58.390791+00:00,20261021,102404096,102404096,2645164032,3533,2357,4292,0,,
n10000-h256-repeated-key-o32768-s20261021,10000,256,repeated-key,20261021,32768,128,warmed-built,measured,3,1,hybrid,131072,log,8.2922,0.0934,06ee569163d6fca0e13032186ea5400108ab85047df8d598a034ef438707896e,118601,767,True,2026-10-02T08:11:58.403200+00:00,20261021,102404096,102404096,2646188032,0,0,0,32768,,
n10000-h256-repeated-key-o32768-s20261021,10000,256,repeated-key,20261021,32768,128,warmed-built,measured,3,2,hybrid,32768,log,7.9708,0.0966,06ee569163d6fca0e13032186ea5400108ab85047df8d598a034ef438707896e,118601,767,True,2026-10-02T08:11:58.412802+00:00,20261021,102404096,102404096,2646118400,0,0,0,32768,,
n10000-h256-repeated-key-o32768-s20261021,10000,256,repeated-key,20261021,32768,128,warmed-built,measured,3,3,hybrid,65536,log,8.3948,0.1284,06ee569163d6fca0e13032186ea5400108ab85047df8d598a034ef438707896e,118601,767,True,2026-10-02T08:11:58.422238+00:00,20261021,102404096,102404096,2645729280,0,0,0,32768,,
n10000-h256-repeated-key-o32768-s20261021,10000,256,repeated-key,20261021,32768,128,warmed-built,measured,3,4,merkle,0,merkle,9.8987,0.119,06ee569163d6fca0e13032186ea5400108ab85047df8d598a034ef438707896e,118601,767,True,2026-10-02T08:11:58.431944+00:00,20261021,102408192,102526976,2646028288,3533,2357,4292,0,,
n10000-h256-repeated-key-o32768-s20261021,10000,256,repeated-key,20261021,32768,128,warmed-built,measured,3,5,log,0,log,8.0848,0.0984,06ee569163d6fca0e13032186ea5400108ab85047df8d598a034ef438707896e,118601,767,True,2026-10-02T08:11:58.443124+00:00,20261021,102526976,102526976,2647142400,0,0,0,32768,,
n10000-h256-repeated-key-o32768-s20261021,10000,256,repeated-key,20261021,32768,128,warmed-built,measured,3,6,hybrid,16384,merkle,9.4001,0.1352,06ee569163d6fca0e13032186ea5400108ab85047df8d598a034ef438707896e,118601,767,True,2026-10-02T08:11:58.452750+00:00,20261021,102526976,102526976,2646880256,3533,2357,4292,0,,
n10000-h256-repeated-key-o32768-s20261021,10000,256,repeated-key,20261021,32768,128,warmed-built,measured,3,7,hybrid,4096,merkle,9.815,0.1202,06ee569163d6fca0e13032186ea5400108ab85047df8d598a034ef438707896e,118601,767,True,2026-10-02T08:11:58.463585+00:00,20261021,102526976,102526976,2647166976,3533,2357,4292,0,,
n10000-h256-repeated-key-o32768-s20261021,10000,256,repeated-key,20261021,32768,128,warmed-built,measured,4,1,log,0,log,8.4125,0.1051,06ee569163d6fca0e13032186ea5400108ab85047df8d598a034ef438707896e,118601,767,True,2026-10-02T08:11:58.474781+00:00,20261021,102526976,102526976,2646134784,0,0,0,32768,,
n10000-h256-repeated-key-o32768-s20261021,10000,256,repeated-key,20261021,32768,128,warmed-built,measured,4,2,hybrid,4096,merkle,9.3337,0.1358,06ee569163d6fca0e13032186ea5400108ab85047df8d598a034ef438707896e,118601,767,True,2026-10-02T08:11:58.484336+00:00,20261021,102526976,102526976,2642186240,3533,2357,4292,0,,
n10000-h256-repeated-key-o32768-s20261021,10000,256,repeated-key,20261021,32768,128,warmed-built,measured,4,3,hybrid,131072,log,8.0405,0.0866,06ee569163d6fca0e13032186ea5400108ab85047df8d598a034ef438707896e,118601,767,True,2026-10-02T08:11:58.494984+00:00,20261021,102526976,102526976,2642546688,0,0,0,32768,,
n10000-h256-repeated-key-o32768-s20261021,10000,256,repeated-key,20261021,32768,128,warmed-built,measured,4,4,merkle,0,merkle,10.1188,0.1292,06ee569163d6fca0e13032186ea5400108ab85047df8d598a034ef438707896e,118601,767,True,2026-10-02T08:11:58.504254+00:00,20261021,102526976,102649856,2643656704,3533,2357,4292,0,,
n10000-h256-repeated-key-o32768-s20261021,10000,256,repeated-key,20261021,32768,128,warmed-built,measured,4,5,hybrid,65536,log,8.4832,0.1219,06ee569163d6fca0e13032186ea5400108ab85047df8d598a034ef438707896e,118601,767,True,2026-10-02T08:11:58.515754+00:00,20261021,102649856,102649856,2643431424,0,0,0,32768,,
n10000-h256-repeated-key-o32768-s20261021,10000,256,repeated-key,20261021,32768,128,warmed-built,measured,4,6,hybrid,16384,merkle,9.1191,0.1246,06ee569163d6fca0e13032186ea5400108ab85047df8d598a034ef438707896e,118601,767,True,2026-10-02T08:11:58.525638+00:00,20261021,102649856,102649856,2644111360,3533,2357,4292,0,,
n10000-h256-repeated-key-o32768-s20261021,10000,256,repeated-key,20261021,32768,128,warmed-built,measured,4,7,hybrid,32768,log,8.0253,0.0846,06ee569163d6fca0e13032186ea5400108ab85047df8d598a034ef438707896e,118601,767,True,2026-10-02T08:11:58.536051+00:00,20261021,102653952,102653952,2644590592,0,0,0,32768,,
n10000-h256-repeated-key-o32768-s20261021,10000,256,repeated-key,20261021,32768,128,warmed-built,measured,5,1,merkle,0,merkle,9.3046,0.1232,06ee569163d6fca0e13032186ea5400108ab85047df8d598a034ef438707896e,118601,767,True,2026-10-02T08:11:58.545371+00:00,20261021,102653952,102658048,2644754432,3533,2357,4292,0,,
n10000-h256-repeated-key-o32768-s20261021,10000,256,repeated-key,20261021,32768,128,warmed-built,measured,5,2,log,0,log,8.2891,0.0795,06ee569163d6fca0e13032186ea5400108ab85047df8d598a034ef438707896e,118601,767,True,2026-10-02T08:11:58.556017+00:00,20261021,102658048,102662144,2645688320,0,0,0,32768,,
n10000-h256-repeated-key-o32768-s20261021,10000,256,repeated-key,20261021,32768,128,warmed-built,measured,5,3,hybrid,4096,merkle,9.8563,0.1208,06ee569163d6fca0e13032186ea5400108ab85047df8d598a034ef438707896e,118601,767,True,2026-10-02T08:11:58.565901+00:00,20261021,102662144,102662144,2645635072,3533,2357,4292,0,,
n10000-h256-repeated-key-o32768-s20261021,10000,256,repeated-key,20261021,32768,128,warmed-built,measured,5,4,hybrid,32768,log,8.0882,0.1342,06ee569163d6fca0e13032186ea5400108ab85047df8d598a034ef438707896e,118601,767,True,2026-10-02T08:11:58.577150+00:00,20261021,102666240,102666240,2644881408,0,0,0,32768,,
n10000-h256-repeated-key-o32768-s20261021,10000,256,repeated-key,20261021,32768,128,warmed-built,measured,5,5,hybrid,131072,log,7.7997,0.0825,06ee569163d6fca0e13032186ea5400108ab85047df8d598a034ef438707896e,118601,767,True,2026-10-02T08:11:58.586616+00:00,20261021,102666240,102666240,2649456640,0,0,0,32768,,
n10000-h256-repeated-key-o32768-s20261021,10000,256,repeated-key,20261021,32768,128,warmed-built,measured,5,6,hybrid,16384,merkle,10.4048,0.1355,06ee569163d6fca0e13032186ea5400108ab85047df8d598a034ef438707896e,118601,767,True,2026-10-02T08:11:58.595886+00:00,20261021,102666240,102666240,2653343744,3533,2357,4292,0,,
n10000-h256-repeated-key-o32768-s20261021,10000,256,repeated-key,20261021,32768,128,warmed-built,measured,5,7,hybrid,65536,log,8.0283,0.1124,06ee569163d6fca0e13032186ea5400108ab85047df8d598a034ef438707896e,118601,767,True,2026-10-02T08:11:58.607679+00:00,20261021,102666240,102666240,2653270016,0,0,0,32768,,
n10000-h256-repeated-key-o32768-s20261022,10000,256,repeated-key,20261022,32768,128,warmed-built,warmup,1,1,hybrid,4096,merkle,40.8173,0.2116,337fabc53519ee5e1e42d1b13fd80ab9f73e204626a1300e96011857e6df6ae9,118601,767,True,2026-10-02T08:12:33.291822+00:00,20261022,101621760,102133760,2789343232,3533,2357,4292,0,,
n10000-h256-repeated-key-o32768-s20261022,10000,256,repeated-key,20261022,32768,128,warmed-built,warmup,1,2,hybrid,32768,log,9.0756,0.1517,337fabc53519ee5e1e42d1b13fd80ab9f73e204626a1300e96011857e6df6ae9,118601,767,True,2026-10-02T08:12:33.334992+00:00,20261022,102137856,102137856,2788511744,0,0,0,32768,,
n10000-h256-repeated-key-o32768-s20261022,10000,256,repeated-key,20261022,32768,128,warmed-built,warmup,1,3,hybrid,16384,merkle,11.8828,0.1558,337fabc53519ee5e1e42d1b13fd80ab9f73e204626a1300e96011857e6df6ae9,118601,767,True,2026-10-02T08:12:33.345755+00:00,20261022,102141952,102166528,2788229120,3533,2357,4292,0,,
n10000-h256-repeated-key-o32768-s20261022,10000,256,repeated-key,20261022,32768,128,warmed-built,warmup,1,4,hybrid,65536,log,7.9215,0.1182,337fabc53519ee5e1e42d1b13fd80ab9f73e204626a1300e96011857e6df6ae9,118601,767,True,2026-10-02T08:12:33.359425+00:00,20261022,102166528,102178816,2790588416,0,0,0,32768,,
n10000-h256-repeated-key-o32768-s20261022,10000,256,repeated-key,20261022,32768,128,warmed-built,warmup,1,5,hybrid,131072,log,8.5426,0.1358,337fabc53519ee5e1e42d1b13fd80ab9f73e204626a1300e96011857e6df6ae9,118601,767,True,2026-10-02T08:12:33.368750+00:00,20261022,102178816,102195200,2790653952,0,0,0,32768,,
n10000-h256-repeated-key-o32768-s20261022,10000,256,repeated-key,20261022,32768,128,warmed-built,warmup,1,6,merkle,0,merkle,10.3247,0.1541,337fabc53519ee5e1e42d1b13fd80ab9f73e204626a1300e96011857e6df6ae9,118601,767,True,2026-10-02T08:12:33.378659+00:00,20261022,102195200,102227968,2796236800,3533,2357,4292,0,,
n10000-h256-repeated-key-o32768-s20261022,10000,256,repeated-key,20261022,32768,128,warmed-built,warmup,1,7,log,0,log,8.3277,0.2068,337fabc53519ee5e1e42d1b13fd80ab9f73e204626a1300e96011857e6df6ae9,118601,767,True,2026-10-02T08:12:33.390513+00:00,20261022,102227968,102293504,2790211584,0,0,0,32768,,
n10000-h256-repeated-key-o32768-s20261022,10000,256,repeated-key,20261022,32768,128,warmed-built,warmup,2,1,hybrid,131072,log,8.2311,0.1432,337fabc53519ee5e1e42d1b13fd80ab9f73e204626a1300e96011857e6df6ae9,118601,767,True,2026-10-02T08:12:33.400562+00:00,20261022,102293504,102367232,2790993920,0,0,0,32768,,
n10000-h256-repeated-key-o32768-s20261022,10000,256,repeated-key,20261022,32768,128,warmed-built,warmup,2,2,hybrid,16384,merkle,11.7294,0.2374,337fabc53519ee5e1e42d1b13fd80ab9f73e204626a1300e96011857e6df6ae9,118601,767,True,2026-10-02T08:12:33.410567+00:00,20261022,102367232,102395904,2791124992,3533,2357,4292,0,,
n10000-h256-repeated-key-o32768-s20261022,10000,256,repeated-key,20261022,32768,128,warmed-built,warmup,2,3,log,0,log,8.9669,0.135,337fabc53519ee5e1e42d1b13fd80ab9f73e204626a1300e96011857e6df6ae9,118601,767,True,2026-10-02T08:12:33.424259+00:00,20261022,102395904,102477824,2796244992,0,0,0,32768,,
n10000-h256-repeated-key-o32768-s20261022,10000,256,repeated-key,20261022,32768,128,warmed-built,warmup,2,4,hybrid,4096,merkle,10.0907,0.1393,337fabc53519ee5e1e42d1b13fd80ab9f73e204626a1300e96011857e6df6ae9,118601,767,True,2026-10-02T08:12:33.434683+00:00,20261022,102477824,102506496,2797633536,3533,2357,4292,0,,
n10000-h256-repeated-key-o32768-s20261022,10000,256,repeated-key,20261022,32768,128,warmed-built,warmup,2,5,merkle,0,merkle,9.6843,0.164,337fabc53519ee5e1e42d1b13fd80ab9f73e204626a1300e96011857e6df6ae9,118601,767,True,2026-10-02T08:12:33.446182+00:00,20261022,102506496,102645760,2797965312,3533,2357,4292,0,,
n10000-h256-repeated-key-o32768-s20261022,10000,256,repeated-key,20261022,32768,128,warmed-built,warmup,2,6,hybrid,32768,log,8.9972,0.1782,337fabc53519ee5e1e42d1b13fd80ab9f73e204626a1300e96011857e6df6ae9,118601,767,True,2026-10-02T08:12:33.457300+00:00,20261022,102645760,102711296,2789908480,0,0,0,32768,,
n10000-h256-repeated-key-o32768-s20261022,10000,256,repeated-key,20261022,32768,128,warmed-built,warmup,2,7,hybrid,65536,log,9.3628,0.2096,337fabc53519ee5e1e42d1b13fd80ab9f73e204626a1300e96011857e6df6ae9,118601,767,True,2026-10-02T08:12:33.468354+00:00,20261022,102711296,102711296,2789240832,0,0,0,32768,,
n10000-h256-repeated-key-o32768-s20261022,10000,256,repeated-key,20261022,32768,128,warmed-built,measured,1,1,hybrid,65536,log,9.6514,0.1717,337fabc53519ee5e1e42d1b13fd80ab9f73e204626a1300e96011857e6df6ae9,118601,767,True,2026-10-02T08:12:33.480114+00:00,20261022,102711296,102711296,2789965824,0,0,0,32768,,
n10000-h256-repeated-key-o32768-s20261022,10000,256,repeated-key,20261022,32768,128,warmed-built,measured,1,2,merkle,0,merkle,11.6651,0.1813,337fabc53519ee5e1e42d1b13fd80ab9f73e204626a1300e96011857e6df6ae9,118601,767,True,2026-10-02T08:12:33.492142+00:00,20261022,102711296,102735872,2791170048,3533,2357,4292,0,,
n10000-h256-repeated-key-o32768-s20261022,10000,256,repeated-key,20261022,32768,128,warmed-built,measured,1,3,log,0,log,8.8964,0.1271,337fabc53519ee5e1e42d1b13fd80ab9f73e204626a1300e96011857e6df6ae9,118601,767,True,2026-10-02T08:12:33.505811+00:00,20261022,102735872,102735872,2793807872,0,0,0,32768,,
n10000-h256-repeated-key-o32768-s20261022,10000,256,repeated-key,20261022,32768,128,warmed-built,measured,1,4,hybrid,131072,log,8.1007,0.1259,337fabc53519ee5e1e42d1b13fd80ab9f73e204626a1300e96011857e6df6ae9,118601,767,True,2026-10-02T08:12:33.516153+00:00,20261022,102735872,102735872,2797936640,0,0,0,32768,,
n10000-h256-repeated-key-o32768-s20261022,10000,256,repeated-key,20261022,32768,128,warmed-built,measured,1,5,hybrid,4096,merkle,10.4147,0.1657,337fabc53519ee5e1e42d1b13fd80ab9f73e204626a1300e96011857e6df6ae9,118601,767,True,2026-10-02T08:12:33.525568+00:00,20261022,102735872,102735872,2801373184,3533,2357,4292,0,,
n10000-h256-repeated-key-o32768-s20261022,10000,256,repeated-key,20261022,32768,128,warmed-built,measured,1,6,hybrid,16384,merkle,12.0305,0.2112,337fabc53519ee5e1e42d1b13fd80ab9f73e204626a1300e96011857e6df6ae9,118601,767,True,2026-10-02T08:12:33.537570+00:00,20261022,102735872,102735872,2800607232,3533,2357,4292,0,,
n10000-h256-repeated-key-o32768-s20261022,10000,256,repeated-key,20261022,32768,128,warmed-built,measured,1,7,hybrid,32768,log,9.4134,0.2347,337fabc53519ee5e1e42d1b13fd80ab9f73e204626a1300e96011857e6df6ae9,118601,767,True,2026-10-02T08:12:33.551777+00:00,20261022,102739968,102866944,2800308224,0,0,0,32768,,
n10000-h256-repeated-key-o32768-s20261022,10000,256,repeated-key,20261022,32768,128,warmed-built,measured,2,1,merkle,0,merkle,12.7849,0.2214,337fabc53519ee5e1e42d1b13fd80ab9f73e204626a1300e96011857e6df6ae9,118601,767,True,2026-10-02T08:12:33.563482+00:00,20261022,102866944,102866944,2800402432,3533,2357,4292,0,,
n10000-h256-repeated-key-o32768-s20261022,10000,256,repeated-key,20261022,32768,128,warmed-built,measured,2,2,hybrid,4096,merkle,12.1278,0.2424,337fabc53519ee5e1e42d1b13fd80ab9f73e204626a1300e96011857e6df6ae9,118601,767,True,2026-10-02T08:12:33.578345+00:00,20261022,102866944,102866944,2800885760,3533,2357,4292,0,,
n10000-h256-repeated-key-o32768-s20261022,10000,256,repeated-key,20261022,32768,128,warmed-built,measured,2,3,hybrid,32768,log,8.2552,0.1434,337fabc53519ee5e1e42d1b13fd80ab9f73e204626a1300e96011857e6df6ae9,118601,767,True,2026-10-02T08:12:33.592871+00:00,20261022,102866944,102866944,2802204672,0,0,0,32768,,
n10000-h256-repeated-key-o32768-s20261022,10000,256,repeated-key,20261022,32768,128,warmed-built,measured,2,4,hybrid,131072,log,8.4384,0.1853,337fabc53519ee5e1e42d1b13fd80ab9f73e204626a1300e96011857e6df6ae9,118601,767,True,2026-10-02T08:12:33.602624+00:00,20261022,102866944,102866944,2801819648,0,0,0,32768,,
n10000-h256-repeated-key-o32768-s20261022,10000,256,repeated-key,20261022,32768,128,warmed-built,measured,2,5,hybrid,65536,log,9.0099,0.1855,337fabc53519ee5e1e42d1b13fd80ab9f73e204626a1300e96011857e6df6ae9,118601,767,True,2026-10-02T08:12:33.612864+00:00,20261022,102866944,102866944,2800775168,0,0,0,32768,,
n10000-h256-repeated-key-o32768-s20261022,10000,256,repeated-key,20261022,32768,128,warmed-built,measured,2,6,hybrid,16384,merkle,11.783,0.2817,337fabc53519ee5e1e42d1b13fd80ab9f73e204626a1300e96011857e6df6ae9,118601,767,True,2026-10-02T08:12:33.624273+00:00,20261022,102866944,102981632,2800009216,3533,2357,4292,0,,
n10000-h256-repeated-key-o32768-s20261022,10000,256,repeated-key,20261022,32768,128,warmed-built,measured,2,7,log,0,log,12.4886,0.2397,337fabc53519ee5e1e42d1b13fd80ab9f73e204626a1300e96011857e6df6ae9,118601,767,True,2026-10-02T08:12:33.638597+00:00,20261022,102985728,102989824,2799570944,0,0,0,32768,,
n10000-h256-repeated-key-o32768-s20261022,10000,256,repeated-key,20261022,32768,128,warmed-built,measured,3,1,hybrid,16384,merkle,12.1107,0.1585,337fabc53519ee5e1e42d1b13fd80ab9f73e204626a1300e96011857e6df6ae9,118601,767,True,2026-10-02T08:12:33.653257+00:00,20261022,102989824,102989824,2799104000,3533,2357,4292,0,,
n10000-h256-repeated-key-o32768-s20261022,10000,256,repeated-key,20261022,32768,128,warmed-built,measured,3,2,hybrid,32768,log,8.0873,0.1202,337fabc53519ee5e1e42d1b13fd80ab9f73e204626a1300e96011857e6df6ae9,118601,767,True,2026-10-02T08:12:33.667613+00:00,20261022,102989824,102989824,2802343936,0,0,0,32768,,
n10000-h256-repeated-key-o32768-s20261022,10000,256,repeated-key,20261022,32768,128,warmed-built,measured,3,3,hybrid,4096,merkle,9.5961,0.1254,337fabc53519ee5e1e42d1b13fd80ab9f73e204626a1300e96011857e6df6ae9,118601,767,True,2026-10-02T08:12:33.677108+00:00,20261022,102989824,102989824,2801446912,3533,2357,4292,0,,
n10000-h256-repeated-key-o32768-s20261022,10000,256,repeated-key,20261022,32768,128,warmed-built,measured,3,4,log,0,log,11.1026,0.2152,337fabc53519ee5e1e42d1b13fd80ab9f73e204626a1300e96011857e6df6ae9,118601,767,True,2026-10-02T08:12:33.688528+00:00,20261022,102989824,102989824,2801741824,0,0,0,32768,,
n10000-h256-repeated-key-o32768-s20261022,10000,256,repeated-key,20261022,32768,128,warmed-built,measured,3,5,hybrid,65536,log,9.5602,0.1745,337fabc53519ee5e1e42d1b13fd80ab9f73e204626a1300e96011857e6df6ae9,118601,767,True,2026-10-02T08:12:33.701719+00:00,20261022,102989824,102989824,2800918528,0,0,0,32768,,
n10000-h256-repeated-key-o32768-s20261022,10000,256,repeated-key,20261022,32768,128,warmed-built,measured,3,6,merkle,0,merkle,12.5248,0.2243,337fabc53519ee5e1e42d1b13fd80ab9f73e204626a1300e96011857e6df6ae9,118601,767,True,2026-10-02T08:12:33.713331+00:00,20261022,102989824,102989824,2799861760,3533,2357,4292,0,,
n10000-h256-repeated-key-o32768-s20261022,10000,256,repeated-key,20261022,32768,128,warmed-built,measured,3,7,hybrid,131072,log,10.1611,0.1785,337fabc53519ee5e1e42d1b13fd80ab9f73e204626a1300e96011857e6df6ae9,118601,767,True,2026-10-02T08:12:33.728050+00:00,20261022,102989824,102989824,2799955968,0,0,0,32768,,
n10000-h256-repeated-key-o32768-s20261022,10000,256,repeated-key,20261022,32768,128,warmed-built,measured,4,1,hybrid,4096,merkle,10.3099,0.132,337fabc53519ee5e1e42d1b13fd80ab9f73e204626a1300e96011857e6df6ae9,118601,767,True,2026-10-02T08:12:33.740633+00:00,20261022,102989824,103014400,2805792768,3533,2357,4292,0,,
n10000-h256-repeated-key-o32768-s20261022,10000,256,repeated-key,20261022,32768,128,warmed-built,measured,4,2,hybrid,16384,merkle,9.3961,0.1447,337fabc53519ee5e1e42d1b13fd80ab9f73e204626a1300e96011857e6df6ae9,118601,767,True,2026-10-02T08:12:33.752330+00:00,20261022,103014400,103145472,2805805056,3533,2357,4292,0,,
n10000-h256-repeated-key-o32768-s20261022,10000,256,repeated-key,20261022,32768,128,warmed-built,measured,4,3,merkle,0,merkle,9.5212,0.1823,337fabc53519ee5e1e42d1b13fd80ab9f73e204626a1300e96011857e6df6ae9,118601,767,True,2026-10-02T08:12:33.763064+00:00,20261022,103149568,103149568,2804690944,3533,2357,4292,0,,
n10000-h256-repeated-key-o32768-s20261022,10000,256,repeated-key,20261022,32768,128,warmed-built,measured,4,4,hybrid,65536,log,8.1379,0.1204,337fabc53519ee5e1e42d1b13fd80ab9f73e204626a1300e96011857e6df6ae9,118601,767,True,2026-10-02T08:12:33.774399+00:00,20261022,103149568,103149568,2800238592,0,0,0,32768,,
n10000-h256-repeated-key-o32768-s20261022,10000,256,repeated-key,20261022,32768,128,warmed-built,measured,4,5,hybrid,131072,log,8.0319,0.1339,337fabc53519ee5e1e42d1b13fd80ab9f73e204626a1300e96011857e6df6ae9,118601,767,True,2026-10-02T08:12:33.784307+00:00,20261022,103149568,103149568,2800005120,0,0,0,32768,,
n10000-h256-repeated-key-o32768-s20261022,10000,256,repeated-key,20261022,32768,128,warmed-built,measured,4,6,hybrid,32768,log,8.3533,0.1541,337fabc53519ee5e1e42d1b13fd80ab9f73e204626a1300e96011857e6df6ae9,118601,767,True,2026-10-02T08:12:33.794022+00:00,20261022,103149568,103149568,2799194112,0,0,0,32768,,
n10000-h256-repeated-key-o32768-s20261022,10000,256,repeated-key,20261022,32768,128,warmed-built,measured,4,7,log,0,log,8.861,0.1768,337fabc53519ee5e1e42d1b13fd80ab9f73e204626a1300e96011857e6df6ae9,118601,767,True,2026-10-02T08:12:33.804118+00:00,20261022,103149568,103149568,2803159040,0,0,0,32768,,
n10000-h256-repeated-key-o32768-s20261022,10000,256,repeated-key,20261022,32768,128,warmed-built,measured,5,1,hybrid,65536,log,8.786,0.1211,337fabc53519ee5e1e42d1b13fd80ab9f73e204626a1300e96011857e6df6ae9,118601,767,True,2026-10-02T08:12:33.814730+00:00,20261022,103149568,103149568,2806300672,0,0,0,32768,,
n10000-h256-repeated-key-o32768-s20261022,10000,256,repeated-key,20261022,32768,128,warmed-built,measured,5,2,hybrid,4096,merkle,10.3468,0.1394,337fabc53519ee5e1e42d1b13fd80ab9f73e204626a1300e96011857e6df6ae9,118601,767,True,2026-10-02T08:12:33.824917+00:00,20261022,103149568,103170048,2806497280,3533,2357,4292,0,,
n10000-h256-repeated-key-o32768-s20261022,10000,256,repeated-key,20261022,32768,128,warmed-built,measured,5,3,log,0,log,9.4078,0.1444,337fabc53519ee5e1e42d1b13fd80ab9f73e204626a1300e96011857e6df6ae9,118601,767,True,2026-10-02T08:12:33.836832+00:00,20261022,103170048,103174144,2801803264,0,0,0,32768,,
n10000-h256-repeated-key-o32768-s20261022,10000,256,repeated-key,20261022,32768,128,warmed-built,measured,5,4,merkle,0,merkle,11.0607,0.2035,337fabc53519ee5e1e42d1b13fd80ab9f73e204626a1300e96011857e6df6ae9,118601,767,True,2026-10-02T08:12:33.847813+00:00,20261022,103174144,103174144,2801119232,3533,2357,4292,0,,
n10000-h256-repeated-key-o32768-s20261022,10000,256,repeated-key,20261022,32768,128,warmed-built,measured,5,5,hybrid,16384,merkle,13.2486,0.1793,337fabc53519ee5e1e42d1b13fd80ab9f73e204626a1300e96011857e6df6ae9,118601,767,True,2026-10-02T08:12:33.860819+00:00,20261022,103174144,103174144,2800943104,3533,2357,4292,0,,
n10000-h256-repeated-key-o32768-s20261022,10000,256,repeated-key,20261022,32768,128,warmed-built,measured,5,6,hybrid,131072,log,8.5492,0.1129,337fabc53519ee5e1e42d1b13fd80ab9f73e204626a1300e96011857e6df6ae9,118601,767,True,2026-10-02T08:12:33.875970+00:00,20261022,103174144,103174144,2803232768,0,0,0,32768,,
n10000-h256-repeated-key-o32768-s20261022,10000,256,repeated-key,20261022,32768,128,warmed-built,measured,5,7,hybrid,32768,log,8.1313,0.1035,337fabc53519ee5e1e42d1b13fd80ab9f73e204626a1300e96011857e6df6ae9,118601,767,True,2026-10-02T08:12:33.886121+00:00,20261022,103174144,103174144,2802937856,0,0,0,32768,,
n10000-h256-repeated-key-o32768-s20261023,10000,256,repeated-key,20261023,32768,128,warmed-built,warmup,1,1,log,0,log,39.0698,0.1566,987221795c8ff3c8fdb4d084a9ac556a02ed864320cd0b26c5e767fd0967dd5a,118405,766,True,2026-10-02T08:13:16.015123+00:00,20261023,101294080,101703680,2632663040,0,0,0,32768,,
n10000-h256-repeated-key-o32768-s20261023,10000,256,repeated-key,20261023,32768,128,warmed-built,warmup,1,2,hybrid,131072,log,9.0292,0.1598,987221795c8ff3c8fdb4d084a9ac556a02ed864320cd0b26c5e767fd0967dd5a,118405,766,True,2026-10-02T08:13:16.056166+00:00,20261023,101711872,101711872,2631114752,0,0,0,32768,,
n10000-h256-repeated-key-o32768-s20261023,10000,256,repeated-key,20261023,32768,128,warmed-built,warmup,1,3,hybrid,4096,merkle,10.3285,0.1568,987221795c8ff3c8fdb4d084a9ac556a02ed864320cd0b26c5e767fd0967dd5a,118405,766,True,2026-10-02T08:13:16.067403+00:00,20261023,101715968,101715968,2630860800,3533,2358,4284,0,,
n10000-h256-repeated-key-o32768-s20261023,10000,256,repeated-key,20261023,32768,128,warmed-built,warmup,1,4,hybrid,16384,merkle,10.1421,0.2117,987221795c8ff3c8fdb4d084a9ac556a02ed864320cd0b26c5e767fd0967dd5a,118405,766,True,2026-10-02T08:13:16.079447+00:00,20261023,101715968,101744640,2630696960,3533,2358,4284,0,,
n10000-h256-repeated-key-o32768-s20261023,10000,256,repeated-key,20261023,32768,128,warmed-built,warmup,1,5,hybrid,65536,log,8.38,0.1254,987221795c8ff3c8fdb4d084a9ac556a02ed864320cd0b26c5e767fd0967dd5a,118405,766,True,2026-10-02T08:13:16.091250+00:00,20261023,101744640,101773312,2630844416,0,0,0,32768,,
n10000-h256-repeated-key-o32768-s20261023,10000,256,repeated-key,20261023,32768,128,warmed-built,warmup,1,6,merkle,0,merkle,9.9906,0.1283,987221795c8ff3c8fdb4d084a9ac556a02ed864320cd0b26c5e767fd0967dd5a,118405,766,True,2026-10-02T08:13:16.101255+00:00,20261023,101773312,101777408,2630115328,3533,2358,4284,0,,
n10000-h256-repeated-key-o32768-s20261023,10000,256,repeated-key,20261023,32768,128,warmed-built,warmup,1,7,hybrid,32768,log,14.3362,0.23,987221795c8ff3c8fdb4d084a9ac556a02ed864320cd0b26c5e767fd0967dd5a,118405,766,True,2026-10-02T08:13:16.113150+00:00,20261023,101777408,101777408,2628792320,0,0,0,32768,,
n10000-h256-repeated-key-o32768-s20261023,10000,256,repeated-key,20261023,32768,128,warmed-built,warmup,2,1,hybrid,65536,log,10.5593,0.1834,987221795c8ff3c8fdb4d084a9ac556a02ed864320cd0b26c5e767fd0967dd5a,118405,766,True,2026-10-02T08:13:16.130179+00:00,20261023,101777408,101777408,2627657728,0,0,0,32768,,
n10000-h256-repeated-key-o32768-s20261023,10000,256,repeated-key,20261023,32768,128,warmed-built,warmup,2,2,hybrid,4096,merkle,11.311,0.2105,987221795c8ff3c8fdb4d084a9ac556a02ed864320cd0b26c5e767fd0967dd5a,118405,766,True,2026-10-02T08:13:16.142941+00:00,20261023,101777408,101777408,2627485696,3533,2358,4284,0,,
n10000-h256-repeated-key-o32768-s20261023,10000,256,repeated-key,20261023,32768,128,warmed-built,warmup,2,3,hybrid,32768,log,8.4643,0.153,987221795c8ff3c8fdb4d084a9ac556a02ed864320cd0b26c5e767fd0967dd5a,118405,766,True,2026-10-02T08:13:16.155913+00:00,20261023,101777408,101777408,2626486272,0,0,0,32768,,
n10000-h256-repeated-key-o32768-s20261023,10000,256,repeated-key,20261023,32768,128,warmed-built,warmup,2,4,hybrid,131072,log,8.2312,0.1622,987221795c8ff3c8fdb4d084a9ac556a02ed864320cd0b26c5e767fd0967dd5a,118405,766,True,2026-10-02T08:13:16.166196+00:00,20261023,101777408,101777408,2624770048,0,0,0,32768,,
n10000-h256-repeated-key-o32768-s20261023,10000,256,repeated-key,20261023,32768,128,warmed-built,warmup,2,5,merkle,0,merkle,10.2005,0.1417,987221795c8ff3c8fdb4d084a9ac556a02ed864320cd0b26c5e767fd0967dd5a,118405,766,True,2026-10-02T08:13:16.176346+00:00,20261023,101777408,101896192,2623270912,3533,2358,4284,0,,
n10000-h256-repeated-key-o32768-s20261023,10000,256,repeated-key,20261023,32768,128,warmed-built,warmup,2,6,hybrid,16384,merkle,10.1818,0.1256,987221795c8ff3c8fdb4d084a9ac556a02ed864320cd0b26c5e767fd0967dd5a,118405,766,True,2026-10-02T08:13:16.188137+00:00,20261023,101896192,102014976,2622459904,3533,2358,4284,0,,
n10000-h256-repeated-key-o32768-s20261023,10000,256,repeated-key,20261023,32768,128,warmed-built,warmup,2,7,log,0,log,8.5963,0.1516,987221795c8ff3c8fdb4d084a9ac556a02ed864320cd0b26c5e767fd0967dd5a,118405,766,True,2026-10-02T08:13:16.200147+00:00,20261023,102014976,102014976,2621054976,0,0,0,32768,,
n10000-h256-repeated-key-o32768-s20261023,10000,256,repeated-key,20261023,32768,128,warmed-built,measured,1,1,hybrid,131072,log,8.1725,0.0978,987221795c8ff3c8fdb4d084a9ac556a02ed864320cd0b26c5e767fd0967dd5a,118405,766,True,2026-10-02T08:13:16.210609+00:00,20261023,102014976,102014976,2619203584,0,0,0,32768,,
n10000-h256-repeated-key-o32768-s20261023,10000,256,repeated-key,20261023,32768,128,warmed-built,measured,1,2,log,0,log,9.7298,0.1426,987221795c8ff3c8fdb4d084a9ac556a02ed864320cd0b26c5e767fd0967dd5a,118405,766,True,2026-10-02T08:13:16.220429+00:00,20261023,102014976,102014976,2617917440,0,0,0,32768,,
n10000-h256-repeated-key-o32768-s20261023,10000,256,repeated-key,20261023,32768,128,warmed-built,measured,1,3,hybrid,4096,merkle,14.9366,0.3199,987221795c8ff3c8fdb4d084a9ac556a02ed864320cd0b26c5e767fd0967dd5a,118405,766,True,2026-10-02T08:13:16.232075+00:00,20261023,102019072,102019072,2610790400,3533,2358,4284,0,,
n10000-h256-repeated-key-o32768-s20261023,10000,256,repeated-key,20261023,32768,128,warmed-built,measured,1,4,merkle,0,merkle,13.7038,0.258,987221795c8ff3c8fdb4d084a9ac556a02ed864320cd0b26c5e767fd0967dd5a,118405,766,True,2026-10-02T08:13:16.249215+00:00,20261023,102019072,102019072,2610847744,3533,2358,4284,0,,
n10000-h256-repeated-key-o32768-s20261023,10000,256,repeated-key,20261023,32768,128,warmed-built,measured,1,5,hybrid,32768,log,10.7053,0.1828,987221795c8ff3c8fdb4d084a9ac556a02ed864320cd0b26c5e767fd0967dd5a,118405,766,True,2026-10-02T08:13:16.265644+00:00,20261023,102019072,102019072,2607550464,0,0,0,32768,,
n10000-h256-repeated-key-o32768-s20261023,10000,256,repeated-key,20261023,32768,128,warmed-built,measured,1,6,hybrid,65536,log,10.4095,0.1806,987221795c8ff3c8fdb4d084a9ac556a02ed864320cd0b26c5e767fd0967dd5a,118405,766,True,2026-10-02T08:13:16.278351+00:00,20261023,102019072,102019072,2610130944,0,0,0,32768,,
n10000-h256-repeated-key-o32768-s20261023,10000,256,repeated-key,20261023,32768,128,warmed-built,measured,1,7,hybrid,16384,merkle,12.991,0.1406,987221795c8ff3c8fdb4d084a9ac556a02ed864320cd0b26c5e767fd0967dd5a,118405,766,True,2026-10-02T08:13:16.290772+00:00,20261023,102019072,102035456,2612633600,3533,2358,4284,0,,
n10000-h256-repeated-key-o32768-s20261023,10000,256,repeated-key,20261023,32768,128,warmed-built,measured,2,1,hybrid,32768,log,9.365,0.1481,987221795c8ff3c8fdb4d084a9ac556a02ed864320cd0b26c5e767fd0967dd5a,118405,766,True,2026-10-02T08:13:16.305338+00:00,20261023,102035456,102035456,2612764672,0,0,0,32768,,
n10000-h256-repeated-key-o32768-s20261023,10000,256,repeated-key,20261023,32768,128,warmed-built,measured,2,2,log,0,log,12.6041,0.4401,987221795c8ff3c8fdb4d084a9ac556a02ed864320cd0b26c5e767fd0967dd5a,118405,766,True,2026-10-02T08:13:16.316377+00:00,20261023,102035456,102035456,2613006336,0,0,0,32768,,
n10000-h256-repeated-key-o32768-s20261023,10000,256,repeated-key,20261023,32768,128,warmed-built,measured,2,3,hybrid,65536,log,11.5301,0.2098,987221795c8ff3c8fdb4d084a9ac556a02ed864320cd0b26c5e767fd0967dd5a,118405,766,True,2026-10-02T08:13:16.331291+00:00,20261023,102035456,102035456,2617143296,0,0,0,32768,,
n10000-h256-repeated-key-o32768-s20261023,10000,256,repeated-key,20261023,32768,128,warmed-built,measured,2,4,hybrid,131072,log,9.6894,0.1404,987221795c8ff3c8fdb4d084a9ac556a02ed864320cd0b26c5e767fd0967dd5a,118405,766,True,2026-10-02T08:13:16.344935+00:00,20261023,102035456,102035456,2616619008,0,0,0,32768,,
n10000-h256-repeated-key-o32768-s20261023,10000,256,repeated-key,20261023,32768,128,warmed-built,measured,2,5,hybrid,4096,merkle,11.4142,0.1385,987221795c8ff3c8fdb4d084a9ac556a02ed864320cd0b26c5e767fd0967dd5a,118405,766,True,2026-10-02T08:13:16.356325+00:00,20261023,102035456,102060032,2616373248,3533,2358,4284,0,,
n10000-h256-repeated-key-o32768-s20261023,10000,256,repeated-key,20261023,32768,128,warmed-built,measured,2,6,hybrid,16384,merkle,13.8724,0.2888,987221795c8ff3c8fdb4d084a9ac556a02ed864320cd0b26c5e767fd0967dd5a,118405,766,True,2026-10-02T08:13:16.369518+00:00,20261023,102060032,102080512,2615099392,3533,2358,4284,0,,
n10000-h256-repeated-key-o32768-s20261023,10000,256,repeated-key,20261023,32768,128,warmed-built,measured,2,7,merkle,0,merkle,13.657,0.1709,987221795c8ff3c8fdb4d084a9ac556a02ed864320cd0b26c5e767fd0967dd5a,118405,766,True,2026-10-02T08:13:16.385890+00:00,20261023,102080512,102199296,2614566912,3533,2358,4284,0,,
n10000-h256-repeated-key-o32768-s20261023,10000,256,repeated-key,20261023,32768,128,warmed-built,measured,3,1,hybrid,4096,merkle,15.493,0.2793,987221795c8ff3c8fdb4d084a9ac556a02ed864320cd0b26c5e767fd0967dd5a,118405,766,True,2026-10-02T08:13:16.401664+00:00,20261023,102203392,102207488,2614366208,3533,2358,4284,0,,
n10000-h256-repeated-key-o32768-s20261023,10000,256,repeated-key,20261023,32768,128,warmed-built,measured,3,2,log,0,log,10.1086,0.1739,987221795c8ff3c8fdb4d084a9ac556a02ed864320cd0b26c5e767fd0967dd5a,118405,766,True,2026-10-02T08:13:16.419381+00:00,20261023,102211584,102211584,2615414784,0,0,0,32768,,
n10000-h256-repeated-key-o32768-s20261023,10000,256,repeated-key,20261023,32768,128,warmed-built,measured,3,3,hybrid,131072,log,15.1226,0.1989,987221795c8ff3c8fdb4d084a9ac556a02ed864320cd0b26c5e767fd0967dd5a,118405,766,True,2026-10-02T08:13:16.432147+00:00,20261023,102211584,102211584,2616467456,0,0,0,32768,,
n10000-h256-repeated-key-o32768-s20261023,10000,256,repeated-key,20261023,32768,128,warmed-built,measured,3,4,merkle,0,merkle,14.8752,0.2142,987221795c8ff3c8fdb4d084a9ac556a02ed864320cd0b26c5e767fd0967dd5a,118405,766,True,2026-10-02T08:13:16.449631+00:00,20261023,102211584,102211584,2618880000,3533,2358,4284,0,,
n10000-h256-repeated-key-o32768-s20261023,10000,256,repeated-key,20261023,32768,128,warmed-built,measured,3,5,hybrid,32768,log,9.3313,0.1501,987221795c8ff3c8fdb4d084a9ac556a02ed864320cd0b26c5e767fd0967dd5a,118405,766,True,2026-10-02T08:13:16.466853+00:00,20261023,102211584,102211584,2617864192,0,0,0,32768,,
n10000-h256-repeated-key-o32768-s20261023,10000,256,repeated-key,20261023,32768,128,warmed-built,measured,3,6,hybrid,16384,merkle,10.8716,0.2311,987221795c8ff3c8fdb4d084a9ac556a02ed864320cd0b26c5e767fd0967dd5a,118405,766,True,2026-10-02T08:13:16.477917+00:00,20261023,102211584,102211584,2620248064,3533,2358,4284,0,,
n10000-h256-repeated-key-o32768-s20261023,10000,256,repeated-key,20261023,32768,128,warmed-built,measured,3,7,hybrid,65536,log,9.1305,0.1349,987221795c8ff3c8fdb4d084a9ac556a02ed864320cd0b26c5e767fd0967dd5a,118405,766,True,2026-10-02T08:13:16.491031+00:00,20261023,102211584,102211584,2621218816,0,0,0,32768,,
n10000-h256-repeated-key-o32768-s20261023,10000,256,repeated-key,20261023,32768,128,warmed-built,measured,4,1,hybrid,131072,log,12.4595,0.1831,987221795c8ff3c8fdb4d084a9ac556a02ed864320cd0b26c5e767fd0967dd5a,118405,766,True,2026-10-02T08:13:16.501829+00:00,20261023,102211584,102211584,2623107072,0,0,0,32768,,
n10000-h256-repeated-key-o32768-s20261023,10000,256,repeated-key,20261023,32768,128,warmed-built,measured,4,2,merkle,0,merkle,15.7854,0.2373,987221795c8ff3c8fdb4d084a9ac556a02ed864320cd0b26c5e767fd0967dd5a,118405,766,True,2026-10-02T08:13:16.516548+00:00,20261023,102211584,102236160,2625224704,3533,2358,4284,0,,
n10000-h256-repeated-key-o32768-s20261023,10000,256,repeated-key,20261023,32768,128,warmed-built,measured,4,3,hybrid,16384,merkle,11.3402,0.154,987221795c8ff3c8fdb4d084a9ac556a02ed864320cd0b26c5e767fd0967dd5a,118405,766,True,2026-10-02T08:13:16.534804+00:00,20261023,102236160,102285312,2623111168,3533,2358,4284,0,,
n10000-h256-repeated-key-o32768-s20261023,10000,256,repeated-key,20261023,32768,128,warmed-built,measured,4,4,hybrid,32768,log,11.409,0.1638,987221795c8ff3c8fdb4d084a9ac556a02ed864320cd0b26c5e767fd0967dd5a,118405,766,True,2026-10-02T08:13:16.547751+00:00,20261023,102285312,102285312,2627477504,0,0,0,32768,,
n10000-h256-repeated-key-o32768-s20261023,10000,256,repeated-key,20261023,32768,128,warmed-built,measured,4,5,hybrid,4096,merkle,13.9224,0.1565,987221795c8ff3c8fdb4d084a9ac556a02ed864320cd0b26c5e767fd0967dd5a,118405,766,True,2026-10-02T08:13:16.561289+00:00,20261023,102285312,102305792,2626060288,3533,2358,4284,0,,
n10000-h256-repeated-key-o32768-s20261023,10000,256,repeated-key,20261023,32768,128,warmed-built,measured,4,6,hybrid,65536,log,9.4111,0.1226,987221795c8ff3c8fdb4d084a9ac556a02ed864320cd0b26c5e767fd0967dd5a,118405,766,True,2026-10-02T08:13:16.576967+00:00,20261023,102305792,102432768,2625339392,0,0,0,32768,,
n10000-h256-repeated-key-o32768-s20261023,10000,256,repeated-key,20261023,32768,128,warmed-built,measured,4,7,log,0,log,8.4986,0.2029,987221795c8ff3c8fdb4d084a9ac556a02ed864320cd0b26c5e767fd0967dd5a,118405,766,True,2026-10-02T08:13:16.587851+00:00,20261023,102436864,102440960,2623836160,0,0,0,32768,,
n10000-h256-repeated-key-o32768-s20261023,10000,256,repeated-key,20261023,32768,128,warmed-built,measured,5,1,log,0,log,11.3131,0.2372,987221795c8ff3c8fdb4d084a9ac556a02ed864320cd0b26c5e767fd0967dd5a,118405,766,True,2026-10-02T08:13:16.598369+00:00,20261023,102440960,102440960,2625466368,0,0,0,32768,,
n10000-h256-repeated-key-o32768-s20261023,10000,256,repeated-key,20261023,32768,128,warmed-built,measured,5,2,hybrid,32768,log,10.0512,0.2464,987221795c8ff3c8fdb4d084a9ac556a02ed864320cd0b26c5e767fd0967dd5a,118405,766,True,2026-10-02T08:13:16.611887+00:00,20261023,102440960,102440960,2623594496,0,0,0,32768,,
n10000-h256-repeated-key-o32768-s20261023,10000,256,repeated-key,20261023,32768,128,warmed-built,measured,5,3,hybrid,65536,log,9.8705,0.1651,987221795c8ff3c8fdb4d084a9ac556a02ed864320cd0b26c5e767fd0967dd5a,118405,766,True,2026-10-02T08:13:16.624506+00:00,20261023,102440960,102440960,2623696896,0,0,0,32768,,
n10000-h256-repeated-key-o32768-s20261023,10000,256,repeated-key,20261023,32768,128,warmed-built,measured,5,4,hybrid,131072,log,8.8784,0.1596,987221795c8ff3c8fdb4d084a9ac556a02ed864320cd0b26c5e767fd0967dd5a,118405,766,True,2026-10-02T08:13:16.636231+00:00,20261023,102440960,102440960,2623336448,0,0,0,32768,,
n10000-h256-repeated-key-o32768-s20261023,10000,256,repeated-key,20261023,32768,128,warmed-built,measured,5,5,merkle,0,merkle,10.9183,0.168,987221795c8ff3c8fdb4d084a9ac556a02ed864320cd0b26c5e767fd0967dd5a,118405,766,True,2026-10-02T08:13:16.646940+00:00,20261023,102440960,102440960,2623410176,3533,2358,4284,0,,
n10000-h256-repeated-key-o32768-s20261023,10000,256,repeated-key,20261023,32768,128,warmed-built,measured,5,6,hybrid,16384,merkle,11.9707,0.3369,987221795c8ff3c8fdb4d084a9ac556a02ed864320cd0b26c5e767fd0967dd5a,118405,766,True,2026-10-02T08:13:16.659602+00:00,20261023,102440960,102440960,2624655360,3533,2358,4284,0,,
n10000-h256-repeated-key-o32768-s20261023,10000,256,repeated-key,20261023,32768,128,warmed-built,measured,5,7,hybrid,4096,merkle,10.7282,0.1494,987221795c8ff3c8fdb4d084a9ac556a02ed864320cd0b26c5e767fd0967dd5a,118405,766,True,2026-10-02T08:13:16.674002+00:00,20261023,102440960,102445056,2621739008,3533,2358,4284,0,,
n10000-h256-repeated-key-o131072-s20261021,10000,256,repeated-key,20261021,131072,512,warmed-built,warmup,1,1,hybrid,32768,merkle,70.7919,0.1546,e1bf38c060036cfaab684e56e9462d22080f96ac2f409ef43f4029e4bbb5992d,269129,1535,True,2026-10-02T08:14:56.718831+00:00,20261021,232677376,234135552,2393272320,4119,2295,7912,0,,
n10000-h256-repeated-key-o131072-s20261021,10000,256,repeated-key,20261021,131072,512,warmed-built,warmup,1,2,hybrid,4096,merkle,17.4191,0.2901,e1bf38c060036cfaab684e56e9462d22080f96ac2f409ef43f4029e4bbb5992d,269129,1535,True,2026-10-02T08:14:56.791426+00:00,20261021,234139648,234221568,2393059328,4119,2295,7912,0,,
n10000-h256-repeated-key-o131072-s20261021,10000,256,repeated-key,20261021,131072,512,warmed-built,warmup,1,3,merkle,0,merkle,17.2619,0.1752,e1bf38c060036cfaab684e56e9462d22080f96ac2f409ef43f4029e4bbb5992d,269129,1535,True,2026-10-02T08:14:56.811101+00:00,20261021,234225664,234303488,2392158208,4119,2295,7912,0,,
n10000-h256-repeated-key-o131072-s20261021,10000,256,repeated-key,20261021,131072,512,warmed-built,warmup,1,4,log,0,log,26.3977,0.1461,e1bf38c060036cfaab684e56e9462d22080f96ac2f409ef43f4029e4bbb5992d,269129,1535,True,2026-10-02T08:14:56.829948+00:00,20261021,234303488,234303488,2392469504,0,0,0,131072,,
n10000-h256-repeated-key-o131072-s20261021,10000,256,repeated-key,20261021,131072,512,warmed-built,warmup,1,5,hybrid,65536,merkle,17.1046,0.1764,e1bf38c060036cfaab684e56e9462d22080f96ac2f409ef43f4029e4bbb5992d,269129,1535,True,2026-10-02T08:14:56.857952+00:00,20261021,234303488,234377216,2392133632,4119,2295,7912,0,,
n10000-h256-repeated-key-o131072-s20261021,10000,256,repeated-key,20261021,131072,512,warmed-built,warmup,1,6,hybrid,16384,merkle,16.6955,0.1583,e1bf38c060036cfaab684e56e9462d22080f96ac2f409ef43f4029e4bbb5992d,269129,1535,True,2026-10-02T08:14:56.876550+00:00,20261021,234377216,234455040,2393665536,4119,2295,7912,0,,
n10000-h256-repeated-key-o131072-s20261021,10000,256,repeated-key,20261021,131072,512,warmed-built,warmup,1,7,hybrid,131072,log,25.0828,0.1525,e1bf38c060036cfaab684e56e9462d22080f96ac2f409ef43f4029e4bbb5992d,269129,1535,True,2026-10-02T08:14:56.894713+00:00,20261021,234455040,234483712,2394591232,0,0,0,131072,,
n10000-h256-repeated-key-o131072-s20261021,10000,256,repeated-key,20261021,131072,512,warmed-built,warmup,2,1,hybrid,32768,merkle,16.5888,0.1894,e1bf38c060036cfaab684e56e9462d22080f96ac2f409ef43f4029e4bbb5992d,269129,1535,True,2026-10-02T08:14:56.921303+00:00,20261021,234483712,234512384,2398650368,4119,2295,7912,0,,
n10000-h256-repeated-key-o131072-s20261021,10000,256,repeated-key,20261021,131072,512,warmed-built,warmup,2,2,merkle,0,merkle,13.4531,0.1263,e1bf38c060036cfaab684e56e9462d22080f96ac2f409ef43f4029e4bbb5992d,269129,1535,True,2026-10-02T08:14:56.939509+00:00,20261021,234512384,234512384,2414678016,4119,2295,7912,0,,
n10000-h256-repeated-key-o131072-s20261021,10000,256,repeated-key,20261021,131072,512,warmed-built,warmup,2,3,hybrid,131072,log,25.7922,0.1479,e1bf38c060036cfaab684e56e9462d22080f96ac2f409ef43f4029e4bbb5992d,269129,1535,True,2026-10-02T08:14:56.954237+00:00,20261021,234512384,234512384,2414350336,0,0,0,131072,,
n10000-h256-repeated-key-o131072-s20261021,10000,256,repeated-key,20261021,131072,512,warmed-built,warmup,2,4,hybrid,4096,merkle,18.4721,0.1636,e1bf38c060036cfaab684e56e9462d22080f96ac2f409ef43f4029e4bbb5992d,269129,1535,True,2026-10-02T08:14:56.981602+00:00,20261021,234512384,234680320,2414161920,4119,2295,7912,0,,
n10000-h256-repeated-key-o131072-s20261021,10000,256,repeated-key,20261021,131072,512,warmed-built,warmup,2,5,log,0,log,25.5017,0.1654,e1bf38c060036cfaab684e56e9462d22080f96ac2f409ef43f4029e4bbb5992d,269129,1535,True,2026-10-02T08:14:57.001519+00:00,20261021,234680320,234680320,2403635200,0,0,0,131072,,
n10000-h256-repeated-key-o131072-s20261021,10000,256,repeated-key,20261021,131072,512,warmed-built,warmup,2,6,hybrid,16384,merkle,19.705,0.184,e1bf38c060036cfaab684e56e9462d22080f96ac2f409ef43f4029e4bbb5992d,269129,1535,True,2026-10-02T08:14:57.028762+00:00,20261021,234680320,234680320,2407309312,4119,2295,7912,0,,
n10000-h256-repeated-key-o131072-s20261021,10000,256,repeated-key,20261021,131072,512,warmed-built,warmup,2,7,hybrid,65536,merkle,16.8895,0.1642,e1bf38c060036cfaab684e56e9462d22080f96ac2f409ef43f4029e4bbb5992d,269129,1535,True,2026-10-02T08:14:57.050074+00:00,20261021,234684416,234684416,2407333888,4119,2295,7912,0,,
n10000-h256-repeated-key-o131072-s20261021,10000,256,repeated-key,20261021,131072,512,warmed-built,measured,1,1,hybrid,131072,log,25.3557,0.1826,e1bf38c060036cfaab684e56e9462d22080f96ac2f409ef43f4029e4bbb5992d,269129,1535,True,2026-10-02T08:14:57.068594+00:00,20261021,234684416,234684416,2407456768,0,0,0,131072,,
n10000-h256-repeated-key-o131072-s20261021,10000,256,repeated-key,20261021,131072,512,warmed-built,measured,1,2,log,0,log,25.2207,0.1429,e1bf38c060036cfaab684e56e9462d22080f96ac2f409ef43f4029e4bbb5992d,269129,1535,True,2026-10-02T08:14:57.095616+00:00,20261021,234684416,234684416,2407100416,0,0,0,131072,,
n10000-h256-repeated-key-o131072-s20261021,10000,256,repeated-key,20261021,131072,512,warmed-built,measured,1,3,hybrid,65536,merkle,16.9131,0.1612,e1bf38c060036cfaab684e56e9462d22080f96ac2f409ef43f4029e4bbb5992d,269129,1535,True,2026-10-02T08:14:57.122376+00:00,20261021,234684416,234856448,2410180608,4119,2295,7912,0,,
n10000-h256-repeated-key-o131072-s20261021,10000,256,repeated-key,20261021,131072,512,warmed-built,measured,1,4,hybrid,32768,merkle,17.0863,0.156,e1bf38c060036cfaab684e56e9462d22080f96ac2f409ef43f4029e4bbb5992d,269129,1535,True,2026-10-02T08:14:57.140775+00:00,20261021,234856448,234868736,2410217472,4119,2295,7912,0,,
n10000-h256-repeated-key-o131072-s20261021,10000,256,repeated-key,20261021,131072,512,warmed-built,measured,1,5,hybrid,16384,merkle,21.1691,0.1716,e1bf38c060036cfaab684e56e9462d22080f96ac2f409ef43f4029e4bbb5992d,269129,1535,True,2026-10-02T08:14:57.159361+00:00,20261021,234868736,234868736,2411982848,4119,2295,7912,0,,
n10000-h256-repeated-key-o131072-s20261021,10000,256,repeated-key,20261021,131072,512,warmed-built,measured,1,6,hybrid,4096,merkle,16.5978,0.167,e1bf38c060036cfaab684e56e9462d22080f96ac2f409ef43f4029e4bbb5992d,269129,1535,True,2026-10-02T08:14:57.182498+00:00,20261021,234868736,235040768,2413133824,4119,2295,7912,0,,
n10000-h256-repeated-key-o131072-s20261021,10000,256,repeated-key,20261021,131072,512,warmed-built,measured,1,7,merkle,0,merkle,19.0325,0.1913,e1bf38c060036cfaab684e56e9462d22080f96ac2f409ef43f4029e4bbb5992d,269129,1535,True,2026-10-02T08:14:57.200679+00:00,20261021,235040768,235048960,2413572096,4119,2295,7912,0,,
n10000-h256-repeated-key-o131072-s20261021,10000,256,repeated-key,20261021,131072,512,warmed-built,measured,2,1,merkle,0,merkle,18.1255,0.1853,e1bf38c060036cfaab684e56e9462d22080f96ac2f409ef43f4029e4bbb5992d,269129,1535,True,2026-10-02T08:14:57.221277+00:00,20261021,235053056,235073536,2412429312,4119,2295,7912,0,,
n10000-h256-repeated-key-o131072-s20261021,10000,256,repeated-key,20261021,131072,512,warmed-built,measured,2,2,hybrid,4096,merkle,19.7623,0.1523,e1bf38c060036cfaab684e56e9462d22080f96ac2f409ef43f4029e4bbb5992d,269129,1535,True,2026-10-02T08:14:57.241007+00:00,20261021,235073536,235245568,2410856448,4119,2295,7912,0,,
n10000-h256-repeated-key-o131072-s20261021,10000,256,repeated-key,20261021,131072,512,warmed-built,measured,2,3,hybrid,65536,merkle,17.6679,0.1865,e1bf38c060036cfaab684e56e9462d22080f96ac2f409ef43f4029e4bbb5992d,269129,1535,True,2026-10-02T08:14:57.262246+00:00,20261021,235245568,235253760,2413912064,4119,2295,7912,0,,
n10000-h256-repeated-key-o131072-s20261021,10000,256,repeated-key,20261021,131072,512,warmed-built,measured,2,4,hybrid,131072,log,26.4264,0.2036,e1bf38c060036cfaab684e56e9462d22080f96ac2f409ef43f4029e4bbb5992d,269129,1535,True,2026-10-02T08:14:57.281481+00:00,20261021,235257856,235257856,2412703744,0,0,0,131072,,
n10000-h256-repeated-key-o131072-s20261021,10000,256,repeated-key,20261021,131072,512,warmed-built,measured,2,5,hybrid,32768,merkle,19.0112,0.1924,e1bf38c060036cfaab684e56e9462d22080f96ac2f409ef43f4029e4bbb5992d,269129,1535,True,2026-10-02T08:14:57.309795+00:00,20261021,235261952,235261952,2412077056,4119,2295,7912,0,,
n10000-h256-repeated-key-o131072-s20261021,10000,256,repeated-key,20261021,131072,512,warmed-built,measured,2,6,log,0,log,26.4573,0.1913,e1bf38c060036cfaab684e56e9462d22080f96ac2f409ef43f4029e4bbb5992d,269129,1535,True,2026-10-02T08:14:57.330570+00:00,20261021,235261952,235282432,2410676224,0,0,0,131072,,
n10000-h256-repeated-key-o131072-s20261021,10000,256,repeated-key,20261021,131072,512,warmed-built,measured,2,7,hybrid,16384,merkle,19.5397,0.1675,e1bf38c060036cfaab684e56e9462d22080f96ac2f409ef43f4029e4bbb5992d,269129,1535,True,2026-10-02T08:14:57.358981+00:00,20261021,235282432,235282432,2407395328,4119,2295,7912,0,,
n10000-h256-repeated-key-o131072-s20261021,10000,256,repeated-key,20261021,131072,512,warmed-built,measured,3,1,log,0,log,27.31,0.2088,e1bf38c060036cfaab684e56e9462d22080f96ac2f409ef43f4029e4bbb5992d,269129,1535,True,2026-10-02T08:14:57.380380+00:00,20261021,235282432,235282432,2404724736,0,0,0,131072,,
n10000-h256-repeated-key-o131072-s20261021,10000,256,repeated-key,20261021,131072,512,warmed-built,measured,3,2,hybrid,131072,log,27.2603,0.1957,e1bf38c060036cfaab684e56e9462d22080f96ac2f409ef43f4029e4bbb5992d,269129,1535,True,2026-10-02T08:14:57.409605+00:00,20261021,235282432,235282432,2402336768,0,0,0,131072,,
n10000-h256-repeated-key-o131072-s20261021,10000,256,repeated-key,20261021,131072,512,warmed-built,measured,3,3,hybrid,65536,merkle,21.1265,0.1726,e1bf38c060036cfaab684e56e9462d22080f96ac2f409ef43f4029e4bbb5992d,269129,1535,True,2026-10-02T08:14:57.439152+00:00,20261021,235282432,235454464,2403336192,4119,2295,7912,0,,
n10000-h256-repeated-key-o131072-s20261021,10000,256,repeated-key,20261021,131072,512,warmed-built,measured,3,4,hybrid,16384,merkle,17.4685,0.1592,e1bf38c060036cfaab684e56e9462d22080f96ac2f409ef43f4029e4bbb5992d,269129,1535,True,2026-10-02T08:14:57.461953+00:00,20261021,235454464,235462656,2403844096,4119,2295,7912,0,,
n10000-h256-repeated-key-o131072-s20261021,10000,256,repeated-key,20261021,131072,512,warmed-built,measured,3,5,hybrid,4096,merkle,17.3186,0.1677,e1bf38c060036cfaab684e56e9462d22080f96ac2f409ef43f4029e4bbb5992d,269129,1535,True,2026-10-02T08:14:57.480953+00:00,20261021,235466752,235466752,2402738176,4119,2295,7912,0,,
n10000-h256-repeated-key-o131072-s20261021,10000,256,repeated-key,20261021,131072,512,warmed-built,measured,3,6,hybrid,32768,merkle,16.1941,0.1415,e1bf38c060036cfaab684e56e9462d22080f96ac2f409ef43f4029e4bbb5992d,269129,1535,True,2026-10-02T08:14:57.499820+00:00,20261021,235466752,235487232,2402398208,4119,2295,7912,0,,
n10000-h256-repeated-key-o131072-s20261021,10000,256,repeated-key,20261021,131072,512,warmed-built,measured,3,7,merkle,0,merkle,16.9552,0.2167,e1bf38c060036cfaab684e56e9462d22080f96ac2f409ef43f4029e4bbb5992d,269129,1535,True,2026-10-02T08:14:57.517442+00:00,20261021,235487232,235659264,2403823616,4119,2295,7912,0,,
n10000-h256-repeated-key-o131072-s20261021,10000,256,repeated-key,20261021,131072,512,warmed-built,measured,4,1,log,0,log,27.5546,0.1698,e1bf38c060036cfaab684e56e9462d22080f96ac2f409ef43f4029e4bbb5992d,269129,1535,True,2026-10-02T08:14:57.536071+00:00,20261021,235659264,235659264,2403127296,0,0,0,131072,,
n10000-h256-repeated-key-o131072-s20261021,10000,256,repeated-key,20261021,131072,512,warmed-built,measured,4,2,hybrid,131072,log,26.8108,0.1827,e1bf38c060036cfaab684e56e9462d22080f96ac2f409ef43f4029e4bbb5992d,269129,1535,True,2026-10-02T08:14:57.565335+00:00,20261021,235659264,235659264,2400260096,0,0,0,131072,,
n10000-h256-repeated-key-o131072-s20261021,10000,256,repeated-key,20261021,131072,512,warmed-built,measured,4,3,hybrid,65536,merkle,16.7693,0.1443,e1bf38c060036cfaab684e56e9462d22080f96ac2f409ef43f4029e4bbb5992d,269129,1535,True,2026-10-02T08:14:57.593698+00:00,20261021,235659264,235667456,2400018432,4119,2295,7912,0,,
n10000-h256-repeated-key-o131072-s20261021,10000,256,repeated-key,20261021,131072,512,warmed-built,measured,4,4,hybrid,4096,merkle,18.6691,0.1628,e1bf38c060036cfaab684e56e9462d22080f96ac2f409ef43f4029e4bbb5992d,269129,1535,True,2026-10-02T08:14:57.611870+00:00,20261021,235671552,235671552,2403020800,4119,2295,7912,0,,
n10000-h256-repeated-key-o131072-s20261021,10000,256,repeated-key,20261021,131072,512,warmed-built,measured,4,5,merkle,0,merkle,19.6744,0.1614,e1bf38c060036cfaab684e56e9462d22080f96ac2f409ef43f4029e4bbb5992d,269129,1535,True,2026-10-02T08:14:57.632176+00:00,20261021,235671552,235692032,2401333248,4119,2295,7912,0,,
n10000-h256-repeated-key-o131072-s20261021,10000,256,repeated-key,20261021,131072,512,warmed-built,measured,4,6,hybrid,32768,merkle,16.6799,0.1954,e1bf38c060036cfaab684e56e9462d22080f96ac2f409ef43f4029e4bbb5992d,269129,1535,True,2026-10-02T08:14:57.653336+00:00,20261021,235692032,235745280,2399404032,4119,2295,7912,0,,
n10000-h256-repeated-key-o131072-s20261021,10000,256,repeated-key,20261021,131072,512,warmed-built,measured,4,7,hybrid,16384,merkle,16.4389,0.1425,e1bf38c060036cfaab684e56e9462d22080f96ac2f409ef43f4029e4bbb5992d,269129,1535,True,2026-10-02T08:14:57.671562+00:00,20261021,235745280,235917312,2398605312,4119,2295,7912,0,,
n10000-h256-repeated-key-o131072-s20261021,10000,256,repeated-key,20261021,131072,512,warmed-built,measured,5,1,hybrid,65536,merkle,16.3216,0.1519,e1bf38c060036cfaab684e56e9462d22080f96ac2f409ef43f4029e4bbb5992d,269129,1535,True,2026-10-02T08:14:57.689461+00:00,20261021,235917312,235917312,2396381184,4119,2295,7912,0,,
n10000-h256-repeated-key-o131072-s20261021,10000,256,repeated-key,20261021,131072,512,warmed-built,measured,5,2,hybrid,4096,merkle,22.3356,0.1818,e1bf38c060036cfaab684e56e9462d22080f96ac2f409ef43f4029e4bbb5992d,269129,1535,True,2026-10-02T08:14:57.707095+00:00,20261021,235917312,235917312,2395340800,4119,2295,7912,0,,
n10000-h256-repeated-key-o131072-s20261021,10000,256,repeated-key,20261021,131072,512,warmed-built,measured,5,3,merkle,0,merkle,16.1177,0.1593,e1bf38c060036cfaab684e56e9462d22080f96ac2f409ef43f4029e4bbb5992d,269129,1535,True,2026-10-02T08:14:57.731217+00:00,20261021,235917312,235970560,2394972160,4119,2295,7912,0,,
n10000-h256-repeated-key-o131072-s20261021,10000,256,repeated-key,20261021,131072,512,warmed-built,measured,5,4,hybrid,131072,log,20.4811,0.11,e1bf38c060036cfaab684e56e9462d22080f96ac2f409ef43f4029e4bbb5992d,269129,1535,True,2026-10-02T08:14:57.748812+00:00,20261021,235970560,235970560,2394456064,0,0,0,131072,,
n10000-h256-repeated-key-o131072-s20261021,10000,256,repeated-key,20261021,131072,512,warmed-built,measured,5,5,hybrid,16384,merkle,17.0145,0.1549,e1bf38c060036cfaab684e56e9462d22080f96ac2f409ef43f4029e4bbb5992d,269129,1535,True,2026-10-02T08:14:57.770408+00:00,20261021,235970560,235970560,2394177536,4119,2295,7912,0,,
n10000-h256-repeated-key-o131072-s20261021,10000,256,repeated-key,20261021,131072,512,warmed-built,measured,5,6,log,0,log,29.9733,0.1468,e1bf38c060036cfaab684e56e9462d22080f96ac2f409ef43f4029e4bbb5992d,269129,1535,True,2026-10-02T08:14:57.788994+00:00,20261021,235970560,235970560,2385793024,0,0,0,131072,,
n10000-h256-repeated-key-o131072-s20261021,10000,256,repeated-key,20261021,131072,512,warmed-built,measured,5,7,hybrid,32768,merkle,16.5548,0.1434,e1bf38c060036cfaab684e56e9462d22080f96ac2f409ef43f4029e4bbb5992d,269129,1535,True,2026-10-02T08:14:57.820437+00:00,20261021,235970560,235970560,2383876096,4119,2295,7912,0,,
n10000-h256-repeated-key-o131072-s20261022,10000,256,repeated-key,20261022,131072,512,warmed-built,warmup,1,1,hybrid,65536,merkle,72.1773,0.1663,45c4d227a4ff19f394911f5b58aa6f4e56c20e2f1535bc8ff1a3d82856301e52,268933,1534,True,2026-10-02T08:16:30.175515+00:00,20261022,233140224,233943040,2515374080,4119,2296,7906,0,,
n10000-h256-repeated-key-o131072-s20261022,10000,256,repeated-key,20261022,131072,512,warmed-built,warmup,1,2,hybrid,4096,merkle,17.4092,0.1713,45c4d227a4ff19f394911f5b58aa6f4e56c20e2f1535bc8ff1a3d82856301e52,268933,1534,True,2026-10-02T08:16:30.249868+00:00,20261022,233947136,233979904,2516512768,4119,2296,7906,0,,
n10000-h256-repeated-key-o131072-s20261022,10000,256,repeated-key,20261022,131072,512,warmed-built,warmup,1,3,log,0,log,25.3197,0.1575,45c4d227a4ff19f394911f5b58aa6f4e56c20e2f1535bc8ff1a3d82856301e52,268933,1534,True,2026-10-02T08:16:30.269060+00:00,20261022,233984000,234029056,2516185088,0,0,0,131072,,
n10000-h256-repeated-key-o131072-s20261022,10000,256,repeated-key,20261022,131072,512,warmed-built,warmup,1,4,merkle,0,merkle,19.2437,0.1609,45c4d227a4ff19f394911f5b58aa6f4e56c20e2f1535bc8ff1a3d82856301e52,268933,1534,True,2026-10-02T08:16:30.296130+00:00,20261022,234029056,234156032,2515922944,4119,2296,7906,0,,
n10000-h256-repeated-key-o131072-s20261022,10000,256,repeated-key,20261022,131072,512,warmed-built,warmup,1,5,hybrid,131072,log,26.5824,0.1441,45c4d227a4ff19f394911f5b58aa6f4e56c20e2f1535bc8ff1a3d82856301e52,268933,1534,True,2026-10-02T08:16:30.317022+00:00,20261022,234156032,234160128,2514841600,0,0,0,131072,,
n10000-h256-repeated-key-o131072-s20261022,10000,256,repeated-key,20261022,131072,512,warmed-built,warmup,1,6,hybrid,16384,merkle,16.3695,0.1529,45c4d227a4ff19f394911f5b58aa6f4e56c20e2f1535bc8ff1a3d82856301e52,268933,1534,True,2026-10-02T08:16:30.345124+00:00,20261022,234160128,234160128,2514087936,4119,2296,7906,0,,
n10000-h256-repeated-key-o131072-s20261022,10000,256,repeated-key,20261022,131072,512,warmed-built,warmup,1,7,hybrid,32768,merkle,17.959,0.1559,45c4d227a4ff19f394911f5b58aa6f4e56c20e2f1535bc8ff1a3d82856301e52,268933,1534,True,2026-10-02T08:16:30.362989+00:00,20261022,234160128,234283008,2514878464,4119,2296,7906,0,,
n10000-h256-repeated-key-o131072-s20261022,10000,256,repeated-key,20261022,131072,512,warmed-built,warmup,2,1,hybrid,16384,merkle,18.0338,0.1429,45c4d227a4ff19f394911f5b58aa6f4e56c20e2f1535bc8ff1a3d82856301e52,268933,1534,True,2026-10-02T08:16:30.382876+00:00,20261022,234283008,234283008,2515030016,4119,2296,7906,0,,
n10000-h256-repeated-key-o131072-s20261022,10000,256,repeated-key,20261022,131072,512,warmed-built,warmup,2,2,merkle,0,merkle,18.0576,0.1599,45c4d227a4ff19f394911f5b58aa6f4e56c20e2f1535bc8ff1a3d82856301e52,268933,1534,True,2026-10-02T08:16:30.402398+00:00,20261022,234283008,234409984,2513899520,4119,2296,7906,0,,
n10000-h256-repeated-key-o131072-s20261022,10000,256,repeated-key,20261022,131072,512,warmed-built,warmup,2,3,hybrid,4096,merkle,18.7908,0.154,45c4d227a4ff19f394911f5b58aa6f4e56c20e2f1535bc8ff1a3d82856301e52,268933,1534,True,2026-10-02T08:16:30.421998+00:00,20261022,234409984,234409984,2513768448,4119,2296,7906,0,,
n10000-h256-repeated-key-o131072-s20261022,10000,256,repeated-key,20261022,131072,512,warmed-built,warmup,2,4,hybrid,65536,merkle,18.4497,0.185,45c4d227a4ff19f394911f5b58aa6f4e56c20e2f1535bc8ff1a3d82856301e52,268933,1534,True,2026-10-02T08:16:30.442372+00:00,20261022,234409984,234532864,2513813504,4119,2296,7906,0,,
n10000-h256-repeated-key-o131072-s20261022,10000,256,repeated-key,20261022,131072,512,warmed-built,warmup,2,5,hybrid,131072,log,27.3198,0.1717,45c4d227a4ff19f394911f5b58aa6f4e56c20e2f1535bc8ff1a3d82856301e52,268933,1534,True,2026-10-02T08:16:30.462518+00:00,20261022,234532864,234536960,2513780736,0,0,0,131072,,
n10000-h256-repeated-key-o131072-s20261022,10000,256,repeated-key,20261022,131072,512,warmed-built,warmup,2,6,hybrid,32768,merkle,15.9959,0.1348,45c4d227a4ff19f394911f5b58aa6f4e56c20e2f1535bc8ff1a3d82856301e52,268933,1534,True,2026-10-02T08:16:30.491662+00:00,20261022,234536960,234536960,2513584128,4119,2296,7906,0,,
n10000-h256-repeated-key-o131072-s20261022,10000,256,repeated-key,20261022,131072,512,warmed-built,warmup,2,7,log,0,log,27.4105,0.1813,45c4d227a4ff19f394911f5b58aa6f4e56c20e2f1535bc8ff1a3d82856301e52,268933,1534,True,2026-10-02T08:16:30.509011+00:00,20261022,234541056,234541056,2518687744,0,0,0,131072,,
n10000-h256-repeated-key-o131072-s20261022,10000,256,repeated-key,20261022,131072,512,warmed-built,measured,1,1,hybrid,65536,merkle,18.2555,0.1566,45c4d227a4ff19f394911f5b58aa6f4e56c20e2f1535bc8ff1a3d82856301e52,268933,1534,True,2026-10-02T08:16:30.538330+00:00,20261022,234541056,234549248,2518413312,4119,2296,7906,0,,
n10000-h256-repeated-key-o131072-s20261022,10000,256,repeated-key,20261022,131072,512,warmed-built,measured,1,2,hybrid,16384,merkle,17.5416,0.1535,45c4d227a4ff19f394911f5b58aa6f4e56c20e2f1535bc8ff1a3d82856301e52,268933,1534,True,2026-10-02T08:16:30.558703+00:00,20261022,234549248,234549248,2518319104,4119,2296,7906,0,,
n10000-h256-repeated-key-o131072-s20261022,10000,256,repeated-key,20261022,131072,512,warmed-built,measured,1,3,hybrid,32768,merkle,17.8329,0.1577,45c4d227a4ff19f394911f5b58aa6f4e56c20e2f1535bc8ff1a3d82856301e52,268933,1534,True,2026-10-02T08:16:30.577755+00:00,20261022,234553344,234737664,2518044672,4119,2296,7906,0,,
n10000-h256-repeated-key-o131072-s20261022,10000,256,repeated-key,20261022,131072,512,warmed-built,measured,1,4,hybrid,131072,log,27.3952,0.1648,45c4d227a4ff19f394911f5b58aa6f4e56c20e2f1535bc8ff1a3d82856301e52,268933,1534,True,2026-10-02T08:16:30.597141+00:00,20261022,234737664,234528768,2521227264,0,0,0,131072,,
n10000-h256-repeated-key-o131072-s20261022,10000,256,repeated-key,20261022,131072,512,warmed-built,measured,1,5,merkle,0,merkle,18.2597,0.1246,45c4d227a4ff19f394911f5b58aa6f4e56c20e2f1535bc8ff1a3d82856301e52,268933,1534,True,2026-10-02T08:16:30.626440+00:00,20261022,234528768,234713088,2522226688,4119,2296,7906,0,,
n10000-h256-repeated-key-o131072-s20261022,10000,256,repeated-key,20261022,131072,512,warmed-built,measured,1,6,hybrid,4096,merkle,17.18,0.1958,45c4d227a4ff19f394911f5b58aa6f4e56c20e2f1535bc8ff1a3d82856301e52,268933,1534,True,2026-10-02T08:16:30.645865+00:00,20261022,234713088,234713088,2523660288,4119,2296,7906,0,,
n10000-h256-repeated-key-o131072-s20261022,10000,256,repeated-key,20261022,131072,512,warmed-built,measured,1,7,log,0,log,26.1829,0.1606,45c4d227a4ff19f394911f5b58aa6f4e56c20e2f1535bc8ff1a3d82856301e52,268933,1534,True,2026-10-02T08:16:30.664816+00:00,20261022,234713088,234713088,2524266496,0,0,0,131072,,
n10000-h256-repeated-key-o131072-s20261022,10000,256,repeated-key,20261022,131072,512,warmed-built,measured,2,1,hybrid,65536,merkle,18.4436,0.218,45c4d227a4ff19f394911f5b58aa6f4e56c20e2f1535bc8ff1a3d82856301e52,268933,1534,True,2026-10-02T08:16:30.692865+00:00,20261022,234713088,234893312,2519252992,4119,2296,7906,0,,
n10000-h256-repeated-key-o131072-s20261022,10000,256,repeated-key,20261022,131072,512,warmed-built,measured,2,2,merkle,0,merkle,16.7225,0.1866,45c4d227a4ff19f394911f5b58aa6f4e56c20e2f1535bc8ff1a3d82856301e52,268933,1534,True,2026-10-02T08:16:30.713288+00:00,20261022,234893312,234897408,2514968576,4119,2296,7906,0,,
n10000-h256-repeated-key-o131072-s20261022,10000,256,repeated-key,20261022,131072,512,warmed-built,measured,2,3,log,0,log,31.5449,0.167,45c4d227a4ff19f394911f5b58aa6f4e56c20e2f1535bc8ff1a3d82856301e52,268933,1534,True,2026-10-02T08:16:30.731788+00:00,20261022,234897408,234897408,2517626880,0,0,0,131072,,
n10000-h256-repeated-key-o131072-s20261022,10000,256,repeated-key,20261022,131072,512,warmed-built,measured,2,4,hybrid,16384,merkle,21.7548,0.2335,45c4d227a4ff19f394911f5b58aa6f4e56c20e2f1535bc8ff1a3d82856301e52,268933,1534,True,2026-10-02T08:16:30.764976+00:00,20261022,234897408,234897408,2516467712,4119,2296,7906,0,,
n10000-h256-repeated-key-o131072-s20261022,10000,256,repeated-key,20261022,131072,512,warmed-built,measured,2,5,hybrid,4096,merkle,22.6965,0.1745,45c4d227a4ff19f394911f5b58aa6f4e56c20e2f1535bc8ff1a3d82856301e52,268933,1534,True,2026-10-02T08:16:30.788831+00:00,20261022,234897408,234913792,2515566592,4119,2296,7906,0,,
n10000-h256-repeated-key-o131072-s20261022,10000,256,repeated-key,20261022,131072,512,warmed-built,measured,2,6,hybrid,131072,log,27.0478,0.2077,45c4d227a4ff19f394911f5b58aa6f4e56c20e2f1535bc8ff1a3d82856301e52,268933,1534,True,2026-10-02T08:16:30.813220+00:00,20261022,234913792,234913792,2513891328,0,0,0,131072,,
n10000-h256-repeated-key-o131072-s20261022,10000,256,repeated-key,20261022,131072,512,warmed-built,measured,2,7,hybrid,32768,merkle,18.0713,0.1491,45c4d227a4ff19f394911f5b58aa6f4e56c20e2f1535bc8ff1a3d82856301e52,268933,1534,True,2026-10-02T08:16:30.842210+00:00,20261022,234913792,235094016,2513121280,4119,2296,7906,0,,
n10000-h256-repeated-key-o131072-s20261022,10000,256,repeated-key,20261022,131072,512,warmed-built,measured,3,1,hybrid,4096,merkle,16.8088,0.1512,45c4d227a4ff19f394911f5b58aa6f4e56c20e2f1535bc8ff1a3d82856301e52,268933,1534,True,2026-10-02T08:16:30.861923+00:00,20261022,235098112,235139072,2513022976,4119,2296,7906,0,,
n10000-h256-repeated-key-o131072-s20261022,10000,256,repeated-key,20261022,131072,512,warmed-built,measured,3,2,merkle,0,merkle,18.2051,0.3157,45c4d227a4ff19f394911f5b58aa6f4e56c20e2f1535bc8ff1a3d82856301e52,268933,1534,True,2026-10-02T08:16:30.880309+00:00,20261022,235139072,235139072,2518482944,4119,2296,7906,0,,
n10000-h256-repeated-key-o131072-s20261022,10000,256,repeated-key,20261022,131072,512,warmed-built,measured,3,3,hybrid,32768,merkle,18.7866,0.1563,45c4d227a4ff19f394911f5b58aa6f4e56c20e2f1535bc8ff1a3d82856301e52,268933,1534,True,2026-10-02T08:16:30.900420+00:00,20261022,235139072,235139072,2520621056,4119,2296,7906,0,,
n10000-h256-repeated-key-o131072-s20261022,10000,256,repeated-key,20261022,131072,512,warmed-built,measured,3,4,hybrid,65536,merkle,18.0958,0.1709,45c4d227a4ff19f394911f5b58aa6f4e56c20e2f1535bc8ff1a3d82856301e52,268933,1534,True,2026-10-02T08:16:30.921021+00:00,20261022,235139072,235192320,2520301568,4119,2296,7906,0,,
n10000-h256-repeated-key-o131072-s20261022,10000,256,repeated-key,20261022,131072,512,warmed-built,measured,3,5,log,0,log,26.4936,0.1589,45c4d227a4ff19f394911f5b58aa6f4e56c20e2f1535bc8ff1a3d82856301e52,268933,1534,True,2026-10-02T08:16:30.940664+00:00,20261022,235192320,235192320,2519601152,0,0,0,131072,,
n10000-h256-repeated-key-o131072-s20261022,10000,256,repeated-key,20261022,131072,512,warmed-built,measured,3,6,hybrid,16384,merkle,17.0943,0.1514,45c4d227a4ff19f394911f5b58aa6f4e56c20e2f1535bc8ff1a3d82856301e52,268933,1534,True,2026-10-02T08:16:30.968856+00:00,20261022,235192320,235192320,2522222592,4119,2296,7906,0,,
n10000-h256-repeated-key-o131072-s20261022,10000,256,repeated-key,20261022,131072,512,warmed-built,measured,3,7,hybrid,131072,log,30.0113,0.1473,45c4d227a4ff19f394911f5b58aa6f4e56c20e2f1535bc8ff1a3d82856301e52,268933,1534,True,2026-10-02T08:16:30.987710+00:00,20261022,235192320,235192320,2523164672,0,0,0,131072,,
n10000-h256-repeated-key-o131072-s20261022,10000,256,repeated-key,20261022,131072,512,warmed-built,measured,4,1,hybrid,131072,log,25.7188,0.156,45c4d227a4ff19f394911f5b58aa6f4e56c20e2f1535bc8ff1a3d82856301e52,268933,1534,True,2026-10-02T08:16:31.019226+00:00,20261022,235192320,235192320,2520018944,0,0,0,131072,,
n10000-h256-repeated-key-o131072-s20261022,10000,256,repeated-key,20261022,131072,512,warmed-built,measured,4,2,merkle,0,merkle,17.342,0.1575,45c4d227a4ff19f394911f5b58aa6f4e56c20e2f1535bc8ff1a3d82856301e52,268933,1534,True,2026-10-02T08:16:31.046450+00:00,20261022,235192320,235196416,2519789568,4119,2296,7906,0,,
n10000-h256-repeated-key-o131072-s20261022,10000,256,repeated-key,20261022,131072,512,warmed-built,measured,4,3,hybrid,16384,merkle,18.0834,0.1845,45c4d227a4ff19f394911f5b58aa6f4e56c20e2f1535bc8ff1a3d82856301e52,268933,1534,True,2026-10-02T08:16:31.065253+00:00,20261022,235196416,235196416,2511900672,4119,2296,7906,0,,
n10000-h256-repeated-key-o131072-s20261022,10000,256,repeated-key,20261022,131072,512,warmed-built,measured,4,4,log,0,log,26.2345,0.1835,45c4d227a4ff19f394911f5b58aa6f4e56c20e2f1535bc8ff1a3d82856301e52,268933,1534,True,2026-10-02T08:16:31.085200+00:00,20261022,235196416,235216896,2511966208,0,0,0,131072,,
n10000-h256-repeated-key-o131072-s20261022,10000,256,repeated-key,20261022,131072,512,warmed-built,measured,4,5,hybrid,65536,merkle,17.4907,0.1768,45c4d227a4ff19f394911f5b58aa6f4e56c20e2f1535bc8ff1a3d82856301e52,268933,1534,True,2026-10-02T08:16:31.113077+00:00,20261022,235216896,235216896,2512015360,4119,2296,7906,0,,
n10000-h256-repeated-key-o131072-s20261022,10000,256,repeated-key,20261022,131072,512,warmed-built,measured,4,6,hybrid,4096,merkle,16.9455,0.3619,45c4d227a4ff19f394911f5b58aa6f4e56c20e2f1535bc8ff1a3d82856301e52,268933,1534,True,2026-10-02T08:16:31.132234+00:00,20261022,235216896,235487232,2511458304,4119,2296,7906,0,,
n10000-h256-repeated-key-o131072-s20261022,10000,256,repeated-key,20261022,131072,512,warmed-built,measured,4,7,hybrid,32768,merkle,16.2025,0.2231,45c4d227a4ff19f394911f5b58aa6f4e56c20e2f1535bc8ff1a3d82856301e52,268933,1534,True,2026-10-02T08:16:31.151156+00:00,20261022,235487232,235503616,2509389824,4119,2296,7906,0,,
n10000-h256-repeated-key-o131072-s20261022,10000,256,repeated-key,20261022,131072,512,warmed-built,measured,5,1,hybrid,131072,log,28.1676,0.1695,45c4d227a4ff19f394911f5b58aa6f4e56c20e2f1535bc8ff1a3d82856301e52,268933,1534,True,2026-10-02T08:16:31.169247+00:00,20261022,235503616,235503616,2511687680,0,0,0,131072,,
n10000-h256-repeated-key-o131072-s20261022,10000,256,repeated-key,20261022,131072,512,warmed-built,measured,5,2,hybrid,4096,merkle,16.4109,0.1718,45c4d227a4ff19f394911f5b58aa6f4e56c20e2f1535bc8ff1a3d82856301e52,268933,1534,True,2026-10-02T08:16:31.198978+00:00,20261022,235503616,235503616,2511486976,4119,2296,7906,0,,
n10000-h256-repeated-key-o131072-s20261022,10000,256,repeated-key,20261022,131072,512,warmed-built,measured,5,3,hybrid,16384,merkle,17.8459,0.1414,45c4d227a4ff19f394911f5b58aa6f4e56c20e2f1535bc8ff1a3d82856301e52,268933,1534,True,2026-10-02T08:16:31.217034+00:00,20261022,235503616,235503616,2508300288,4119,2296,7906,0,,
n10000-h256-repeated-key-o131072-s20261022,10000,256,repeated-key,20261022,131072,512,warmed-built,measured,5,4,hybrid,65536,merkle,17.431,0.1765,45c4d227a4ff19f394911f5b58aa6f4e56c20e2f1535bc8ff1a3d82856301e52,268933,1534,True,2026-10-02T08:16:31.236291+00:00,20261022,235503616,235503616,2503122944,4119,2296,7906,0,,
n10000-h256-repeated-key-o131072-s20261022,10000,256,repeated-key,20261022,131072,512,warmed-built,measured,5,5,hybrid,32768,merkle,16.5557,0.1378,45c4d227a4ff19f394911f5b58aa6f4e56c20e2f1535bc8ff1a3d82856301e52,268933,1534,True,2026-10-02T08:16:31.255447+00:00,20261022,235503616,235556864,2502631424,4119,2296,7906,0,,
n10000-h256-repeated-key-o131072-s20261022,10000,256,repeated-key,20261022,131072,512,warmed-built,measured,5,6,merkle,0,merkle,18.4798,0.156,45c4d227a4ff19f394911f5b58aa6f4e56c20e2f1535bc8ff1a3d82856301e52,268933,1534,True,2026-10-02T08:16:31.273394+00:00,20261022,235556864,235827200,2501918720,4119,2296,7906,0,,
n10000-h256-repeated-key-o131072-s20261022,10000,256,repeated-key,20261022,131072,512,warmed-built,measured,5,7,log,0,log,29.5894,0.1975,45c4d227a4ff19f394911f5b58aa6f4e56c20e2f1535bc8ff1a3d82856301e52,268933,1534,True,2026-10-02T08:16:31.293346+00:00,20261022,235827200,235827200,2499440640,0,0,0,131072,,
n10000-h256-repeated-key-o131072-s20261023,10000,256,repeated-key,20261023,131072,512,warmed-built,warmup,1,1,hybrid,4096,merkle,80.4616,0.1799,2bec2eda4b0f5972551df6cf7b68fdec2598b5b08e67c24c5d2a07eafc9da148,268933,1534,True,2026-10-02T08:18:07.300164+00:00,20261023,232861696,234078208,2531278848,4119,2296,7906,0,,
n10000-h256-repeated-key-o131072-s20261023,10000,256,repeated-key,20261023,131072,512,warmed-built,warmup,1,2,hybrid,131072,log,29.4297,0.1544,2bec2eda4b0f5972551df6cf7b68fdec2598b5b08e67c24c5d2a07eafc9da148,268933,1534,True,2026-10-02T08:18:07.382893+00:00,20261023,234082304,234143744,2530910208,0,0,0,131072,,
n10000-h256-repeated-key-o131072-s20261023,10000,256,repeated-key,20261023,131072,512,warmed-built,warmup,1,3,log,0,log,32.1024,0.2232,2bec2eda4b0f5972551df6cf7b68fdec2598b5b08e67c24c5d2a07eafc9da148,268933,1534,True,2026-10-02T08:18:07.414266+00:00,20261023,234147840,234176512,2544955392,0,0,0,131072,,
n10000-h256-repeated-key-o131072-s20261023,10000,256,repeated-key,20261023,131072,512,warmed-built,warmup,1,4,hybrid,32768,merkle,20.914,0.3826,2bec2eda4b0f5972551df6cf7b68fdec2598b5b08e67c24c5d2a07eafc9da148,268933,1534,True,2026-10-02T08:18:07.448710+00:00,20261023,234176512,234180608,2540736512,4119,2296,7906,0,,
n10000-h256-repeated-key-o131072-s20261023,10000,256,repeated-key,20261023,131072,512,warmed-built,warmup,1,5,hybrid,65536,merkle,19.7758,0.2067,2bec2eda4b0f5972551df6cf7b68fdec2598b5b08e67c24c5d2a07eafc9da148,268933,1534,True,2026-10-02T08:18:07.471983+00:00,20261023,234180608,234246144,2536349696,4119,2296,7906,0,,
n10000-h256-repeated-key-o131072-s20261023,10000,256,repeated-key,20261023,131072,512,warmed-built,warmup,1,6,merkle,0,merkle,18.0552,0.147,2bec2eda4b0f5972551df6cf7b68fdec2598b5b08e67c24c5d2a07eafc9da148,268933,1534,True,2026-10-02T08:18:07.493623+00:00,20261023,234246144,234340352,2539442176,4119,2296,7906,0,,
n10000-h256-repeated-key-o131072-s20261023,10000,256,repeated-key,20261023,131072,512,warmed-built,warmup,1,7,hybrid,16384,merkle,20.4714,0.2172,2bec2eda4b0f5972551df6cf7b68fdec2598b5b08e67c24c5d2a07eafc9da148,268933,1534,True,2026-10-02T08:18:07.513111+00:00,20261023,234340352,234528768,2538614784,4119,2296,7906,0,,
n10000-h256-repeated-key-o131072-s20261023,10000,256,repeated-key,20261023,131072,512,warmed-built,warmup,2,1,merkle,0,merkle,24.0009,0.2018,2bec2eda4b0f5972551df6cf7b68fdec2598b5b08e67c24c5d2a07eafc9da148,268933,1534,True,2026-10-02T08:18:07.535362+00:00,20261023,234528768,234528768,2548371456,4119,2296,7906,0,,
n10000-h256-repeated-key-o131072-s20261023,10000,256,repeated-key,20261023,131072,512,warmed-built,warmup,2,2,hybrid,131072,log,32.6558,0.1934,2bec2eda4b0f5972551df6cf7b68fdec2598b5b08e67c24c5d2a07eafc9da148,268933,1534,True,2026-10-02T08:18:07.561250+00:00,20261023,234528768,234553344,2548207616,0,0,0,131072,,
n10000-h256-repeated-key-o131072-s20261023,10000,256,repeated-key,20261023,131072,512,warmed-built,warmup,2,3,hybrid,16384,merkle,19.0197,0.2011,2bec2eda4b0f5972551df6cf7b68fdec2598b5b08e67c24c5d2a07eafc9da148,268933,1534,True,2026-10-02T08:18:07.595985+00:00,20261023,234553344,234639360,2547650560,4119,2296,7906,0,,
n10000-h256-repeated-key-o131072-s20261023,10000,256,repeated-key,20261023,131072,512,warmed-built,warmup,2,4,hybrid,65536,merkle,21.5987,0.1749,2bec2eda4b0f5972551df6cf7b68fdec2598b5b08e67c24c5d2a07eafc9da148,268933,1534,True,2026-10-02T08:18:07.616927+00:00,20261023,234639360,234643456,2545950720,4119,2296,7906,0,,
n10000-h256-repeated-key-o131072-s20261023,10000,256,repeated-key,20261023,131072,512,warmed-built,warmup,2,5,log,0,log,34.1082,0.2132,2bec2eda4b0f5972551df6cf7b68fdec2598b5b08e67c24c5d2a07eafc9da148,268933,1534,True,2026-10-02T08:18:07.640271+00:00,20261023,234643456,234643456,2542436352,0,0,0,131072,,
n10000-h256-repeated-key-o131072-s20261023,10000,256,repeated-key,20261023,131072,512,warmed-built,warmup,2,6,hybrid,32768,merkle,15.8502,0.1694,2bec2eda4b0f5972551df6cf7b68fdec2598b5b08e67c24c5d2a07eafc9da148,268933,1534,True,2026-10-02T08:18:07.676204+00:00,20261023,234643456,234659840,2540122112,4119,2296,7906,0,,
n10000-h256-repeated-key-o131072-s20261023,10000,256,repeated-key,20261023,131072,512,warmed-built,warmup,2,7,hybrid,4096,merkle,19.6369,0.1569,2bec2eda4b0f5972551df6cf7b68fdec2598b5b08e67c24c5d2a07eafc9da148,268933,1534,True,2026-10-02T08:18:07.693799+00:00,20261023,234659840,234659840,2538897408,4119,2296,7906,0,,
n10000-h256-repeated-key-o131072-s20261023,10000,256,repeated-key,20261023,131072,512,warmed-built,measured,1,1,hybrid,65536,merkle,18.3222,0.1694,2bec2eda4b0f5972551df6cf7b68fdec2598b5b08e67c24c5d2a07eafc9da148,268933,1534,True,2026-10-02T08:18:07.715144+00:00,20261023,234663936,234819584,2538250240,4119,2296,7906,0,,
n10000-h256-repeated-key-o131072-s20261023,10000,256,repeated-key,20261023,131072,512,warmed-built,measured,1,2,merkle,0,merkle,18.0146,0.203,2bec2eda4b0f5972551df6cf7b68fdec2598b5b08e67c24c5d2a07eafc9da148,268933,1534,True,2026-10-02T08:18:07.735148+00:00,20261023,234819584,234819584,2544783360,4119,2296,7906,0,,
n10000-h256-repeated-key-o131072-s20261023,10000,256,repeated-key,20261023,131072,512,warmed-built,measured,1,3,hybrid,131072,log,31.7379,0.1606,2bec2eda4b0f5972551df6cf7b68fdec2598b5b08e67c24c5d2a07eafc9da148,268933,1534,True,2026-10-02T08:18:07.754868+00:00,20261023,234819584,234827776,2541756416,0,0,0,131072,,
n10000-h256-repeated-key-o131072-s20261023,10000,256,repeated-key,20261023,131072,512,warmed-built,measured,1,4,hybrid,4096,merkle,18.2619,0.1693,2bec2eda4b0f5972551df6cf7b68fdec2598b5b08e67c24c5d2a07eafc9da148,268933,1534,True,2026-10-02T08:18:07.788248+00:00,20261023,234827776,234827776,2541080576,4119,2296,7906,0,,
n10000-h256-repeated-key-o131072-s20261023,10000,256,repeated-key,20261023,131072,512,warmed-built,measured,1,5,hybrid,32768,merkle,17.8321,0.1645,2bec2eda4b0f5972551df6cf7b68fdec2598b5b08e67c24c5d2a07eafc9da148,268933,1534,True,2026-10-02T08:18:07.808004+00:00,20261023,234827776,234983424,2540736512,4119,2296,7906,0,,
n10000-h256-repeated-key-o131072-s20261023,10000,256,repeated-key,20261023,131072,512,warmed-built,measured,1,6,hybrid,16384,merkle,19.7946,0.1469,2bec2eda4b0f5972551df6cf7b68fdec2598b5b08e67c24c5d2a07eafc9da148,268933,1534,True,2026-10-02T08:18:07.827705+00:00,20261023,234983424,234983424,2538057728,4119,2296,7906,0,,
n10000-h256-repeated-key-o131072-s20261023,10000,256,repeated-key,20261023,131072,512,warmed-built,measured,1,7,log,0,log,29.9015,0.1608,2bec2eda4b0f5972551df6cf7b68fdec2598b5b08e67c24c5d2a07eafc9da148,268933,1534,True,2026-10-02T08:18:07.849065+00:00,20261023,234983424,234983424,2549948416,0,0,0,131072,,
n10000-h256-repeated-key-o131072-s20261023,10000,256,repeated-key,20261023,131072,512,warmed-built,measured,2,1,hybrid,16384,merkle,20.7731,0.1639,2bec2eda4b0f5972551df6cf7b68fdec2598b5b08e67c24c5d2a07eafc9da148,268933,1534,True,2026-10-02T08:18:07.880646+00:00,20261023,234983424,234983424,2550738944,4119,2296,7906,0,,
n10000-h256-repeated-key-o131072-s20261023,10000,256,repeated-key,20261023,131072,512,warmed-built,measured,2,2,log,0,log,25.8826,0.1628,2bec2eda4b0f5972551df6cf7b68fdec2598b5b08e67c24c5d2a07eafc9da148,268933,1534,True,2026-10-02T08:18:07.902815+00:00,20261023,234983424,234983424,2550194176,0,0,0,131072,,
n10000-h256-repeated-key-o131072-s20261023,10000,256,repeated-key,20261023,131072,512,warmed-built,measured,2,3,hybrid,65536,merkle,18.9821,0.3296,2bec2eda4b0f5972551df6cf7b68fdec2598b5b08e67c24c5d2a07eafc9da148,268933,1534,True,2026-10-02T08:18:07.930465+00:00,20261023,234983424,235134976,2549743616,4119,2296,7906,0,,
n10000-h256-repeated-key-o131072-s20261023,10000,256,repeated-key,20261023,131072,512,warmed-built,measured,2,4,hybrid,32768,merkle,20.858,0.154,2bec2eda4b0f5972551df6cf7b68fdec2598b5b08e67c24c5d2a07eafc9da148,268933,1534,True,2026-10-02T08:18:07.951083+00:00,20261023,235134976,235134976,2549379072,4119,2296,7906,0,,
n10000-h256-repeated-key-o131072-s20261023,10000,256,repeated-key,20261023,131072,512,warmed-built,measured,2,5,merkle,0,merkle,17.559,0.1693,2bec2eda4b0f5972551df6cf7b68fdec2598b5b08e67c24c5d2a07eafc9da148,268933,1534,True,2026-10-02T08:18:07.973417+00:00,20261023,235134976,235134976,2554179584,4119,2296,7906,0,,
n10000-h256-repeated-key-o131072-s20261023,10000,256,repeated-key,20261023,131072,512,warmed-built,measured,2,6,hybrid,131072,log,24.3211,0.1717,2bec2eda4b0f5972551df6cf7b68fdec2598b5b08e67c24c5d2a07eafc9da148,268933,1534,True,2026-10-02T08:18:07.992550+00:00,20261023,235134976,235134976,2549637120,0,0,0,131072,,
n10000-h256-repeated-key-o131072-s20261023,10000,256,repeated-key,20261023,131072,512,warmed-built,measured,2,7,hybrid,4096,merkle,22.3703,0.1881,2bec2eda4b0f5972551df6cf7b68fdec2598b5b08e67c24c5d2a07eafc9da148,268933,1534,True,2026-10-02T08:18:08.018898+00:00,20261023,235134976,235552768,2548174848,4119,2296,7906,0,,
n10000-h256-repeated-key-o131072-s20261023,10000,256,repeated-key,20261023,131072,512,warmed-built,measured,3,1,log,0,log,26.5815,0.1327,2bec2eda4b0f5972551df6cf7b68fdec2598b5b08e67c24c5d2a07eafc9da148,268933,1534,True,2026-10-02T08:18:08.043071+00:00,20261023,235552768,235110400,2547884032,0,0,0,131072,,
n10000-h256-repeated-key-o131072-s20261023,10000,256,repeated-key,20261023,131072,512,warmed-built,measured,3,2,hybrid,32768,merkle,17.1918,0.152,2bec2eda4b0f5972551df6cf7b68fdec2598b5b08e67c24c5d2a07eafc9da148,268933,1534,True,2026-10-02T08:18:08.071333+00:00,20261023,235110400,235282432,2551492608,4119,2296,7906,0,,
n10000-h256-repeated-key-o131072-s20261023,10000,256,repeated-key,20261023,131072,512,warmed-built,measured,3,3,hybrid,16384,merkle,22.4768,0.1601,2bec2eda4b0f5972551df6cf7b68fdec2598b5b08e67c24c5d2a07eafc9da148,268933,1534,True,2026-10-02T08:18:08.090151+00:00,20261023,235286528,235286528,2554122240,4119,2296,7906,0,,
n10000-h256-repeated-key-o131072-s20261023,10000,256,repeated-key,20261023,131072,512,warmed-built,measured,3,4,hybrid,65536,merkle,17.2924,0.1742,2bec2eda4b0f5972551df6cf7b68fdec2598b5b08e67c24c5d2a07eafc9da148,268933,1534,True,2026-10-02T08:18:08.114346+00:00,20261023,235286528,235335680,2556641280,4119,2296,7906,0,,
n10000-h256-repeated-key-o131072-s20261023,10000,256,repeated-key,20261023,131072,512,warmed-built,measured,3,5,hybrid,131072,log,29.3689,0.276,2bec2eda4b0f5972551df6cf7b68fdec2598b5b08e67c24c5d2a07eafc9da148,268933,1534,True,2026-10-02T08:18:08.133150+00:00,20261023,235335680,235335680,2556366848,0,0,0,131072,,
n10000-h256-repeated-key-o131072-s20261023,10000,256,repeated-key,20261023,131072,512,warmed-built,measured,3,6,hybrid,4096,merkle,19.6961,0.1942,2bec2eda4b0f5972551df6cf7b68fdec2598b5b08e67c24c5d2a07eafc9da148,268933,1534,True,2026-10-02T08:18:08.164575+00:00,20261023,235335680,235487232,2553999360,4119,2296,7906,0,,
n10000-h256-repeated-key-o131072-s20261023,10000,256,repeated-key,20261023,131072,512,warmed-built,measured,3,7,merkle,0,merkle,18.812,0.225,2bec2eda4b0f5972551df6cf7b68fdec2598b5b08e67c24c5d2a07eafc9da148,268933,1534,True,2026-10-02T08:18:08.186092+00:00,20261023,235487232,235487232,2550509568,4119,2296,7906,0,,
n10000-h256-repeated-key-o131072-s20261023,10000,256,repeated-key,20261023,131072,512,warmed-built,measured,4,1,hybrid,4096,merkle,20.0219,0.1766,2bec2eda4b0f5972551df6cf7b68fdec2598b5b08e67c24c5d2a07eafc9da148,268933,1534,True,2026-10-02T08:18:08.207258+00:00,20261023,235487232,235487232,2551840768,4119,2296,7906,0,,
n10000-h256-repeated-key-o131072-s20261023,10000,256,repeated-key,20261023,131072,512,warmed-built,measured,4,2,hybrid,32768,merkle,17.4718,0.179,2bec2eda4b0f5972551df6cf7b68fdec2598b5b08e67c24c5d2a07eafc9da148,268933,1534,True,2026-10-02T08:18:08.229002+00:00,20261023,235487232,235536384,2547613696,4119,2296,7906,0,,
n10000-h256-repeated-key-o131072-s20261023,10000,256,repeated-key,20261023,131072,512,warmed-built,measured,4,3,merkle,0,merkle,19.9601,0.1654,2bec2eda4b0f5972551df6cf7b68fdec2598b5b08e67c24c5d2a07eafc9da148,268933,1534,True,2026-10-02T08:18:08.248190+00:00,20261023,235536384,235692032,2546913280,4119,2296,7906,0,,
n10000-h256-repeated-key-o131072-s20261023,10000,256,repeated-key,20261023,131072,512,warmed-built,measured,4,4,log,0,log,27.6551,0.1686,2bec2eda4b0f5972551df6cf7b68fdec2598b5b08e67c24c5d2a07eafc9da148,268933,1534,True,2026-10-02T08:18:08.269798+00:00,20261023,235692032,235692032,2546884608,0,0,0,131072,,
n10000-h256-repeated-key-o131072-s20261023,10000,256,repeated-key,20261023,131072,512,warmed-built,measured,4,5,hybrid,65536,merkle,16.8785,0.139,2bec2eda4b0f5972551df6cf7b68fdec2598b5b08e67c24c5d2a07eafc9da148,268933,1534,True,2026-10-02T08:18:08.299054+00:00,20261023,235692032,235692032,2546884608,4119,2296,7906,0,,
n10000-h256-repeated-key-o131072-s20261023,10000,256,repeated-key,20261023,131072,512,warmed-built,measured,4,6,hybrid,16384,merkle,16.1057,0.1402,2bec2eda4b0f5972551df6cf7b68fdec2598b5b08e67c24c5d2a07eafc9da148,268933,1534,True,2026-10-02T08:18:08.317578+00:00,20261023,235692032,235692032,2546814976,4119,2296,7906,0,,
n10000-h256-repeated-key-o131072-s20261023,10000,256,repeated-key,20261023,131072,512,warmed-built,measured,4,7,hybrid,131072,log,23.9384,0.143,2bec2eda4b0f5972551df6cf7b68fdec2598b5b08e67c24c5d2a07eafc9da148,268933,1534,True,2026-10-02T08:18:08.335403+00:00,20261023,235692032,235692032,2547580928,0,0,0,131072,,
n10000-h256-repeated-key-o131072-s20261023,10000,256,repeated-key,20261023,131072,512,warmed-built,measured,5,1,merkle,0,merkle,16.6041,0.1434,2bec2eda4b0f5972551df6cf7b68fdec2598b5b08e67c24c5d2a07eafc9da148,268933,1534,True,2026-10-02T08:18:08.360984+00:00,20261023,235692032,235741184,2547372032,4119,2296,7906,0,,
n10000-h256-repeated-key-o131072-s20261023,10000,256,repeated-key,20261023,131072,512,warmed-built,measured,5,2,hybrid,131072,log,26.9178,0.2016,2bec2eda4b0f5972551df6cf7b68fdec2598b5b08e67c24c5d2a07eafc9da148,268933,1534,True,2026-10-02T08:18:08.379130+00:00,20261023,235741184,235741184,2546413568,0,0,0,131072,,
n10000-h256-repeated-key-o131072-s20261023,10000,256,repeated-key,20261023,131072,512,warmed-built,measured,5,3,hybrid,65536,merkle,18.6303,0.1625,2bec2eda4b0f5972551df6cf7b68fdec2598b5b08e67c24c5d2a07eafc9da148,268933,1534,True,2026-10-02T08:18:08.407812+00:00,20261023,235741184,235896832,2544816128,4119,2296,7906,0,,
n10000-h256-repeated-key-o131072-s20261023,10000,256,repeated-key,20261023,131072,512,warmed-built,measured,5,4,hybrid,16384,merkle,17.2739,0.1498,2bec2eda4b0f5972551df6cf7b68fdec2598b5b08e67c24c5d2a07eafc9da148,268933,1534,True,2026-10-02T08:18:08.427939+00:00,20261023,235896832,235896832,2544123904,4119,2296,7906,0,,
n10000-h256-repeated-key-o131072-s20261023,10000,256,repeated-key,20261023,131072,512,warmed-built,measured,5,5,log,0,log,25.7892,0.1481,2bec2eda4b0f5972551df6cf7b68fdec2598b5b08e67c24c5d2a07eafc9da148,268933,1534,True,2026-10-02T08:18:08.446633+00:00,20261023,235896832,235896832,2544119808,0,0,0,131072,,
n10000-h256-repeated-key-o131072-s20261023,10000,256,repeated-key,20261023,131072,512,warmed-built,measured,5,6,hybrid,32768,merkle,16.8204,0.1427,2bec2eda4b0f5972551df6cf7b68fdec2598b5b08e67c24c5d2a07eafc9da148,268933,1534,True,2026-10-02T08:18:08.474029+00:00,20261023,235896832,235896832,2547703808,4119,2296,7906,0,,
n10000-h256-repeated-key-o131072-s20261023,10000,256,repeated-key,20261023,131072,512,warmed-built,measured,5,7,hybrid,4096,merkle,16.5843,0.1529,2bec2eda4b0f5972551df6cf7b68fdec2598b5b08e67c24c5d2a07eafc9da148,268933,1534,True,2026-10-02T08:18:08.492317+00:00,20261023,235896832,235913216,2549362688,4119,2296,7906,0,,
n100000-h64-spread-o65536-s20261021,100000,64,spread,20261021,65536,1024,warmed-built,warmup,1,1,hybrid,16384,merkle,578.3974,0.0727,7b0589d57ff17401c91b91b76e3dc6b2b378913cf59afa3f62d206f166df70b1,9448293,48246,True,2026-10-02T08:19:05.765744+00:00,20261021,295952384,312324096,2469195776,4681,0,200000,0,,
n100000-h64-spread-o65536-s20261021,100000,64,spread,20261021,65536,1024,warmed-built,warmup,1,2,log,0,log,337.9124,0.0647,7b0589d57ff17401c91b91b76e3dc6b2b378913cf59afa3f62d206f166df70b1,9448293,48246,True,2026-10-02T08:19:06.352911+00:00,20261021,302878720,314687488,2484367360,0,0,0,65536,,
n100000-h64-spread-o65536-s20261021,100000,64,spread,20261021,65536,1024,warmed-built,warmup,1,3,hybrid,32768,merkle,368.6488,0.0619,7b0589d57ff17401c91b91b76e3dc6b2b378913cf59afa3f62d206f166df70b1,9448293,48246,True,2026-10-02T08:19:06.705098+00:00,20261021,304193536,317710336,2478112768,4681,0,200000,0,,
n100000-h64-spread-o65536-s20261021,100000,64,spread,20261021,65536,1024,warmed-built,warmup,1,4,hybrid,131072,log,325.2531,0.0631,7b0589d57ff17401c91b91b76e3dc6b2b378913cf59afa3f62d206f166df70b1,9448293,48246,True,2026-10-02T08:19:07.082895+00:00,20261021,308260864,322117632,2452504576,0,0,0,65536,,
n100000-h64-spread-o65536-s20261021,100000,64,spread,20261021,65536,1024,warmed-built,warmup,1,5,hybrid,4096,merkle,359.0974,0.0462,7b0589d57ff17401c91b91b76e3dc6b2b378913cf59afa3f62d206f166df70b1,9448293,48246,True,2026-10-02T08:19:07.420614+00:00,20261021,310571008,324177920,2472574976,4681,0,200000,0,,
n100000-h64-spread-o65536-s20261021,100000,64,spread,20261021,65536,1024,warmed-built,warmup,1,6,hybrid,65536,log,364.7166,0.0788,7b0589d57ff17401c91b91b76e3dc6b2b378913cf59afa3f62d206f166df70b1,9448293,48246,True,2026-10-02T08:19:07.789336+00:00,20261021,314728448,330661888,2472448000,0,0,0,65536,,
n100000-h64-spread-o65536-s20261021,100000,64,spread,20261021,65536,1024,warmed-built,warmup,1,7,merkle,0,merkle,402.1694,0.0638,7b0589d57ff17401c91b91b76e3dc6b2b378913cf59afa3f62d206f166df70b1,9448293,48246,True,2026-10-02T08:19:08.167023+00:00,20261021,317018112,332587008,2466451456,4681,0,200000,0,,
n100000-h64-spread-o65536-s20261021,100000,64,spread,20261021,65536,1024,warmed-built,warmup,2,1,hybrid,16384,merkle,381.5551,0.063,7b0589d57ff17401c91b91b76e3dc6b2b378913cf59afa3f62d206f166df70b1,9448293,48246,True,2026-10-02T08:19:08.577509+00:00,20261021,323137536,339976192,2466050048,4681,0,200000,0,,
n100000-h64-spread-o65536-s20261021,100000,64,spread,20261021,65536,1024,warmed-built,warmup,2,2,hybrid,4096,merkle,433.9116,0.0618,7b0589d57ff17401c91b91b76e3dc6b2b378913cf59afa3f62d206f166df70b1,9448293,48246,True,2026-10-02T08:19:08.969756+00:00,20261021,330526720,347357184,2448117760,4681,0,200000,0,,
n100000-h64-spread-o65536-s20261021,100000,64,spread,20261021,65536,1024,warmed-built,warmup,2,3,merkle,0,merkle,373.8901,0.0664,7b0589d57ff17401c91b91b76e3dc6b2b378913cf59afa3f62d206f166df70b1,9448293,48246,True,2026-10-02T08:19:09.411645+00:00,20261021,337907712,353685504,2435235840,4681,0,200000,0,,
n100000-h64-spread-o65536-s20261021,100000,64,spread,20261021,65536,1024,warmed-built,warmup,2,4,hybrid,65536,log,533.5625,0.0655,7b0589d57ff17401c91b91b76e3dc6b2b378913cf59afa3f62d206f166df70b1,9448293,48246,True,2026-10-02T08:19:09.793359+00:00,20261021,344236032,340721664,2454290432,0,0,0,65536,,
n100000-h64-spread-o65536-s20261021,100000,64,spread,20261021,65536,1024,warmed-built,warmup,2,5,hybrid,32768,merkle,347.958,0.0836,7b0589d57ff17401c91b91b76e3dc6b2b378913cf59afa3f62d206f166df70b1,9448293,48246,True,2026-10-02T08:19:10.339323+00:00,20261021,323932160,327471104,2470510592,4681,0,200000,0,,
n100000-h64-spread-o65536-s20261021,100000,64,spread,20261021,65536,1024,warmed-built,warmup,2,6,log,0,log,488.226,0.0653,7b0589d57ff17401c91b91b76e3dc6b2b378913cf59afa3f62d206f166df70b1,9448293,48246,True,2026-10-02T08:19:10.702225+00:00,20261021,318021632,328540160,2472239104,0,0,0,65536,,
n100000-h64-spread-o65536-s20261021,100000,64,spread,20261021,65536,1024,warmed-built,warmup,2,7,hybrid,131072,log,310.225,0.0679,7b0589d57ff17401c91b91b76e3dc6b2b378913cf59afa3f62d206f166df70b1,9448293,48246,True,2026-10-02T08:19:11.203645+00:00,20261021,319090688,328540160,2471092224,0,0,0,65536,,
n100000-h64-spread-o65536-s20261021,100000,64,spread,20261021,65536,1024,warmed-built,measured,1,1,merkle,0,merkle,357.0949,0.0755,7b0589d57ff17401c91b91b76e3dc6b2b378913cf59afa3f62d206f166df70b1,9448293,48246,True,2026-10-02T08:19:11.526877+00:00,20261021,318042112,329416704,2454781952,4681,0,200000,0,,
n100000-h64-spread-o65536-s20261021,100000,64,spread,20261021,65536,1024,warmed-built,measured,1,2,hybrid,32768,merkle,406.5031,0.0641,7b0589d57ff17401c91b91b76e3dc6b2b378913cf59afa3f62d206f166df70b1,9448293,48246,True,2026-10-02T08:19:11.891843+00:00,20261021,319967232,332578816,2455629824,4681,0,200000,0,,
n100000-h64-spread-o65536-s20261021,100000,64,spread,20261021,65536,1024,warmed-built,measured,1,3,log,0,log,311.0163,0.0525,7b0589d57ff17401c91b91b76e3dc6b2b378913cf59afa3f62d206f166df70b1,9448293,48246,True,2026-10-02T08:19:12.306290+00:00,20261021,323129344,333836288,2462691328,0,0,0,65536,,
n100000-h64-spread-o65536-s20261021,100000,64,spread,20261021,65536,1024,warmed-built,measured,1,4,hybrid,65536,log,358.3684,0.0624,7b0589d57ff17401c91b91b76e3dc6b2b378913cf59afa3f62d206f166df70b1,9448293,48246,True,2026-10-02T08:19:12.628038+00:00,20261021,323338240,333836288,2454462464,0,0,0,65536,,
n100000-h64-spread-o65536-s20261021,100000,64,spread,20261021,65536,1024,warmed-built,measured,1,5,hybrid,131072,log,253.3034,0.0871,7b0589d57ff17401c91b91b76e3dc6b2b378913cf59afa3f62d206f166df70b1,9448293,48246,True,2026-10-02T08:19:12.998841+00:00,20261021,323338240,333836288,2459152384,0,0,0,65536,,
n100000-h64-spread-o65536-s20261021,100000,64,spread,20261021,65536,1024,warmed-built,measured,1,6,hybrid,4096,merkle,323.3127,0.0672,7b0589d57ff17401c91b91b76e3dc6b2b378913cf59afa3f62d206f166df70b1,9448293,48246,True,2026-10-02T08:19:13.266697+00:00,20261021,323338240,335761408,2466471936,4681,0,200000,0,,
n100000-h64-spread-o65536-s20261021,100000,64,spread,20261021,65536,1024,warmed-built,measured,1,7,hybrid,16384,merkle,399.924,0.0445,7b0589d57ff17401c91b91b76e3dc6b2b378913cf59afa3f62d206f166df70b1,9448293,48246,True,2026-10-02T08:19:13.598651+00:00,20261021,326311936,341041152,2460672000,4681,0,200000,0,,
n100000-h64-spread-o65536-s20261021,100000,64,spread,20261021,65536,1024,warmed-built,measured,2,1,hybrid,16384,merkle,395.8963,0.0456,7b0589d57ff17401c91b91b76e3dc6b2b378913cf59afa3f62d206f166df70b1,9448293,48246,True,2026-10-02T08:19:14.006660+00:00,20261021,331591680,347373568,2457702400,4681,0,200000,0,,
n100000-h64-spread-o65536-s20261021,100000,64,spread,20261021,65536,1024,warmed-built,measured,2,2,hybrid,65536,log,331.0108,0.0477,7b0589d57ff17401c91b91b76e3dc6b2b378913cf59afa3f62d206f166df70b1,9448293,48246,True,2026-10-02T08:19:14.409864+00:00,20261021,337924096,351776768,2521149440,0,0,0,65536,,
n100000-h64-spread-o65536-s20261021,100000,64,spread,20261021,65536,1024,warmed-built,measured,2,3,merkle,0,merkle,548.6394,0.0547,7b0589d57ff17401c91b91b76e3dc6b2b378913cf59afa3f62d206f166df70b1,9448293,48246,True,2026-10-02T08:19:14.751523+00:00,20261021,339181568,340729856,2526523392,4681,0,200000,0,,
n100000-h64-spread-o65536-s20261021,100000,64,spread,20261021,65536,1024,warmed-built,measured,2,4,hybrid,32768,merkle,515.7551,0.0628,7b0589d57ff17401c91b91b76e3dc6b2b378913cf59afa3f62d206f166df70b1,9448293,48246,True,2026-10-02T08:19:15.315018+00:00,20261021,329183232,333561856,2531049472,4681,0,200000,0,,
n100000-h64-spread-o65536-s20261021,100000,64,spread,20261021,65536,1024,warmed-built,measured,2,5,log,0,log,315.3743,0.0729,7b0589d57ff17401c91b91b76e3dc6b2b378913cf59afa3f62d206f166df70b1,9448293,48246,True,2026-10-02T08:19:15.844417+00:00,20261021,324112384,332513280,2531176448,0,0,0,65536,,
n100000-h64-spread-o65536-s20261021,100000,64,spread,20261021,65536,1024,warmed-built,measured,2,6,hybrid,4096,merkle,337.4235,0.049,7b0589d57ff17401c91b91b76e3dc6b2b378913cf59afa3f62d206f166df70b1,9448293,48246,True,2026-10-02T08:19:16.172729+00:00,20261021,323063808,334438400,2535075840,4681,0,200000,0,,
n100000-h64-spread-o65536-s20261021,100000,64,spread,20261021,65536,1024,warmed-built,measured,2,7,hybrid,131072,log,321.8187,0.064,7b0589d57ff17401c91b91b76e3dc6b2b378913cf59afa3f62d206f166df70b1,9448293,48246,True,2026-10-02T08:19:16.517970+00:00,20261021,324988928,335867904,2534371328,0,0,0,65536,,
n100000-h64-spread-o65536-s20261021,100000,64,spread,20261021,65536,1024,warmed-built,measured,3,1,hybrid,131072,log,308.0209,0.0453,7b0589d57ff17401c91b91b76e3dc6b2b378913cf59afa3f62d206f166df70b1,9448293,48246,True,2026-10-02T08:19:16.851515+00:00,20261021,326418432,336916480,2536718336,0,0,0,65536,,
n100000-h64-spread-o65536-s20261021,100000,64,spread,20261021,65536,1024,warmed-built,measured,3,2,merkle,0,merkle,371.1813,0.0797,7b0589d57ff17401c91b91b76e3dc6b2b378913cf59afa3f62d206f166df70b1,9448293,48246,True,2026-10-02T08:19:17.170201+00:00,20261021,327467008,339509248,2539929600,4681,0,200000,0,,
n100000-h64-spread-o65536-s20261021,100000,64,spread,20261021,65536,1024,warmed-built,measured,3,3,hybrid,16384,merkle,362.0856,0.0468,7b0589d57ff17401c91b91b76e3dc6b2b378913cf59afa3f62d206f166df70b1,9448293,48246,True,2026-10-02T08:19:17.549547+00:00,20261021,330059776,342024192,2526945280,4681,0,200000,0,,
n100000-h64-spread-o65536-s20261021,100000,64,spread,20261021,65536,1024,warmed-built,measured,3,4,hybrid,32768,merkle,396.4924,0.0747,7b0589d57ff17401c91b91b76e3dc6b2b378913cf59afa3f62d206f166df70b1,9448293,48246,True,2026-10-02T08:19:17.920168+00:00,20261021,332574720,345206784,2524352512,4681,0,200000,0,,
n100000-h64-spread-o65536-s20261021,100000,64,spread,20261021,65536,1024,warmed-built,measured,3,5,hybrid,65536,log,352.7224,0.065,7b0589d57ff17401c91b91b76e3dc6b2b378913cf59afa3f62d206f166df70b1,9448293,48246,True,2026-10-02T08:19:18.325554+00:00,20261021,335757312,346464256,2554306560,0,0,0,65536,,
n100000-h64-spread-o65536-s20261021,100000,64,spread,20261021,65536,1024,warmed-built,measured,3,6,hybrid,4096,merkle,346.0463,0.072,7b0589d57ff17401c91b91b76e3dc6b2b378913cf59afa3f62d206f166df70b1,9448293,48246,True,2026-10-02T08:19:18.690021+00:00,20261021,337014784,349437952,2543972352,4681,0,200000,0,,
n100000-h64-spread-o65536-s20261021,100000,64,spread,20261021,65536,1024,warmed-built,measured,3,7,log,0,log,365.6688,0.064,7b0589d57ff17401c91b91b76e3dc6b2b378913cf59afa3f62d206f166df70b1,9448293,48246,True,2026-10-02T08:19:19.043609+00:00,20261021,339988480,349646848,2541109248,0,0,0,65536,,
n100000-h64-spread-o65536-s20261021,100000,64,spread,20261021,65536,1024,warmed-built,measured,4,1,merkle,0,merkle,416.51,0.0647,7b0589d57ff17401c91b91b76e3dc6b2b378913cf59afa3f62d206f166df70b1,9448293,48246,True,2026-10-02T08:19:19.421523+00:00,20261021,340197376,352620544,2529325056,4681,0,200000,0,,
n100000-h64-spread-o65536-s20261021,100000,64,spread,20261021,65536,1024,warmed-built,measured,4,2,hybrid,4096,merkle,579.5287,0.0476,7b0589d57ff17401c91b91b76e3dc6b2b378913cf59afa3f62d206f166df70b1,9448293,48246,True,2026-10-02T08:19:19.845754+00:00,20261021,343171072,342827008,2557530112,4681,0,200000,0,,
n100000-h64-spread-o65536-s20261021,100000,64,spread,20261021,65536,1024,warmed-built,measured,4,3,hybrid,16384,merkle,542.7428,0.0638,7b0589d57ff17401c91b91b76e3dc6b2b378913cf59afa3f62d206f166df70b1,9448293,48246,True,2026-10-02T08:19:20.432500+00:00,20261021,333377536,344752128,2551791616,4681,0,200000,0,,
n100000-h64-spread-o65536-s20261021,100000,64,spread,20261021,65536,1024,warmed-built,measured,4,4,hybrid,65536,log,304.995,0.0687,7b0589d57ff17401c91b91b76e3dc6b2b378913cf59afa3f62d206f166df70b1,9448293,48246,True,2026-10-02T08:19:20.984166+00:00,20261021,335302656,347430912,2676887552,0,0,0,65536,,
n100000-h64-spread-o65536-s20261021,100000,64,spread,20261021,65536,1024,warmed-built,measured,4,5,log,0,log,315.2659,0.0495,7b0589d57ff17401c91b91b76e3dc6b2b378913cf59afa3f62d206f166df70b1,9448293,48246,True,2026-10-02T08:19:21.301537+00:00,20261021,334913536,347430912,2678591488,0,0,0,65536,,
n100000-h64-spread-o65536-s20261021,100000,64,spread,20261021,65536,1024,warmed-built,measured,4,6,hybrid,131072,log,295.3864,0.0641,7b0589d57ff17401c91b91b76e3dc6b2b378913cf59afa3f62d206f166df70b1,9448293,48246,True,2026-10-02T08:19:21.628743+00:00,20261021,334913536,347430912,2677792768,0,0,0,65536,,
n100000-h64-spread-o65536-s20261021,100000,64,spread,20261021,65536,1024,warmed-built,measured,4,7,hybrid,32768,merkle,382.9846,0.076,7b0589d57ff17401c91b91b76e3dc6b2b378913cf59afa3f62d206f166df70b1,9448293,48246,True,2026-10-02T08:19:21.937888+00:00,20261021,334913536,349360128,2680590336,4681,0,200000,0,,
n100000-h64-spread-o65536-s20261021,100000,64,spread,20261021,65536,1024,warmed-built,measured,5,1,hybrid,4096,merkle,361.0633,0.0455,7b0589d57ff17401c91b91b76e3dc6b2b378913cf59afa3f62d206f166df70b1,9448293,48246,True,2026-10-02T08:19:22.329575+00:00,20261021,336838656,350449664,2690134016,4681,0,200000,0,,
n100000-h64-spread-o65536-s20261021,100000,64,spread,20261021,65536,1024,warmed-built,measured,5,2,log,0,log,293.2019,0.0646,7b0589d57ff17401c91b91b76e3dc6b2b378913cf59afa3f62d206f166df70b1,9448293,48246,True,2026-10-02T08:19:22.697366+00:00,20261021,341000192,351711232,2685116416,0,0,0,65536,,
n100000-h64-spread-o65536-s20261021,100000,64,spread,20261021,65536,1024,warmed-built,measured,5,3,hybrid,131072,log,326.6632,0.0663,7b0589d57ff17401c91b91b76e3dc6b2b378913cf59afa3f62d206f166df70b1,9448293,48246,True,2026-10-02T08:19:23.002506+00:00,20261021,342261760,355438592,2673565696,0,0,0,65536,,
n100000-h64-spread-o65536-s20261021,100000,64,spread,20261021,65536,1024,warmed-built,measured,5,4,hybrid,65536,log,327.1491,0.0456,7b0589d57ff17401c91b91b76e3dc6b2b378913cf59afa3f62d206f166df70b1,9448293,48246,True,2026-10-02T08:19:23.342745+00:00,20261021,341872640,355381248,2678370304,0,0,0,65536,,
n100000-h64-spread-o65536-s20261021,100000,64,spread,20261021,65536,1024,warmed-built,measured,5,5,hybrid,16384,merkle,384.4994,0.0476,7b0589d57ff17401c91b91b76e3dc6b2b378913cf59afa3f62d206f166df70b1,9448293,48246,True,2026-10-02T08:19:23.683404+00:00,20261021,342863872,358359040,2674130944,4681,0,200000,0,,
n100000-h64-spread-o65536-s20261021,100000,64,spread,20261021,65536,1024,warmed-built,measured,5,6,merkle,0,merkle,405.8883,0.0742,7b0589d57ff17401c91b91b76e3dc6b2b378913cf59afa3f62d206f166df70b1,9448293,48246,True,2026-10-02T08:19:24.075890+00:00,20261021,345841664,359440384,2606231552,4681,0,200000,0,,
n100000-h64-spread-o65536-s20261021,100000,64,spread,20261021,65536,1024,warmed-built,measured,5,7,hybrid,32768,merkle,537.5188,0.0815,7b0589d57ff17401c91b91b76e3dc6b2b378913cf59afa3f62d206f166df70b1,9448293,48246,True,2026-10-02T08:19:24.489779+00:00,20261021,346923008,352616448,2515767296,4681,0,200000,0,,
n100000-h64-spread-o65536-s20261021,100000,64,spread,20261021,65536,1024,fresh-process-reopened,measured,1,1,hybrid,4096,merkle,436.2446,0.0656,7b0589d57ff17401c91b91b76e3dc6b2b378913cf59afa3f62d206f166df70b1,9448293,48246,True,2026-10-02T08:19:42.450239+00:00,20261022,571994112,588374016,2352414720,4681,0,200000,0,6230.887699988671,6667.132299988671
n100000-h64-spread-o65536-s20261021,100000,64,spread,20261021,65536,1024,fresh-process-reopened,measured,1,2,hybrid,32768,merkle,442.1477,0.0935,7b0589d57ff17401c91b91b76e3dc6b2b378913cf59afa3f62d206f166df70b1,9448293,48246,True,2026-10-02T08:19:50.385916+00:00,20261022,572280832,588943360,2382073856,4681,0,200000,0,6165.002600057051,6607.15030005705
n100000-h64-spread-o65536-s20261021,100000,64,spread,20261021,65536,1024,fresh-process-reopened,measured,1,3,hybrid,65536,log,341.8516,0.0786,7b0589d57ff17401c91b91b76e3dc6b2b378913cf59afa3f62d206f166df70b1,9448293,48246,True,2026-10-02T08:19:59.737377+00:00,20261022,572084224,586514432,2187726848,0,0,0,65536,7420.406399993226,7762.257999993226
n100000-h64-spread-o65536-s20261021,100000,64,spread,20261021,65536,1024,fresh-process-reopened,measured,1,4,log,0,log,352.2367,0.049,7b0589d57ff17401c91b91b76e3dc6b2b378913cf59afa3f62d206f166df70b1,9448293,48246,True,2026-10-02T08:20:07.867794+00:00,20261022,572596224,586588160,2205769728,0,0,0,65536,6437.029300024733,6789.266000024733
n100000-h64-spread-o65536-s20261021,100000,64,spread,20261021,65536,1024,fresh-process-reopened,measured,1,5,hybrid,131072,log,332.6838,0.0464,7b0589d57ff17401c91b91b76e3dc6b2b378913cf59afa3f62d206f166df70b1,9448293,48246,True,2026-10-02T08:20:16.105175+00:00,20261022,572436480,587018240,1974341632,0,0,0,65536,6540.3483000118285,6873.032100011828
n100000-h64-spread-o65536-s20261021,100000,64,spread,20261021,65536,1024,fresh-process-reopened,measured,1,6,hybrid,16384,merkle,449.9508,0.0737,7b0589d57ff17401c91b91b76e3dc6b2b378913cf59afa3f62d206f166df70b1,9448293,48246,True,2026-10-02T08:20:24.179406+00:00,20261022,572203008,588963840,1980768256,4681,0,200000,0,6410.093699931167,6860.044499931167
n100000-h64-spread-o65536-s20261021,100000,64,spread,20261021,65536,1024,fresh-process-reopened,measured,1,7,merkle,0,merkle,421.1841,0.0535,7b0589d57ff17401c91b91b76e3dc6b2b378913cf59afa3f62d206f166df70b1,9448293,48246,True,2026-10-02T08:20:32.124176+00:00,20261022,572776448,588656640,2003181568,4681,0,200000,0,6152.00810006354,6573.19220006354
n100000-h64-spread-o65536-s20261021,100000,64,spread,20261021,65536,1024,fresh-process-reopened,measured,2,1,hybrid,16384,merkle,466.3644,0.0596,7b0589d57ff17401c91b91b76e3dc6b2b378913cf59afa3f62d206f166df70b1,9448293,48246,True,2026-10-02T08:20:39.881802+00:00,20261023,571531264,588480512,2016309248,4681,0,200000,0,6008.752900059335,6475.117300059335
n100000-h64-spread-o65536-s20261021,100000,64,spread,20261021,65536,1024,fresh-process-reopened,measured,2,2,merkle,0,merkle,465.5629,0.0813,7b0589d57ff17401c91b91b76e3dc6b2b378913cf59afa3f62d206f166df70b1,9448293,48246,True,2026-10-02T08:20:47.979614+00:00,20261023,572342272,588664832,2025324544,4681,0,200000,0,6308.183999964967,6773.746899964967
n100000-h64-spread-o65536-s20261021,100000,64,spread,20261021,65536,1024,fresh-process-reopened,measured,2,3,hybrid,131072,log,310.6163,0.0659,7b0589d57ff17401c91b91b76e3dc6b2b378913cf59afa3f62d206f166df70b1,9448293,48246,True,2026-10-02T08:20:55.925171+00:00,20261023,572317696,586760192,2018242560,0,0,0,65536,6150.066399946809,6460.6826999468085
n100000-h64-spread-o65536-s20261021,100000,64,spread,20261021,65536,1024,fresh-process-reopened,measured,2,4,hybrid,65536,log,346.913,0.0662,7b0589d57ff17401c91b91b76e3dc6b2b378913cf59afa3f62d206f166df70b1,9448293,48246,True,2026-10-02T08:21:03.976686+00:00,20261023,572182528,587304960,2004774912,0,0,0,65536,6423.1104999780655,6770.023499978066
n100000-h64-spread-o65536-s20261021,100000,64,spread,20261021,65536,1024,fresh-process-reopened,measured,2,5,log,0,log,324.3758,0.0659,7b0589d57ff17401c91b91b76e3dc6b2b378913cf59afa3f62d206f166df70b1,9448293,48246,True,2026-10-02T08:21:12.138462+00:00,20261023,572289024,586555392,2012962816,0,0,0,65536,6467.165199923329,6791.540999923329
n100000-h64-spread-o65536-s20261021,100000,64,spread,20261021,65536,1024,fresh-process-reopened,measured,2,6,hybrid,32768,merkle,466.5737,0.0713,7b0589d57ff17401c91b91b76e3dc6b2b378913cf59afa3f62d206f166df70b1,9448293,48246,True,2026-10-02T08:21:20.012646+00:00,20261023,572567552,588279808,2012790784,4681,0,200000,0,6247.94989998918,6714.52359998918
n100000-h64-spread-o65536-s20261021,100000,64,spread,20261021,65536,1024,fresh-process-reopened,measured,2,7,hybrid,4096,merkle,437.0749,0.0532,7b0589d57ff17401c91b91b76e3dc6b2b378913cf59afa3f62d206f166df70b1,9448293,48246,True,2026-10-02T08:21:28.290499+00:00,20261023,572547072,588509184,2043822080,4681,0,200000,0,6419.377199956216,6856.4520999562155
n100000-h64-spread-o65536-s20261021,100000,64,spread,20261021,65536,1024,fresh-process-reopened,measured,3,1,hybrid,131072,log,329.7319,0.0473,7b0589d57ff17401c91b91b76e3dc6b2b378913cf59afa3f62d206f166df70b1,9448293,48246,True,2026-10-02T08:21:36.534627+00:00,20261024,572153856,586944512,2032119808,0,0,0,65536,6440.036499989219,6769.768399989219
n100000-h64-spread-o65536-s20261021,100000,64,spread,20261021,65536,1024,fresh-process-reopened,measured,3,2,merkle,0,merkle,468.0777,0.0758,7b0589d57ff17401c91b91b76e3dc6b2b378913cf59afa3f62d206f166df70b1,9448293,48246,True,2026-10-02T08:21:44.347235+00:00,20261024,572698624,589180928,2023628800,4681,0,200000,0,6153.044500038959,6621.122200038959
n100000-h64-spread-o65536-s20261021,100000,64,spread,20261021,65536,1024,fresh-process-reopened,measured,3,3,hybrid,4096,merkle,361.6387,0.0641,7b0589d57ff17401c91b91b76e3dc6b2b378913cf59afa3f62d206f166df70b1,9448293,48246,True,2026-10-02T08:21:52.201031+00:00,20261024,572420096,588709888,1936191488,4681,0,200000,0,6004.571900004521,6366.2106000045205
n100000-h64-spread-o65536-s20261021,100000,64,spread,20261021,65536,1024,fresh-process-reopened,measured,3,4,hybrid,32768,merkle,453.0472,0.0705,7b0589d57ff17401c91b91b76e3dc6b2b378913cf59afa3f62d206f166df70b1,9448293,48246,True,2026-10-02T08:22:00.470991+00:00,20261024,572551168,588591104,1956491264,4681,0,200000,0,6573.522399994545,7026.569599994545
n100000-h64-spread-o65536-s20261021,100000,64,spread,20261021,65536,1024,fresh-process-reopened,measured,3,5,hybrid,16384,merkle,440.7129,0.0674,7b0589d57ff17401c91b91b76e3dc6b2b378913cf59afa3f62d206f166df70b1,9448293,48246,True,2026-10-02T08:22:08.543711+00:00,20261024,572186624,588943360,1963925504,4681,0,200000,0,6221.914499998093,6662.627399998093
n100000-h64-spread-o65536-s20261021,100000,64,spread,20261021,65536,1024,fresh-process-reopened,measured,3,6,hybrid,65536,log,351.8044,0.0697,7b0589d57ff17401c91b91b76e3dc6b2b378913cf59afa3f62d206f166df70b1,9448293,48246,True,2026-10-02T08:22:16.346507+00:00,20261024,571469824,586420224,1979015168,0,0,0,65536,6042.723500053398,6394.527900053398
n100000-h64-spread-o65536-s20261021,100000,64,spread,20261021,65536,1024,fresh-process-reopened,measured,3,7,log,0,log,340.5693,0.0494,7b0589d57ff17401c91b91b76e3dc6b2b378913cf59afa3f62d206f166df70b1,9448293,48246,True,2026-10-02T08:22:24.384264+00:00,20261024,571809792,586199040,2135773184,0,0,0,65536,6389.243100071326,6729.812400071326
n100000-h64-spread-o65536-s20261022,100000,64,spread,20261022,65536,1024,warmed-built,warmup,1,1,merkle,0,merkle,573.5817,0.0809,8ee4181c1382fa92ee7e08fda107bcfacfb5861c755370e004d08cb4f6c446bc,9457505,48293,True,2026-10-02T08:23:07.914724+00:00,20261022,296452096,311689216,2164215808,4681,0,200000,0,,
n100000-h64-spread-o65536-s20261022,100000,64,spread,20261022,65536,1024,warmed-built,warmup,1,2,log,0,log,352.1312,0.0483,8ee4181c1382fa92ee7e08fda107bcfacfb5861c755370e004d08cb4f6c446bc,9457505,48293,True,2026-10-02T08:23:08.496270+00:00,20261022,301461504,316223488,2164535296,0,0,0,65536,,
n100000-h64-spread-o65536-s20261022,100000,64,spread,20261022,65536,1024,warmed-built,warmup,1,3,hybrid,131072,log,344.5679,0.0636,8ee4181c1382fa92ee7e08fda107bcfacfb5861c755370e004d08cb4f6c446bc,9457505,48293,True,2026-10-02T08:23:08.858828+00:00,20261022,304947200,320389120,2155089920,0,0,0,65536,,
n100000-h64-spread-o65536-s20261022,100000,64,spread,20261022,65536,1024,warmed-built,warmup,1,4,hybrid,4096,merkle,418.6109,0.0646,8ee4181c1382fa92ee7e08fda107bcfacfb5861c755370e004d08cb4f6c446bc,9457505,48293,True,2026-10-02T08:23:09.216659+00:00,20261022,306102272,322965504,2150993920,4681,0,200000,0,,
n100000-h64-spread-o65536-s20261022,100000,64,spread,20261022,65536,1024,warmed-built,warmup,1,5,hybrid,32768,merkle,383.8284,0.0716,8ee4181c1382fa92ee7e08fda107bcfacfb5861c755370e004d08cb4f6c446bc,9457505,48293,True,2026-10-02T08:23:09.643363+00:00,20261022,310308864,328298496,2175320064,4681,0,200000,0,,
n100000-h64-spread-o65536-s20261022,100000,64,spread,20261022,65536,1024,warmed-built,warmup,1,6,hybrid,16384,merkle,391.3016,0.0671,8ee4181c1382fa92ee7e08fda107bcfacfb5861c755370e004d08cb4f6c446bc,9457505,48293,True,2026-10-02T08:23:10.035896+00:00,20261022,315629568,334618624,2162307072,4681,0,200000,0,,
n100000-h64-spread-o65536-s20261022,100000,64,spread,20261022,65536,1024,warmed-built,warmup,1,7,hybrid,65536,log,338.0954,0.0533,8ee4181c1382fa92ee7e08fda107bcfacfb5861c755370e004d08cb4f6c446bc,9457505,48293,True,2026-10-02T08:23:10.435500+00:00,20261022,321949696,337641472,2165497856,0,0,0,65536,,
n100000-h64-spread-o65536-s20261022,100000,64,spread,20261022,65536,1024,warmed-built,warmup,2,1,merkle,0,merkle,412.9155,0.048,8ee4181c1382fa92ee7e08fda107bcfacfb5861c755370e004d08cb4f6c446bc,9457505,48293,True,2026-10-02T08:23:10.785248+00:00,20261022,324268032,339193856,2172870656,4681,0,200000,0,,
n100000-h64-spread-o65536-s20261022,100000,64,spread,20261022,65536,1024,warmed-built,warmup,2,2,hybrid,131072,log,318.2233,0.0641,8ee4181c1382fa92ee7e08fda107bcfacfb5861c755370e004d08cb4f6c446bc,9457505,48293,True,2026-10-02T08:23:11.206988+00:00,20261022,329744384,346095616,2149261312,0,0,0,65536,,
n100000-h64-spread-o65536-s20261022,100000,64,spread,20261022,65536,1024,warmed-built,warmup,2,3,log,0,log,342.74,0.0457,8ee4181c1382fa92ee7e08fda107bcfacfb5861c755370e004d08cb4f6c446bc,9457505,48293,True,2026-10-02T08:23:11.538390+00:00,20261022,331673600,345706496,2148925440,0,0,0,65536,,
n100000-h64-spread-o65536-s20261022,100000,64,spread,20261022,65536,1024,warmed-built,warmup,2,4,hybrid,4096,merkle,539.8662,0.062,8ee4181c1382fa92ee7e08fda107bcfacfb5861c755370e004d08cb4f6c446bc,9457505,48293,True,2026-10-02T08:23:11.891078+00:00,20261022,333111296,333049856,2166476800,4681,0,200000,0,,
n100000-h64-spread-o65536-s20261022,100000,64,spread,20261022,65536,1024,warmed-built,warmup,2,5,hybrid,65536,log,313.269,0.0492,8ee4181c1382fa92ee7e08fda107bcfacfb5861c755370e004d08cb4f6c446bc,9457505,48293,True,2026-10-02T08:23:12.445215+00:00,20261022,320724992,325615616,2178596864,0,0,0,65536,,
n100000-h64-spread-o65536-s20261022,100000,64,spread,20261022,65536,1024,warmed-built,warmup,2,6,hybrid,32768,merkle,576.7238,0.0622,8ee4181c1382fa92ee7e08fda107bcfacfb5861c755370e004d08cb4f6c446bc,9457505,48293,True,2026-10-02T08:23:12.769828+00:00,20261022,315117568,327929856,2173882368,4681,0,200000,0,,
n100000-h64-spread-o65536-s20261022,100000,64,spread,20261022,65536,1024,warmed-built,warmup,2,7,hybrid,16384,merkle,382.9464,0.0633,8ee4181c1382fa92ee7e08fda107bcfacfb5861c755370e004d08cb4f6c446bc,9457505,48293,True,2026-10-02T08:23:13.354869+00:00,20261022,317702144,329678848,2168864768,4681,0,200000,0,,
n100000-h64-spread-o65536-s20261022,100000,64,spread,20261022,65536,1024,warmed-built,measured,1,1,merkle,0,merkle,410.4449,0.0629,8ee4181c1382fa92ee7e08fda107bcfacfb5861c755370e004d08cb4f6c446bc,9457505,48293,True,2026-10-02T08:23:13.745796+00:00,20261022,320229376,335355904,2163728384,4681,0,200000,0,,
n100000-h64-spread-o65536-s20261022,100000,64,spread,20261022,65536,1024,warmed-built,measured,1,2,hybrid,131072,log,335.1342,0.0478,8ee4181c1382fa92ee7e08fda107bcfacfb5861c755370e004d08cb4f6c446bc,9457505,48293,True,2026-10-02T08:23:14.166688+00:00,20261022,325128192,338329600,2154127360,0,0,0,65536,,
n100000-h64-spread-o65536-s20261022,100000,64,spread,20261022,65536,1024,warmed-built,measured,1,3,hybrid,65536,log,336.8416,0.0768,8ee4181c1382fa92ee7e08fda107bcfacfb5861c755370e004d08cb4f6c446bc,9457505,48293,True,2026-10-02T08:23:14.514925+00:00,20261022,327831552,338718720,2161569792,0,0,0,65536,,
n100000-h64-spread-o65536-s20261022,100000,64,spread,20261022,65536,1024,warmed-built,measured,1,4,hybrid,16384,merkle,376.8904,0.0515,8ee4181c1382fa92ee7e08fda107bcfacfb5861c755370e004d08cb4f6c446bc,9457505,48293,True,2026-10-02T08:23:14.867095+00:00,20261022,326393856,341303296,2155732992,4681,0,200000,0,,
n100000-h64-spread-o65536-s20261022,100000,64,spread,20261022,65536,1024,warmed-built,measured,1,5,log,0,log,305.1704,0.0949,8ee4181c1382fa92ee7e08fda107bcfacfb5861c755370e004d08cb4f6c446bc,9457505,48293,True,2026-10-02T08:23:15.256244+00:00,20261022,331853824,346099712,2138681344,0,0,0,65536,,
n100000-h64-spread-o65536-s20261022,100000,64,spread,20261022,65536,1024,warmed-built,measured,1,6,hybrid,32768,merkle,389.7247,0.0656,8ee4181c1382fa92ee7e08fda107bcfacfb5861c755370e004d08cb4f6c446bc,9457505,48293,True,2026-10-02T08:23:15.574404+00:00,20261022,333774848,347643904,2153799680,4681,0,200000,0,,
n100000-h64-spread-o65536-s20261022,100000,64,spread,20261022,65536,1024,warmed-built,measured,1,7,hybrid,4096,merkle,404.4581,0.0702,8ee4181c1382fa92ee7e08fda107bcfacfb5861c755370e004d08cb4f6c446bc,9457505,48293,True,2026-10-02T08:23:15.973666+00:00,20261022,338194432,355414016,2137915392,4681,0,200000,0,,
n100000-h64-spread-o65536-s20261022,100000,64,spread,20261022,65536,1024,warmed-built,measured,2,1,hybrid,4096,merkle,375.2405,0.0646,8ee4181c1382fa92ee7e08fda107bcfacfb5861c755370e004d08cb4f6c446bc,9457505,48293,True,2026-10-02T08:23:16.387585+00:00,20261022,345186304,362409984,2130698240,4681,0,200000,0,,
n100000-h64-spread-o65536-s20261022,100000,64,spread,20261022,65536,1024,warmed-built,measured,2,2,merkle,0,merkle,621.522,0.0572,8ee4181c1382fa92ee7e08fda107bcfacfb5861c755370e004d08cb4f6c446bc,9457505,48293,True,2026-10-02T08:23:16.770886+00:00,20261022,352960512,348995584,2148134912,4681,0,200000,0,,
n100000-h64-spread-o65536-s20261022,100000,64,spread,20261022,65536,1024,warmed-built,measured,2,3,log,0,log,278.003,0.0481,8ee4181c1382fa92ee7e08fda107bcfacfb5861c755370e004d08cb4f6c446bc,9457505,48293,True,2026-10-02T08:23:17.406337+00:00,20261022,334573568,339308544,2158006272,0,0,0,65536,,
n100000-h64-spread-o65536-s20261022,100000,64,spread,20261022,65536,1024,warmed-built,measured,2,4,hybrid,65536,log,545.9833,0.0599,8ee4181c1382fa92ee7e08fda107bcfacfb5861c755370e004d08cb4f6c446bc,9457505,48293,True,2026-10-02T08:23:17.696307+00:00,20261022,328810496,336588800,2150293504,0,0,0,65536,,
n100000-h64-spread-o65536-s20261022,100000,64,spread,20261022,65536,1024,warmed-built,measured,2,5,hybrid,131072,log,350.5428,0.0475,8ee4181c1382fa92ee7e08fda107bcfacfb5861c755370e004d08cb4f6c446bc,9457505,48293,True,2026-10-02T08:23:18.254610+00:00,20261022,326361088,336121856,2157187072,0,0,0,65536,,
n100000-h64-spread-o65536-s20261022,100000,64,spread,20261022,65536,1024,warmed-built,measured,2,6,hybrid,32768,merkle,357.6834,0.0489,8ee4181c1382fa92ee7e08fda107bcfacfb5861c755370e004d08cb4f6c446bc,9457505,48293,True,2026-10-02T08:23:18.616990+00:00,20261022,326672384,339484672,2154139648,4681,0,200000,0,,
n100000-h64-spread-o65536-s20261022,100000,64,spread,20261022,65536,1024,warmed-built,measured,2,7,hybrid,16384,merkle,317.4659,0.0631,8ee4181c1382fa92ee7e08fda107bcfacfb5861c755370e004d08cb4f6c446bc,9457505,48293,True,2026-10-02T08:23:18.982139+00:00,20261022,329256960,342286336,2147172352,4681,0,200000,0,,
n100000-h64-spread-o65536-s20261022,100000,64,spread,20261022,65536,1024,warmed-built,measured,3,1,hybrid,4096,merkle,362.4795,0.0636,8ee4181c1382fa92ee7e08fda107bcfacfb5861c755370e004d08cb4f6c446bc,9457505,48293,True,2026-10-02T08:23:19.307785+00:00,20261022,332836864,344817664,2128916480,4681,0,200000,0,,
n100000-h64-spread-o65536-s20261022,100000,64,spread,20261022,65536,1024,warmed-built,measured,3,2,hybrid,32768,merkle,385.7069,0.0555,8ee4181c1382fa92ee7e08fda107bcfacfb5861c755370e004d08cb4f6c446bc,9457505,48293,True,2026-10-02T08:23:19.678370+00:00,20261022,334589952,347615232,2137079808,4681,0,200000,0,,
n100000-h64-spread-o65536-s20261022,100000,64,spread,20261022,65536,1024,warmed-built,measured,3,3,hybrid,65536,log,307.694,0.0861,8ee4181c1382fa92ee7e08fda107bcfacfb5861c755370e004d08cb4f6c446bc,9457505,48293,True,2026-10-02T08:23:20.071665+00:00,20261022,338165760,349265920,2138222592,0,0,0,65536,,
n100000-h64-spread-o65536-s20261022,100000,64,spread,20261022,65536,1024,warmed-built,measured,3,4,log,0,log,357.0611,0.0754,8ee4181c1382fa92ee7e08fda107bcfacfb5861c755370e004d08cb4f6c446bc,9457505,48293,True,2026-10-02T08:23:20.393235+00:00,20261022,339038208,349925376,2140545024,0,0,0,65536,,
n100000-h64-spread-o65536-s20261022,100000,64,spread,20261022,65536,1024,warmed-built,measured,3,5,merkle,0,merkle,362.5976,0.0689,8ee4181c1382fa92ee7e08fda107bcfacfb5861c755370e004d08cb4f6c446bc,9457505,48293,True,2026-10-02T08:23:20.761702+00:00,20261022,339427328,352239616,2196770816,4681,0,200000,0,,
n100000-h64-spread-o65536-s20261022,100000,64,spread,20261022,65536,1024,warmed-built,measured,3,6,hybrid,131072,log,349.7901,0.0656,8ee4181c1382fa92ee7e08fda107bcfacfb5861c755370e004d08cb4f6c446bc,9457505,48293,True,2026-10-02T08:23:21.132178+00:00,20261022,342011904,355213312,2192867328,0,0,0,65536,,
n100000-h64-spread-o65536-s20261022,100000,64,spread,20261022,65536,1024,warmed-built,measured,3,7,hybrid,16384,merkle,412.2557,0.0656,8ee4181c1382fa92ee7e08fda107bcfacfb5861c755370e004d08cb4f6c446bc,9457505,48293,True,2026-10-02T08:23:21.493956+00:00,20261022,345763840,357527552,2193133568,4681,0,200000,0,,
n100000-h64-spread-o65536-s20261022,100000,64,spread,20261022,65536,1024,warmed-built,measured,4,1,hybrid,65536,log,505.6541,0.0552,8ee4181c1382fa92ee7e08fda107bcfacfb5861c755370e004d08cb4f6c446bc,9457505,48293,True,2026-10-02T08:23:21.914060+00:00,20261022,347299840,346685440,2214125568,0,0,0,65536,,
n100000-h64-spread-o65536-s20261022,100000,64,spread,20261022,65536,1024,warmed-built,measured,4,2,hybrid,131072,log,486.7141,0.0625,8ee4181c1382fa92ee7e08fda107bcfacfb5861c755370e004d08cb4f6c446bc,9457505,48293,True,2026-10-02T08:23:22.430774+00:00,20261022,335138816,340955136,2214551552,0,0,0,65536,,
n100000-h64-spread-o65536-s20261022,100000,64,spread,20261022,65536,1024,warmed-built,measured,4,3,hybrid,16384,merkle,402.5156,0.046,8ee4181c1382fa92ee7e08fda107bcfacfb5861c755370e004d08cb4f6c446bc,9457505,48293,True,2026-10-02T08:23:22.929689+00:00,20261022,330727424,341442560,2212716544,4681,0,200000,0,,
n100000-h64-spread-o65536-s20261022,100000,64,spread,20261022,65536,1024,warmed-built,measured,4,4,hybrid,4096,merkle,393.029,0.0479,8ee4181c1382fa92ee7e08fda107bcfacfb5861c755370e004d08cb4f6c446bc,9457505,48293,True,2026-10-02T08:23:23.340082+00:00,20261022,331993088,343756800,2214985728,4681,0,200000,0,,
n100000-h64-spread-o65536-s20261022,100000,64,spread,20261022,65536,1024,warmed-built,measured,4,5,merkle,0,merkle,407.3226,0.0631,8ee4181c1382fa92ee7e08fda107bcfacfb5861c755370e004d08cb4f6c446bc,9457505,48293,True,2026-10-02T08:23:23.740207+00:00,20261022,333529088,346488832,2210177024,4681,0,200000,0,,
n100000-h64-spread-o65536-s20261022,100000,64,spread,20261022,65536,1024,warmed-built,measured,4,6,log,0,log,294.5345,0.048,8ee4181c1382fa92ee7e08fda107bcfacfb5861c755370e004d08cb4f6c446bc,9457505,48293,True,2026-10-02T08:23:24.156439+00:00,20261022,337039360,348135424,2212990976,0,0,0,65536,,
n100000-h64-spread-o65536-s20261022,100000,64,spread,20261022,65536,1024,warmed-built,measured,4,7,hybrid,32768,merkle,398.9003,0.0655,8ee4181c1382fa92ee7e08fda107bcfacfb5861c755370e004d08cb4f6c446bc,9457505,48293,True,2026-10-02T08:23:24.463578+00:00,20261022,337907712,350720000,2198413312,4681,0,200000,0,,
n100000-h64-spread-o65536-s20261022,100000,64,spread,20261022,65536,1024,warmed-built,measured,5,1,hybrid,131072,log,338.7163,0.0633,8ee4181c1382fa92ee7e08fda107bcfacfb5861c755370e004d08cb4f6c446bc,9457505,48293,True,2026-10-02T08:23:24.870454+00:00,20261022,341270528,351322112,2199412736,0,0,0,65536,,
n100000-h64-spread-o65536-s20261022,100000,64,spread,20261022,65536,1024,warmed-built,measured,5,2,hybrid,16384,merkle,405.6873,0.0631,8ee4181c1382fa92ee7e08fda107bcfacfb5861c755370e004d08cb4f6c446bc,9457505,48293,True,2026-10-02T08:23:25.221700+00:00,20261022,340045824,352858112,2199212032,4681,0,200000,0,,
n100000-h64-spread-o65536-s20261022,100000,64,spread,20261022,65536,1024,warmed-built,measured,5,3,log,0,log,344.6786,0.0652,8ee4181c1382fa92ee7e08fda107bcfacfb5861c755370e004d08cb4f6c446bc,9457505,48293,True,2026-10-02T08:23:25.635520+00:00,20261022,343408640,354512896,2237087744,0,0,0,65536,,
n100000-h64-spread-o65536-s20261022,100000,64,spread,20261022,65536,1024,warmed-built,measured,5,4,merkle,0,merkle,410.7016,0.0593,8ee4181c1382fa92ee7e08fda107bcfacfb5861c755370e004d08cb4f6c446bc,9457505,48293,True,2026-10-02T08:23:25.993163+00:00,20261022,344285184,357044224,2274754560,4681,0,200000,0,,
n100000-h64-spread-o65536-s20261022,100000,64,spread,20261022,65536,1024,warmed-built,measured,5,5,hybrid,65536,log,352.3601,0.0677,8ee4181c1382fa92ee7e08fda107bcfacfb5861c755370e004d08cb4f6c446bc,9457505,48293,True,2026-10-02T08:23:26.411390+00:00,20261022,347594752,358305792,2272813056,0,0,0,65536,,
n100000-h64-spread-o65536-s20261022,100000,64,spread,20261022,65536,1024,warmed-built,measured,5,6,hybrid,4096,merkle,572.1808,0.0636,8ee4181c1382fa92ee7e08fda107bcfacfb5861c755370e004d08cb4f6c446bc,9457505,48293,True,2026-10-02T08:23:26.776501+00:00,20261022,348856320,350302208,2292416512,4681,0,200000,0,,
n100000-h64-spread-o65536-s20261022,100000,64,spread,20261022,65536,1024,warmed-built,measured,5,7,hybrid,32768,merkle,371.0417,0.0657,8ee4181c1382fa92ee7e08fda107bcfacfb5861c755370e004d08cb4f6c446bc,9457505,48293,True,2026-10-02T08:23:27.362777+00:00,20261022,334798848,345972736,2290180096,4681,0,200000,0,,
n100000-h64-spread-o65536-s20261022,100000,64,spread,20261022,65536,1024,fresh-process-reopened,measured,1,1,hybrid,4096,merkle,447.7334,0.0676,8ee4181c1382fa92ee7e08fda107bcfacfb5861c755370e004d08cb4f6c446bc,9457505,48293,True,2026-10-02T08:23:44.614653+00:00,20261023,573714432,589266944,2047934464,4681,0,200000,0,6110.321799991652,6558.055199991652
n100000-h64-spread-o65536-s20261022,100000,64,spread,20261022,65536,1024,fresh-process-reopened,measured,1,2,hybrid,32768,merkle,429.6842,0.0755,8ee4181c1382fa92ee7e08fda107bcfacfb5861c755370e004d08cb4f6c446bc,9457505,48293,True,2026-10-02T08:23:53.157047+00:00,20261023,573665280,589438976,2012246016,4681,0,200000,0,6764.811900095083,7194.4961000950825
n100000-h64-spread-o65536-s20261022,100000,64,spread,20261022,65536,1024,fresh-process-reopened,measured,1,3,hybrid,131072,log,466.6007,0.0951,8ee4181c1382fa92ee7e08fda107bcfacfb5861c755370e004d08cb4f6c446bc,9457505,48293,True,2026-10-02T08:24:01.880753+00:00,20261023,573992960,587632640,1771180032,0,0,0,65536,6964.925300097093,7431.526000097093
n100000-h64-spread-o65536-s20261022,100000,64,spread,20261022,65536,1024,fresh-process-reopened,measured,1,4,hybrid,16384,merkle,551.2474,0.3691,8ee4181c1382fa92ee7e08fda107bcfacfb5861c755370e004d08cb4f6c446bc,9457505,48293,True,2026-10-02T08:24:13.200252+00:00,20261023,574070784,589189120,1775886336,4681,0,200000,0,8802.091000019573,9353.338400019573
n100000-h64-spread-o65536-s20261022,100000,64,spread,20261022,65536,1024,fresh-process-reopened,measured,1,5,merkle,0,merkle,487.7119,0.0716,8ee4181c1382fa92ee7e08fda107bcfacfb5861c755370e004d08cb4f6c446bc,9457505,48293,True,2026-10-02T08:24:23.927256+00:00,20261023,573177856,588955648,1800650752,4681,0,200000,0,8476.586499949917,8964.298399949917
n100000-h64-spread-o65536-s20261022,100000,64,spread,20261022,65536,1024,fresh-process-reopened,measured,1,6,log,0,log,426.9874,0.1184,8ee4181c1382fa92ee7e08fda107bcfacfb5861c755370e004d08cb4f6c446bc,9457505,48293,True,2026-10-02T08:24:35.434537+00:00,20261023,574009344,587096064,1778143232,0,0,0,65536,8982.413099962287,9409.400499962287
n100000-h64-spread-o65536-s20261022,100000,64,spread,20261022,65536,1024,fresh-process-reopened,measured,1,7,hybrid,65536,log,402.5693,0.0883,8ee4181c1382fa92ee7e08fda107bcfacfb5861c755370e004d08cb4f6c446bc,9457505,48293,True,2026-10-02T08:24:46.045904+00:00,20261023,573378560,587251712,1823424512,0,0,0,65536,8511.622600024566,8914.191900024565
n100000-h64-spread-o65536-s20261022,100000,64,spread,20261022,65536,1024,fresh-process-reopened,measured,2,1,hybrid,65536,log,436.5179,0.1526,8ee4181c1382fa92ee7e08fda107bcfacfb5861c755370e004d08cb4f6c446bc,9457505,48293,True,2026-10-02T08:24:56.836991+00:00,20261024,573579264,587046912,1825492992,0,0,0,65536,8779.44650000427,9215.96440000427
n100000-h64-spread-o65536-s20261022,100000,64,spread,20261022,65536,1024,fresh-process-reopened,measured,2,2,merkle,0,merkle,571.2995,0.0788,8ee4181c1382fa92ee7e08fda107bcfacfb5861c755370e004d08cb4f6c446bc,9457505,48293,True,2026-10-02T08:25:09.262594+00:00,20261024,573562880,588939264,1695223808,4681,0,200000,0,10442.343899980187,11013.643399980187
n100000-h64-spread-o65536-s20261022,100000,64,spread,20261022,65536,1024,fresh-process-reopened,measured,2,3,hybrid,16384,merkle,527.2135,0.071,8ee4181c1382fa92ee7e08fda107bcfacfb5861c755370e004d08cb4f6c446bc,9457505,48293,True,2026-10-02T08:25:20.070708+00:00,20261024,574418944,589033472,1792921600,4681,0,200000,0,8671.422600047663,9198.636100047663
n100000-h64-spread-o65536-s20261022,100000,64,spread,20261022,65536,1024,fresh-process-reopened,measured,2,4,hybrid,4096,merkle,580.8828,0.0689,8ee4181c1382fa92ee7e08fda107bcfacfb5861c755370e004d08cb4f6c446bc,9457505,48293,True,2026-10-02T08:25:30.957673+00:00,20261024,573743104,588767232,1780830208,4681,0,200000,0,8648.296299972571,9229.17909997257
n100000-h64-spread-o65536-s20261022,100000,64,spread,20261022,65536,1024,fresh-process-reopened,measured,2,5,hybrid,32768,merkle,537.2595,0.1463,8ee4181c1382fa92ee7e08fda107bcfacfb5861c755370e004d08cb4f6c446bc,9457505,48293,True,2026-10-02T08:25:41.584946+00:00,20261024,573771776,589201408,1818763264,4681,0,200000,0,8451.36820001062,8988.62770001062
n100000-h64-spread-o65536-s20261022,100000,64,spread,20261022,65536,1024,fresh-process-reopened,measured,2,6,hybrid,131072,log,384.1623,0.0623,8ee4181c1382fa92ee7e08fda107bcfacfb5861c755370e004d08cb4f6c446bc,9457505,48293,True,2026-10-02T08:25:52.442653+00:00,20261024,573571072,586530816,1873612800,0,0,0,65536,8667.442200006917,9051.604500006917
n100000-h64-spread-o65536-s20261022,100000,64,spread,20261022,65536,1024,fresh-process-reopened,measured,2,7,log,0,log,401.5759,0.0732,8ee4181c1382fa92ee7e08fda107bcfacfb5861c755370e004d08cb4f6c446bc,9457505,48293,True,2026-10-02T08:26:03.356802+00:00,20261024,573435904,586977280,1845645312,0,0,0,65536,8937.24569992628,9338.82159992628
n100000-h64-spread-o65536-s20261022,100000,64,spread,20261022,65536,1024,fresh-process-reopened,measured,3,1,log,0,log,419.1889,0.1084,8ee4181c1382fa92ee7e08fda107bcfacfb5861c755370e004d08cb4f6c446bc,9457505,48293,True,2026-10-02T08:26:14.408288+00:00,20261025,573358080,587239424,1799172096,0,0,0,65536,9027.970500057563,9447.159400057562
n100000-h64-spread-o65536-s20261022,100000,64,spread,20261022,65536,1024,fresh-process-reopened,measured,3,2,merkle,0,merkle,575.6765,0.1023,8ee4181c1382fa92ee7e08fda107bcfacfb5861c755370e004d08cb4f6c446bc,9457505,48293,True,2026-10-02T08:26:25.143717+00:00,20261025,573857792,589496320,1830518784,4681,0,200000,0,8725.111900013871,9300.788400013871
n100000-h64-spread-o65536-s20261022,100000,64,spread,20261022,65536,1024,fresh-process-reopened,measured,3,3,hybrid,131072,log,407.8985,0.0856,8ee4181c1382fa92ee7e08fda107bcfacfb5861c755370e004d08cb4f6c446bc,9457505,48293,True,2026-10-02T08:26:36.135959+00:00,20261025,574242816,587403264,1831931904,0,0,0,65536,8770.304400008172,9178.202900008171
n100000-h64-spread-o65536-s20261022,100000,64,spread,20261022,65536,1024,fresh-process-reopened,measured,3,4,hybrid,16384,merkle,568.5081,0.1012,8ee4181c1382fa92ee7e08fda107bcfacfb5861c755370e004d08cb4f6c446bc,9457505,48293,True,2026-10-02T08:26:46.470196+00:00,20261025,574603264,588857344,1859780608,4681,0,200000,0,8259.219600004144,8827.727700004143
n100000-h64-spread-o65536-s20261022,100000,64,spread,20261022,65536,1024,fresh-process-reopened,measured,3,5,hybrid,4096,merkle,570.7243,0.0678,8ee4181c1382fa92ee7e08fda107bcfacfb5861c755370e004d08cb4f6c446bc,9457505,48293,True,2026-10-02T08:26:57.308277+00:00,20261025,574119936,589156352,1867395072,4681,0,200000,0,8548.54610003531,9119.27040003531
n100000-h64-spread-o65536-s20261022,100000,64,spread,20261022,65536,1024,fresh-process-reopened,measured,3,6,hybrid,65536,log,426.5338,0.0659,8ee4181c1382fa92ee7e08fda107bcfacfb5861c755370e004d08cb4f6c446bc,9457505,48293,True,2026-10-02T08:27:08.020252+00:00,20261025,573747200,587530240,1857769472,0,0,0,65536,8536.099499906413,8962.633299906413
n100000-h64-spread-o65536-s20261022,100000,64,spread,20261022,65536,1024,fresh-process-reopened,measured,3,7,hybrid,32768,merkle,501.3523,0.0659,8ee4181c1382fa92ee7e08fda107bcfacfb5861c755370e004d08cb4f6c446bc,9457505,48293,True,2026-10-02T08:27:18.521967+00:00,20261025,574013440,589500416,1790967808,4681,0,200000,0,8459.450699971057,8960.802999971058
n100000-h64-spread-o65536-s20261023,100000,64,spread,20261023,65536,1024,warmed-built,warmup,1,1,log,0,log,633.1995,0.0692,39f5d82120295819a21d4402de3b09ac2ff295c9a422bf9095cec1f32d610495,9431829,48162,True,2026-10-02T08:28:08.579001+00:00,20261023,296751104,309800960,1811562496,0,0,0,65536,,
n100000-h64-spread-o65536-s20261023,100000,64,spread,20261023,65536,1024,warmed-built,warmup,1,2,hybrid,65536,log,417.3074,0.0653,39f5d82120295819a21d4402de3b09ac2ff295c9a422bf9095cec1f32d610495,9431829,48162,True,2026-10-02T08:28:09.230619+00:00,20261023,299597824,311967744,1990193152,0,0,0,65536,,
n100000-h64-spread-o65536-s20261023,100000,64,spread,20261023,65536,1024,warmed-built,warmup,1,3,hybrid,131072,log,396.0373,0.0725,39f5d82120295819a21d4402de3b09ac2ff295c9a422bf9095cec1f32d610495,9431829,48162,True,2026-10-02T08:28:09.663947+00:00,20261023,301764608,314396672,1998548992,0,0,0,65536,,
n100000-h64-spread-o65536-s20261023,100000,64,spread,20261023,65536,1024,warmed-built,warmup,1,4,merkle,0,merkle,489.8107,0.1106,39f5d82120295819a21d4402de3b09ac2ff295c9a422bf9095cec1f32d610495,9431829,48162,True,2026-10-02T08:28:10.076891+00:00,20261023,301793280,316350464,1996550144,4681,0,200000,0,,
n100000-h64-spread-o65536-s20261023,100000,64,spread,20261023,65536,1024,warmed-built,warmup,1,5,hybrid,32768,merkle,471.4144,0.0836,39f5d82120295819a21d4402de3b09ac2ff295c9a422bf9095cec1f32d610495,9431829,48162,True,2026-10-02T08:28:10.575656+00:00,20261023,303919104,319045632,2001592320,4681,0,200000,0,,
n100000-h64-spread-o65536-s20261023,100000,64,spread,20261023,65536,1024,warmed-built,warmup,1,6,hybrid,16384,merkle,481.4732,0.0729,39f5d82120295819a21d4402de3b09ac2ff295c9a422bf9095cec1f32d610495,9431829,48162,True,2026-10-02T08:28:11.056277+00:00,20261023,309616640,328052736,1998753792,4681,0,200000,0,,
n100000-h64-spread-o65536-s20261023,100000,64,spread,20261023,65536,1024,warmed-built,warmup,1,7,hybrid,4096,merkle,490.1161,0.0981,39f5d82120295819a21d4402de3b09ac2ff295c9a422bf9095cec1f32d610495,9431829,48162,True,2026-10-02T08:28:11.550362+00:00,20261023,315564032,331702272,1989361664,4681,0,200000,0,,
n100000-h64-spread-o65536-s20261023,100000,64,spread,20261023,65536,1024,warmed-built,warmup,2,1,hybrid,16384,merkle,487.4534,0.1933,39f5d82120295819a21d4402de3b09ac2ff295c9a422bf9095cec1f32d610495,9431829,48162,True,2026-10-02T08:28:12.052128+00:00,20261023,322273280,341741568,1980895232,4681,0,200000,0,,
n100000-h64-spread-o65536-s20261023,100000,64,spread,20261023,65536,1024,warmed-built,warmup,2,2,hybrid,131072,log,410.9417,0.1279,39f5d82120295819a21d4402de3b09ac2ff295c9a422bf9095cec1f32d610495,9431829,48162,True,2026-10-02T08:28:12.552238+00:00,20261023,329252864,345571328,2011312128,0,0,0,65536,,
n100000-h64-spread-o65536-s20261023,100000,64,spread,20261023,65536,1024,warmed-built,warmup,2,3,merkle,0,merkle,490.3538,0.0716,39f5d82120295819a21d4402de3b09ac2ff295c9a422bf9095cec1f32d610495,9431829,48162,True,2026-10-02T08:28:12.978660+00:00,20261023,331948032,350167040,2008137728,4681,0,200000,0,,
n100000-h64-spread-o65536-s20261023,100000,64,spread,20261023,65536,1024,warmed-built,warmup,2,4,hybrid,4096,merkle,720.4852,0.1584,39f5d82120295819a21d4402de3b09ac2ff295c9a422bf9095cec1f32d610495,9431829,48162,True,2026-10-02T08:28:13.482878+00:00,20261023,337678336,333164544,2022146048,4681,0,200000,0,,
n100000-h64-spread-o65536-s20261023,100000,64,spread,20261023,65536,1024,warmed-built,warmup,2,5,hybrid,65536,log,408.3332,0.0779,39f5d82120295819a21d4402de3b09ac2ff295c9a422bf9095cec1f32d610495,9431829,48162,True,2026-10-02T08:28:14.225869+00:00,20261023,318492672,327143424,2032435200,0,0,0,65536,,
n100000-h64-spread-o65536-s20261023,100000,64,spread,20261023,65536,1024,warmed-built,warmup,2,6,hybrid,32768,merkle,712.9039,0.0654,39f5d82120295819a21d4402de3b09ac2ff295c9a422bf9095cec1f32d610495,9431829,48162,True,2026-10-02T08:28:14.653747+00:00,20261023,314654720,326397952,2036404224,4681,0,200000,0,,
n100000-h64-spread-o65536-s20261023,100000,64,spread,20261023,65536,1024,warmed-built,warmup,2,7,log,0,log,404.757,0.0819,39f5d82120295819a21d4402de3b09ac2ff295c9a422bf9095cec1f32d610495,9431829,48162,True,2026-10-02T08:28:15.375754+00:00,20261023,316968960,328220672,2026430464,0,0,0,65536,,
n100000-h64-spread-o65536-s20261023,100000,64,spread,20261023,65536,1024,warmed-built,measured,1,1,merkle,0,merkle,449.049,0.0852,39f5d82120295819a21d4402de3b09ac2ff295c9a422bf9095cec1f32d610495,9431829,48162,True,2026-10-02T08:28:15.793775+00:00,20261023,314683392,327475200,2021773312,4681,0,200000,0,,
n100000-h64-spread-o65536-s20261023,100000,64,spread,20261023,65536,1024,warmed-built,measured,1,2,log,0,log,360.3564,0.0749,39f5d82120295819a21d4402de3b09ac2ff295c9a422bf9095cec1f32d610495,9431829,48162,True,2026-10-02T08:28:16.253287+00:00,20261023,318046208,330346496,2018082816,0,0,0,65536,,
n100000-h64-spread-o65536-s20261023,100000,64,spread,20261023,65536,1024,warmed-built,measured,1,3,hybrid,131072,log,394.7966,0.0486,39f5d82120295819a21d4402de3b09ac2ff295c9a422bf9095cec1f32d610495,9431829,48162,True,2026-10-02T08:28:16.627028+00:00,20261023,317857792,328724480,2025652224,0,0,0,65536,,
n100000-h64-spread-o65536-s20261023,100000,64,spread,20261023,65536,1024,warmed-built,measured,1,4,hybrid,4096,merkle,441.1119,0.0854,39f5d82120295819a21d4402de3b09ac2ff295c9a422bf9095cec1f32d610495,9431829,48162,True,2026-10-02T08:28:17.035187+00:00,20261023,318246912,333320192,2017845248,4681,0,200000,0,,
n100000-h64-spread-o65536-s20261023,100000,64,spread,20261023,65536,1024,warmed-built,measured,1,5,hybrid,16384,merkle,447.2731,0.0617,39f5d82120295819a21d4402de3b09ac2ff295c9a422bf9095cec1f32d610495,9431829,48162,True,2026-10-02T08:28:17.488034+00:00,20261023,320831488,334872576,2023116800,4681,0,200000,0,,
n100000-h64-spread-o65536-s20261023,100000,64,spread,20261023,65536,1024,warmed-built,measured,1,6,hybrid,32768,merkle,494.7032,0.0999,39f5d82120295819a21d4402de3b09ac2ff295c9a422bf9095cec1f32d610495,9431829,48162,True,2026-10-02T08:28:17.943169+00:00,20261023,325443584,343863296,2011734016,4681,0,200000,0,,
n100000-h64-spread-o65536-s20261023,100000,64,spread,20261023,65536,1024,warmed-built,measured,1,7,hybrid,65536,log,397.2509,0.4517,39f5d82120295819a21d4402de3b09ac2ff295c9a422bf9095cec1f32d610495,9431829,48162,True,2026-10-02T08:28:18.446155+00:00,20261023,331374592,345587712,2008842240,0,0,0,65536,,
n100000-h64-spread-o65536-s20261023,100000,64,spread,20261023,65536,1024,warmed-built,measured,2,1,hybrid,4096,merkle,452.7706,0.0654,39f5d82120295819a21d4402de3b09ac2ff295c9a422bf9095cec1f32d610495,9431829,48162,True,2026-10-02T08:28:18.858176+00:00,20261023,334061568,350183424,2003644416,4681,0,200000,0,,
n100000-h64-spread-o65536-s20261023,100000,64,spread,20261023,65536,1024,warmed-built,measured,2,2,hybrid,16384,merkle,454.7554,0.2001,39f5d82120295819a21d4402de3b09ac2ff295c9a422bf9095cec1f32d610495,9431829,48162,True,2026-10-02T08:28:19.320941+00:00,20261023,337694720,354881536,1998241792,4681,0,200000,0,,
n100000-h64-spread-o65536-s20261023,100000,64,spread,20261023,65536,1024,warmed-built,measured,2,3,hybrid,65536,log,588.5053,0.1043,39f5d82120295819a21d4402de3b09ac2ff295c9a422bf9095cec1f32d610495,9431829,48162,True,2026-10-02T08:28:19.786352+00:00,20261023,345452544,344047616,2042241024,0,0,0,65536,,
n100000-h64-spread-o65536-s20261023,100000,64,spread,20261023,65536,1024,warmed-built,measured,2,4,merkle,0,merkle,675.7461,0.0697,39f5d82120295819a21d4402de3b09ac2ff295c9a422bf9095cec1f32d610495,9431829,48162,True,2026-10-02T08:28:20.390064+00:00,20261023,323170304,336855040,2045304832,4681,0,200000,0,,
n100000-h64-spread-o65536-s20261023,100000,64,spread,20261023,65536,1024,warmed-built,measured,2,5,hybrid,32768,merkle,488.824,0.0617,39f5d82120295819a21d4402de3b09ac2ff295c9a422bf9095cec1f32d610495,9431829,48162,True,2026-10-02T08:28:21.073893+00:00,20261023,327426048,340598784,2040389632,4681,0,200000,0,,
n100000-h64-spread-o65536-s20261023,100000,64,spread,20261023,65536,1024,warmed-built,measured,2,6,log,0,log,403.4029,0.0723,39f5d82120295819a21d4402de3b09ac2ff295c9a422bf9095cec1f32d610495,9431829,48162,True,2026-10-02T08:28:21.573178+00:00,20261023,328110080,339177472,2054057984,0,0,0,65536,,
n100000-h64-spread-o65536-s20261023,100000,64,spread,20261023,65536,1024,warmed-built,measured,2,7,hybrid,131072,log,408.6618,0.0691,39f5d82120295819a21d4402de3b09ac2ff295c9a422bf9095cec1f32d610495,9431829,48162,True,2026-10-02T08:28:21.990401+00:00,20261023,329748480,342896640,2038927360,0,0,0,65536,,
n100000-h64-spread-o65536-s20261023,100000,64,spread,20261023,65536,1024,warmed-built,measured,3,1,hybrid,4096,merkle,466.5229,0.0981,39f5d82120295819a21d4402de3b09ac2ff295c9a422bf9095cec1f32d610495,9431829,48162,True,2026-10-02T08:28:22.412807+00:00,20261023,328310784,341102592,2039664640,4681,0,200000,0,,
n100000-h64-spread-o65536-s20261023,100000,64,spread,20261023,65536,1024,warmed-built,measured,3,2,hybrid,131072,log,400.4446,0.0761,39f5d82120295819a21d4402de3b09ac2ff295c9a422bf9095cec1f32d610495,9431829,48162,True,2026-10-02T08:28:22.891753+00:00,20261023,331673600,345022464,2037710848,0,0,0,65536,,
n100000-h64-spread-o65536-s20261023,100000,64,spread,20261023,65536,1024,warmed-built,measured,3,3,hybrid,65536,log,405.8108,0.0753,39f5d82120295819a21d4402de3b09ac2ff295c9a422bf9095cec1f32d610495,9431829,48162,True,2026-10-02T08:28:23.306234+00:00,20261023,332533760,343400448,2038018048,0,0,0,65536,,
n100000-h64-spread-o65536-s20261023,100000,64,spread,20261023,65536,1024,warmed-built,measured,3,4,hybrid,16384,merkle,508.578,0.063,39f5d82120295819a21d4402de3b09ac2ff295c9a422bf9095cec1f32d610495,9431829,48162,True,2026-10-02T08:28:23.727319+00:00,20261023,332922880,347996160,2031124480,4681,0,200000,0,,
n100000-h64-spread-o65536-s20261023,100000,64,spread,20261023,65536,1024,warmed-built,measured,3,5,merkle,0,merkle,483.2645,0.0725,39f5d82120295819a21d4402de3b09ac2ff295c9a422bf9095cec1f32d610495,9431829,48162,True,2026-10-02T08:28:24.246464+00:00,20261023,335507456,349544448,2018365440,4681,0,200000,0,,
n100000-h64-spread-o65536-s20261023,100000,64,spread,20261023,65536,1024,warmed-built,measured,3,6,hybrid,32768,merkle,490.9244,0.0629,39f5d82120295819a21d4402de3b09ac2ff295c9a422bf9095cec1f32d610495,9431829,48162,True,2026-10-02T08:28:24.737630+00:00,20261023,340115456,358535168,2019790848,4681,0,200000,0,,
n100000-h64-spread-o65536-s20261023,100000,64,spread,20261023,65536,1024,warmed-built,measured,3,7,log,0,log,402.7845,0.0705,39f5d82120295819a21d4402de3b09ac2ff295c9a422bf9095cec1f32d610495,9431829,48162,True,2026-10-02T08:28:25.237894+00:00,20261023,346046464,361308160,2016485376,0,0,0,65536,,
n100000-h64-spread-o65536-s20261023,100000,64,spread,20261023,65536,1024,warmed-built,measured,4,1,hybrid,32768,merkle,674.4488,0.0624,39f5d82120295819a21d4402de3b09ac2ff295c9a422bf9095cec1f32d610495,9431829,48162,True,2026-10-02T08:28:25.654750+00:00,20261023,349782016,350101504,2035499008,4681,0,200000,0,,
n100000-h64-spread-o65536-s20261023,100000,64,spread,20261023,65536,1024,warmed-built,measured,4,2,hybrid,4096,merkle,741.5528,0.0566,39f5d82120295819a21d4402de3b09ac2ff295c9a422bf9095cec1f32d610495,9431829,48162,True,2026-10-02T08:28:26.345973+00:00,20261023,335515648,337289216,2041974784,4681,0,200000,0,,
n100000-h64-spread-o65536-s20261023,100000,64,spread,20261023,65536,1024,warmed-built,measured,4,3,hybrid,131072,log,377.8148,0.0658,39f5d82120295819a21d4402de3b09ac2ff295c9a422bf9095cec1f32d610495,9431829,48162,True,2026-10-02T08:28:27.103143+00:00,20261023,327860224,338911232,2042142720,0,0,0,65536,,
n100000-h64-spread-o65536-s20261023,100000,64,spread,20261023,65536,1024,warmed-built,measured,4,4,log,0,log,384.1248,0.0646,39f5d82120295819a21d4402de3b09ac2ff295c9a422bf9095cec1f32d610495,9431829,48162,True,2026-10-02T08:28:27.497351+00:00,20261023,326422528,336240640,2043502592,0,0,0,65536,,
n100000-h64-spread-o65536-s20261023,100000,64,spread,20261023,65536,1024,warmed-built,measured,4,5,hybrid,16384,merkle,480.5868,0.064,39f5d82120295819a21d4402de3b09ac2ff295c9a422bf9095cec1f32d610495,9431829,48162,True,2026-10-02T08:28:27.897031+00:00,20261023,326811648,340836352,2043002880,4681,0,200000,0,,
n100000-h64-spread-o65536-s20261023,100000,64,spread,20261023,65536,1024,warmed-built,measured,4,6,hybrid,65536,log,390.6382,0.0631,39f5d82120295819a21d4402de3b09ac2ff295c9a422bf9095cec1f32d610495,9431829,48162,True,2026-10-02T08:28:28.385475+00:00,20261023,328347648,338165760,2037018624,0,0,0,65536,,
n100000-h64-spread-o65536-s20261023,100000,64,spread,20261023,65536,1024,warmed-built,measured,4,7,merkle,0,merkle,457.5499,0.0554,39f5d82120295819a21d4402de3b09ac2ff295c9a422bf9095cec1f32d610495,9431829,48162,True,2026-10-02T08:28:28.789313+00:00,20261023,328736768,342761472,2038509568,4681,0,200000,0,,
n100000-h64-spread-o65536-s20261023,100000,64,spread,20261023,65536,1024,warmed-built,measured,5,1,hybrid,131072,log,371.666,0.0668,39f5d82120295819a21d4402de3b09ac2ff295c9a422bf9095cec1f32d610495,9431829,48162,True,2026-10-02T08:28:29.257248+00:00,20261023,329224192,340205568,2033401856,0,0,0,65536,,
n100000-h64-spread-o65536-s20261023,100000,64,spread,20261023,65536,1024,warmed-built,measured,5,2,hybrid,16384,merkle,453.0337,0.0687,39f5d82120295819a21d4402de3b09ac2ff295c9a422bf9095cec1f32d610495,9431829,48162,True,2026-10-02T08:28:29.643159+00:00,20261023,330776576,345849856,2031562752,4681,0,200000,0,,
n100000-h64-spread-o65536-s20261023,100000,64,spread,20261023,65536,1024,warmed-built,measured,5,3,hybrid,32768,merkle,463.5828,0.0818,39f5d82120295819a21d4402de3b09ac2ff295c9a422bf9095cec1f32d610495,9431829,48162,True,2026-10-02T08:28:30.105172+00:00,20261023,333361152,346349568,2033623040,4681,0,200000,0,,
n100000-h64-spread-o65536-s20261023,100000,64,spread,20261023,65536,1024,warmed-built,measured,5,4,hybrid,65536,log,387.8591,0.1134,39f5d82120295819a21d4402de3b09ac2ff295c9a422bf9095cec1f32d610495,9431829,48162,True,2026-10-02T08:28:30.577318+00:00,20261023,336920576,349220864,2023751680,0,0,0,65536,,
n100000-h64-spread-o65536-s20261023,100000,64,spread,20261023,65536,1024,warmed-built,measured,5,5,hybrid,4096,merkle,456.2073,0.0651,39f5d82120295819a21d4402de3b09ac2ff295c9a422bf9095cec1f32d610495,9431829,48162,True,2026-10-02T08:28:30.982697+00:00,20261023,336732160,353243136,2050170880,4681,0,200000,0,,
n100000-h64-spread-o65536-s20261023,100000,64,spread,20261023,65536,1024,warmed-built,measured,5,6,merkle,0,merkle,473.8086,0.1603,39f5d82120295819a21d4402de3b09ac2ff295c9a422bf9095cec1f32d610495,9431829,48162,True,2026-10-02T08:28:31.447856+00:00,20261023,340754432,352702464,2048823296,4681,0,200000,0,,
n100000-h64-spread-o65536-s20261023,100000,64,spread,20261023,65536,1024,warmed-built,measured,5,7,log,0,log,617.4734,0.0695,39f5d82120295819a21d4402de3b09ac2ff295c9a422bf9095cec1f32d610495,9431829,48162,True,2026-10-02T08:28:31.934190+00:00,20261023,343273472,344322048,2058276864,0,0,0,65536,,
n100000-h64-spread-o65536-s20261023,100000,64,spread,20261023,65536,1024,fresh-process-reopened,measured,1,1,hybrid,131072,log,405.6315,0.1318,39f5d82120295819a21d4402de3b09ac2ff295c9a422bf9095cec1f32d610495,9431829,48162,True,2026-10-02T08:28:54.991221+00:00,20261024,572485632,588238848,1802219520,0,0,0,65536,8300.302000017837,8705.933500017836
n100000-h64-spread-o65536-s20261023,100000,64,spread,20261023,65536,1024,fresh-process-reopened,measured,1,2,hybrid,65536,log,402.7579,0.1076,39f5d82120295819a21d4402de3b09ac2ff295c9a422bf9095cec1f32d610495,9431829,48162,True,2026-10-02T08:29:05.700796+00:00,20261024,572346368,587976704,1779363840,0,0,0,65536,8659.06089998316,9061.81879998316
n100000-h64-spread-o65536-s20261023,100000,64,spread,20261023,65536,1024,fresh-process-reopened,measured,1,3,hybrid,32768,merkle,561.9765,0.1183,39f5d82120295819a21d4402de3b09ac2ff295c9a422bf9095cec1f32d610495,9431829,48162,True,2026-10-02T08:29:15.898430+00:00,20261024,572747776,590405632,2001031168,4681,0,200000,0,8213.287399965338,8775.263899965339
n100000-h64-spread-o65536-s20261023,100000,64,spread,20261023,65536,1024,fresh-process-reopened,measured,1,4,log,0,log,391.8627,0.0699,39f5d82120295819a21d4402de3b09ac2ff295c9a422bf9095cec1f32d610495,9431829,48162,True,2026-10-02T08:29:26.870500+00:00,20261024,573132800,588595200,2156109824,0,0,0,65536,8747.897499939427,9139.760199939426
n100000-h64-spread-o65536-s20261023,100000,64,spread,20261023,65536,1024,fresh-process-reopened,measured,1,5,hybrid,4096,merkle,548.4835,0.2721,39f5d82120295819a21d4402de3b09ac2ff295c9a422bf9095cec1f32d610495,9431829,48162,True,2026-10-02T08:29:38.162638+00:00,20261024,573067264,590589952,2113081344,4681,0,200000,0,9234.066599979997,9782.550099979997
n100000-h64-spread-o65536-s20261023,100000,64,spread,20261023,65536,1024,fresh-process-reopened,measured,1,6,hybrid,16384,merkle,535.1916,0.2093,39f5d82120295819a21d4402de3b09ac2ff295c9a422bf9095cec1f32d610495,9431829,48162,True,2026-10-02T08:29:48.983160+00:00,20261024,573173760,591024128,2146230272,4681,0,200000,0,8660.351899918169,9195.543499918169
n100000-h64-spread-o65536-s20261023,100000,64,spread,20261023,65536,1024,fresh-process-reopened,measured,1,7,merkle,0,merkle,562.2076,0.0805,39f5d82120295819a21d4402de3b09ac2ff295c9a422bf9095cec1f32d610495,9431829,48162,True,2026-10-02T08:30:00.856675+00:00,20261024,572612608,590426112,2016059392,4681,0,200000,0,9781.863700016402,10344.071300016401
n100000-h64-spread-o65536-s20261023,100000,64,spread,20261023,65536,1024,fresh-process-reopened,measured,2,1,hybrid,32768,merkle,515.0026,0.0873,39f5d82120295819a21d4402de3b09ac2ff295c9a422bf9095cec1f32d610495,9431829,48162,True,2026-10-02T08:30:12.803734+00:00,20261025,572260352,590032896,2032693248,4681,0,200000,0,9752.228800090961,10267.231400090961
n100000-h64-spread-o65536-s20261023,100000,64,spread,20261023,65536,1024,fresh-process-reopened,measured,2,2,hybrid,65536,log,406.211,0.0861,39f5d82120295819a21d4402de3b09ac2ff295c9a422bf9095cec1f32d610495,9431829,48162,True,2026-10-02T08:30:23.869229+00:00,20261025,573415424,589062144,2054590464,0,0,0,65536,8863.863400067203,9270.074400067202
n100000-h64-spread-o65536-s20261023,100000,64,spread,20261023,65536,1024,fresh-process-reopened,measured,2,3,log,0,log,408.1887,0.0833,39f5d82120295819a21d4402de3b09ac2ff295c9a422bf9095cec1f32d610495,9431829,48162,True,2026-10-02T08:30:34.616886+00:00,20261025,572579840,588615680,2108252160,0,0,0,65536,8746.129299979657,9154.317999979658
n100000-h64-spread-o65536-s20261023,100000,64,spread,20261023,65536,1024,fresh-process-reopened,measured,2,4,hybrid,4096,merkle,543.5273,0.1479,39f5d82120295819a21d4402de3b09ac2ff295c9a422bf9095cec1f32d610495,9431829,48162,True,2026-10-02T08:30:46.806810+00:00,20261025,572653568,590348288,2061660160,4681,0,200000,0,10095.107499975711,10638.63479997571
n100000-h64-spread-o65536-s20261023,100000,64,spread,20261023,65536,1024,fresh-process-reopened,measured,2,5,hybrid,16384,merkle,599.6797,0.1202,39f5d82120295819a21d4402de3b09ac2ff295c9a422bf9095cec1f32d610495,9431829,48162,True,2026-10-02T08:30:58.190342+00:00,20261025,572612608,590409728,2047627264,4681,0,200000,0,9227.636800031178,9827.316500031178
n100000-h64-spread-o65536-s20261023,100000,64,spread,20261023,65536,1024,fresh-process-reopened,measured,2,6,hybrid,131072,log,374.0425,0.0727,39f5d82120295819a21d4402de3b09ac2ff295c9a422bf9095cec1f32d610495,9431829,48162,True,2026-10-02T08:31:09.378784+00:00,20261025,572964864,588664832,2079567872,0,0,0,65536,8746.777500025928,9120.820000025928
n100000-h64-spread-o65536-s20261023,100000,64,spread,20261023,65536,1024,fresh-process-reopened,measured,2,7,merkle,0,merkle,575.5199,0.0901,39f5d82120295819a21d4402de3b09ac2ff295c9a422bf9095cec1f32d610495,9431829,48162,True,2026-10-02T08:31:20.328823+00:00,20261025,573366272,590614528,2106392576,4681,0,200000,0,8832.157299970277,9407.677199970276
n100000-h64-spread-o65536-s20261023,100000,64,spread,20261023,65536,1024,fresh-process-reopened,measured,3,1,hybrid,4096,merkle,562.6808,0.0941,39f5d82120295819a21d4402de3b09ac2ff295c9a422bf9095cec1f32d610495,9431829,48162,True,2026-10-02T08:31:31.237441+00:00,20261026,572522496,590200832,2244726784,4681,0,200000,0,8616.958800004795,9179.639600004795
n100000-h64-spread-o65536-s20261023,100000,64,spread,20261023,65536,1024,fresh-process-reopened,measured,3,2,merkle,0,merkle,486.9971,0.1244,39f5d82120295819a21d4402de3b09ac2ff295c9a422bf9095cec1f32d610495,9431829,48162,True,2026-10-02T08:31:43.375690+00:00,20261026,572850176,590217216,1493225472,4681,0,200000,0,9894.964199978858,10381.961299978859
n100000-h64-spread-o65536-s20261023,100000,64,spread,20261023,65536,1024,fresh-process-reopened,measured,3,3,hybrid,131072,log,473.4105,0.087,39f5d82120295819a21d4402de3b09ac2ff295c9a422bf9095cec1f32d610495,9431829,48162,True,2026-10-02T08:31:54.261549+00:00,20261026,573276160,588279808,1112145920,0,0,0,65536,8829.207499977201,9302.617999977201
n100000-h64-spread-o65536-s20261023,100000,64,spread,20261023,65536,1024,fresh-process-reopened,measured,3,4,log,0,log,398.8179,0.1086,39f5d82120295819a21d4402de3b09ac2ff295c9a422bf9095cec1f32d610495,9431829,48162,True,2026-10-02T08:32:11.887102+00:00,20261026,572456960,588210176,1221685248,0,0,0,65536,14521.362799918279,14920.180699918279
n100000-h64-spread-o65536-s20261023,100000,64,spread,20261023,65536,1024,fresh-process-reopened,measured,3,5,hybrid,16384,merkle,524.4323,0.0979,39f5d82120295819a21d4402de3b09ac2ff295c9a422bf9095cec1f32d610495,9431829,48162,True,2026-10-02T08:32:27.997175+00:00,20261026,573349888,590651392,1223524352,4681,0,200000,0,13508.980100043118,14033.412400043118
n100000-h64-spread-o65536-s20261023,100000,64,spread,20261023,65536,1024,fresh-process-reopened,measured,3,6,hybrid,32768,merkle,536.1121,0.0731,39f5d82120295819a21d4402de3b09ac2ff295c9a422bf9095cec1f32d610495,9431829,48162,True,2026-10-02T08:32:39.909392+00:00,20261026,573091840,590753792,1336283136,4681,0,200000,0,9794.257200090215,10330.369300090215
n100000-h64-spread-o65536-s20261023,100000,64,spread,20261023,65536,1024,fresh-process-reopened,measured,3,7,hybrid,65536,log,312.2376,0.0885,39f5d82120295819a21d4402de3b09ac2ff295c9a422bf9095cec1f32d610495,9431829,48162,True,2026-10-02T08:32:49.260978+00:00,20261026,572989440,588668928,1406783488,0,0,0,65536,7118.86589997448,7431.103499974481
