scenario,split,rows,commits,locality,seed,operations,changes_per_commit,trial_kind,trial,execution_order,strategy,threshold,selected,diff_ms,decision_probe_ms,correctness,output_sha256,stats
diagnostic-n10000-h256-repeated-key-o8192,diagnostic,10000,256,repeated-key,20261009,8192,32,warmup,1,1,hybrid,16384,log,2.4036,0.0959,True,1273680cfa59e526dea49b6b55330d14ca26298669d8af04ca756a00a156057d,"{'nodes_compared': 0, 'matching_subtrees_skipped': 0, 'leaf_entries_examined': 0, 'log_operations_examined': 8192, 'strategy': 'log'}"
diagnostic-n10000-h256-repeated-key-o8192,diagnostic,10000,256,repeated-key,20261009,8192,32,warmup,1,2,hybrid,2048,merkle,4.5414,0.0907,True,1273680cfa59e526dea49b6b55330d14ca26298669d8af04ca756a00a156057d,"{'nodes_compared': 3152, 'matching_subtrees_skipped': 2189, 'leaf_entries_examined': 3242, 'log_operations_examined': 0, 'strategy': 'merkle'}"
diagnostic-n10000-h256-repeated-key-o8192,diagnostic,10000,256,repeated-key,20261009,8192,32,warmup,1,3,hybrid,1024,merkle,4.5754,0.0881,True,1273680cfa59e526dea49b6b55330d14ca26298669d8af04ca756a00a156057d,"{'nodes_compared': 3152, 'matching_subtrees_skipped': 2189, 'leaf_entries_examined': 3242, 'log_operations_examined': 0, 'strategy': 'merkle'}"
diagnostic-n10000-h256-repeated-key-o8192,diagnostic,10000,256,repeated-key,20261009,8192,32,warmup,1,4,log,0,log,2.097,0.0718,True,1273680cfa59e526dea49b6b55330d14ca26298669d8af04ca756a00a156057d,"{'nodes_compared': 0, 'matching_subtrees_skipped': 0, 'leaf_entries_examined': 0, 'log_operations_examined': 8192, 'strategy': 'log'}"
diagnostic-n10000-h256-repeated-key-o8192,diagnostic,10000,256,repeated-key,20261009,8192,32,warmup,1,5,hybrid,4096,merkle,4.9612,0.1474,True,1273680cfa59e526dea49b6b55330d14ca26298669d8af04ca756a00a156057d,"{'nodes_compared': 3152, 'matching_subtrees_skipped': 2189, 'leaf_entries_examined': 3242, 'log_operations_examined': 0, 'strategy': 'merkle'}"
diagnostic-n10000-h256-repeated-key-o8192,diagnostic,10000,256,repeated-key,20261009,8192,32,warmup,1,6,merkle,0,merkle,5.2354,0.102,True,1273680cfa59e526dea49b6b55330d14ca26298669d8af04ca756a00a156057d,"{'nodes_compared': 3152, 'matching_subtrees_skipped': 2189, 'leaf_entries_examined': 3242, 'log_operations_examined': 0, 'strategy': 'merkle'}"
diagnostic-n10000-h256-repeated-key-o8192,diagnostic,10000,256,repeated-key,20261009,8192,32,warmup,1,7,hybrid,8192,log,2.5876,0.1152,True,1273680cfa59e526dea49b6b55330d14ca26298669d8af04ca756a00a156057d,"{'nodes_compared': 0, 'matching_subtrees_skipped': 0, 'leaf_entries_examined': 0, 'log_operations_examined': 8192, 'strategy': 'log'}"
diagnostic-n10000-h256-repeated-key-o8192,diagnostic,10000,256,repeated-key,20261009,8192,32,warmup,2,1,hybrid,8192,log,3.6364,0.0666,True,1273680cfa59e526dea49b6b55330d14ca26298669d8af04ca756a00a156057d,"{'nodes_compared': 0, 'matching_subtrees_skipped': 0, 'leaf_entries_examined': 0, 'log_operations_examined': 8192, 'strategy': 'log'}"
diagnostic-n10000-h256-repeated-key-o8192,diagnostic,10000,256,repeated-key,20261009,8192,32,warmup,2,2,log,0,log,3.481,0.083,True,1273680cfa59e526dea49b6b55330d14ca26298669d8af04ca756a00a156057d,"{'nodes_compared': 0, 'matching_subtrees_skipped': 0, 'leaf_entries_examined': 0, 'log_operations_examined': 8192, 'strategy': 'log'}"
diagnostic-n10000-h256-repeated-key-o8192,diagnostic,10000,256,repeated-key,20261009,8192,32,warmup,2,3,hybrid,1024,merkle,7.5597,0.1028,True,1273680cfa59e526dea49b6b55330d14ca26298669d8af04ca756a00a156057d,"{'nodes_compared': 3152, 'matching_subtrees_skipped': 2189, 'leaf_entries_examined': 3242, 'log_operations_examined': 0, 'strategy': 'merkle'}"
diagnostic-n10000-h256-repeated-key-o8192,diagnostic,10000,256,repeated-key,20261009,8192,32,warmup,2,4,hybrid,16384,log,3.3794,0.0797,True,1273680cfa59e526dea49b6b55330d14ca26298669d8af04ca756a00a156057d,"{'nodes_compared': 0, 'matching_subtrees_skipped': 0, 'leaf_entries_examined': 0, 'log_operations_examined': 8192, 'strategy': 'log'}"
diagnostic-n10000-h256-repeated-key-o8192,diagnostic,10000,256,repeated-key,20261009,8192,32,warmup,2,5,hybrid,2048,merkle,4.6025,0.0853,True,1273680cfa59e526dea49b6b55330d14ca26298669d8af04ca756a00a156057d,"{'nodes_compared': 3152, 'matching_subtrees_skipped': 2189, 'leaf_entries_examined': 3242, 'log_operations_examined': 0, 'strategy': 'merkle'}"
diagnostic-n10000-h256-repeated-key-o8192,diagnostic,10000,256,repeated-key,20261009,8192,32,warmup,2,6,merkle,0,merkle,4.7696,0.1066,True,1273680cfa59e526dea49b6b55330d14ca26298669d8af04ca756a00a156057d,"{'nodes_compared': 3152, 'matching_subtrees_skipped': 2189, 'leaf_entries_examined': 3242, 'log_operations_examined': 0, 'strategy': 'merkle'}"
diagnostic-n10000-h256-repeated-key-o8192,diagnostic,10000,256,repeated-key,20261009,8192,32,warmup,2,7,hybrid,4096,merkle,8.343,0.1919,True,1273680cfa59e526dea49b6b55330d14ca26298669d8af04ca756a00a156057d,"{'nodes_compared': 3152, 'matching_subtrees_skipped': 2189, 'leaf_entries_examined': 3242, 'log_operations_examined': 0, 'strategy': 'merkle'}"
diagnostic-n10000-h256-repeated-key-o8192,diagnostic,10000,256,repeated-key,20261009,8192,32,measured,1,1,hybrid,4096,merkle,6.5849,0.0893,True,1273680cfa59e526dea49b6b55330d14ca26298669d8af04ca756a00a156057d,"{'nodes_compared': 3152, 'matching_subtrees_skipped': 2189, 'leaf_entries_examined': 3242, 'log_operations_examined': 0, 'strategy': 'merkle'}"
diagnostic-n10000-h256-repeated-key-o8192,diagnostic,10000,256,repeated-key,20261009,8192,32,measured,1,2,merkle,0,merkle,4.888,0.0869,True,1273680cfa59e526dea49b6b55330d14ca26298669d8af04ca756a00a156057d,"{'nodes_compared': 3152, 'matching_subtrees_skipped': 2189, 'leaf_entries_examined': 3242, 'log_operations_examined': 0, 'strategy': 'merkle'}"
diagnostic-n10000-h256-repeated-key-o8192,diagnostic,10000,256,repeated-key,20261009,8192,32,measured,1,3,hybrid,8192,log,2.3134,0.2688,True,1273680cfa59e526dea49b6b55330d14ca26298669d8af04ca756a00a156057d,"{'nodes_compared': 0, 'matching_subtrees_skipped': 0, 'leaf_entries_examined': 0, 'log_operations_examined': 8192, 'strategy': 'log'}"
diagnostic-n10000-h256-repeated-key-o8192,diagnostic,10000,256,repeated-key,20261009,8192,32,measured,1,4,hybrid,2048,merkle,5.3894,0.0816,True,1273680cfa59e526dea49b6b55330d14ca26298669d8af04ca756a00a156057d,"{'nodes_compared': 3152, 'matching_subtrees_skipped': 2189, 'leaf_entries_examined': 3242, 'log_operations_examined': 0, 'strategy': 'merkle'}"
diagnostic-n10000-h256-repeated-key-o8192,diagnostic,10000,256,repeated-key,20261009,8192,32,measured,1,5,log,0,log,2.0566,0.0893,True,1273680cfa59e526dea49b6b55330d14ca26298669d8af04ca756a00a156057d,"{'nodes_compared': 0, 'matching_subtrees_skipped': 0, 'leaf_entries_examined': 0, 'log_operations_examined': 8192, 'strategy': 'log'}"
diagnostic-n10000-h256-repeated-key-o8192,diagnostic,10000,256,repeated-key,20261009,8192,32,measured,1,6,hybrid,16384,log,2.3717,0.0717,True,1273680cfa59e526dea49b6b55330d14ca26298669d8af04ca756a00a156057d,"{'nodes_compared': 0, 'matching_subtrees_skipped': 0, 'leaf_entries_examined': 0, 'log_operations_examined': 8192, 'strategy': 'log'}"
diagnostic-n10000-h256-repeated-key-o8192,diagnostic,10000,256,repeated-key,20261009,8192,32,measured,1,7,hybrid,1024,merkle,4.2341,0.0744,True,1273680cfa59e526dea49b6b55330d14ca26298669d8af04ca756a00a156057d,"{'nodes_compared': 3152, 'matching_subtrees_skipped': 2189, 'leaf_entries_examined': 3242, 'log_operations_examined': 0, 'strategy': 'merkle'}"
diagnostic-n10000-h256-repeated-key-o8192,diagnostic,10000,256,repeated-key,20261009,8192,32,measured,2,1,merkle,0,merkle,5.6605,0.0819,True,1273680cfa59e526dea49b6b55330d14ca26298669d8af04ca756a00a156057d,"{'nodes_compared': 3152, 'matching_subtrees_skipped': 2189, 'leaf_entries_examined': 3242, 'log_operations_examined': 0, 'strategy': 'merkle'}"
diagnostic-n10000-h256-repeated-key-o8192,diagnostic,10000,256,repeated-key,20261009,8192,32,measured,2,2,hybrid,2048,merkle,4.5098,0.1033,True,1273680cfa59e526dea49b6b55330d14ca26298669d8af04ca756a00a156057d,"{'nodes_compared': 3152, 'matching_subtrees_skipped': 2189, 'leaf_entries_examined': 3242, 'log_operations_examined': 0, 'strategy': 'merkle'}"
diagnostic-n10000-h256-repeated-key-o8192,diagnostic,10000,256,repeated-key,20261009,8192,32,measured,2,3,hybrid,1024,merkle,5.2846,0.0773,True,1273680cfa59e526dea49b6b55330d14ca26298669d8af04ca756a00a156057d,"{'nodes_compared': 3152, 'matching_subtrees_skipped': 2189, 'leaf_entries_examined': 3242, 'log_operations_examined': 0, 'strategy': 'merkle'}"
diagnostic-n10000-h256-repeated-key-o8192,diagnostic,10000,256,repeated-key,20261009,8192,32,measured,2,4,hybrid,8192,log,2.0581,0.0584,True,1273680cfa59e526dea49b6b55330d14ca26298669d8af04ca756a00a156057d,"{'nodes_compared': 0, 'matching_subtrees_skipped': 0, 'leaf_entries_examined': 0, 'log_operations_examined': 8192, 'strategy': 'log'}"
diagnostic-n10000-h256-repeated-key-o8192,diagnostic,10000,256,repeated-key,20261009,8192,32,measured,2,5,log,0,log,1.9661,0.0956,True,1273680cfa59e526dea49b6b55330d14ca26298669d8af04ca756a00a156057d,"{'nodes_compared': 0, 'matching_subtrees_skipped': 0, 'leaf_entries_examined': 0, 'log_operations_examined': 8192, 'strategy': 'log'}"
diagnostic-n10000-h256-repeated-key-o8192,diagnostic,10000,256,repeated-key,20261009,8192,32,measured,2,6,hybrid,16384,log,2.1232,0.0925,True,1273680cfa59e526dea49b6b55330d14ca26298669d8af04ca756a00a156057d,"{'nodes_compared': 0, 'matching_subtrees_skipped': 0, 'leaf_entries_examined': 0, 'log_operations_examined': 8192, 'strategy': 'log'}"
diagnostic-n10000-h256-repeated-key-o8192,diagnostic,10000,256,repeated-key,20261009,8192,32,measured,2,7,hybrid,4096,merkle,4.7996,0.0747,True,1273680cfa59e526dea49b6b55330d14ca26298669d8af04ca756a00a156057d,"{'nodes_compared': 3152, 'matching_subtrees_skipped': 2189, 'leaf_entries_examined': 3242, 'log_operations_examined': 0, 'strategy': 'merkle'}"
diagnostic-n10000-h256-repeated-key-o8192,diagnostic,10000,256,repeated-key,20261009,8192,32,measured,3,1,hybrid,4096,merkle,4.4071,0.1863,True,1273680cfa59e526dea49b6b55330d14ca26298669d8af04ca756a00a156057d,"{'nodes_compared': 3152, 'matching_subtrees_skipped': 2189, 'leaf_entries_examined': 3242, 'log_operations_examined': 0, 'strategy': 'merkle'}"
diagnostic-n10000-h256-repeated-key-o8192,diagnostic,10000,256,repeated-key,20261009,8192,32,measured,3,2,merkle,0,merkle,4.644,0.0725,True,1273680cfa59e526dea49b6b55330d14ca26298669d8af04ca756a00a156057d,"{'nodes_compared': 3152, 'matching_subtrees_skipped': 2189, 'leaf_entries_examined': 3242, 'log_operations_examined': 0, 'strategy': 'merkle'}"
diagnostic-n10000-h256-repeated-key-o8192,diagnostic,10000,256,repeated-key,20261009,8192,32,measured,3,3,hybrid,8192,log,2.0411,0.0521,True,1273680cfa59e526dea49b6b55330d14ca26298669d8af04ca756a00a156057d,"{'nodes_compared': 0, 'matching_subtrees_skipped': 0, 'leaf_entries_examined': 0, 'log_operations_examined': 8192, 'strategy': 'log'}"
diagnostic-n10000-h256-repeated-key-o8192,diagnostic,10000,256,repeated-key,20261009,8192,32,measured,3,4,hybrid,16384,log,3.2568,0.0965,True,1273680cfa59e526dea49b6b55330d14ca26298669d8af04ca756a00a156057d,"{'nodes_compared': 0, 'matching_subtrees_skipped': 0, 'leaf_entries_examined': 0, 'log_operations_examined': 8192, 'strategy': 'log'}"
diagnostic-n10000-h256-repeated-key-o8192,diagnostic,10000,256,repeated-key,20261009,8192,32,measured,3,5,hybrid,2048,merkle,5.662,0.0926,True,1273680cfa59e526dea49b6b55330d14ca26298669d8af04ca756a00a156057d,"{'nodes_compared': 3152, 'matching_subtrees_skipped': 2189, 'leaf_entries_examined': 3242, 'log_operations_examined': 0, 'strategy': 'merkle'}"
diagnostic-n10000-h256-repeated-key-o8192,diagnostic,10000,256,repeated-key,20261009,8192,32,measured,3,6,hybrid,1024,merkle,6.8397,0.1573,True,1273680cfa59e526dea49b6b55330d14ca26298669d8af04ca756a00a156057d,"{'nodes_compared': 3152, 'matching_subtrees_skipped': 2189, 'leaf_entries_examined': 3242, 'log_operations_examined': 0, 'strategy': 'merkle'}"
diagnostic-n10000-h256-repeated-key-o8192,diagnostic,10000,256,repeated-key,20261009,8192,32,measured,3,7,log,0,log,2.2256,0.087,True,1273680cfa59e526dea49b6b55330d14ca26298669d8af04ca756a00a156057d,"{'nodes_compared': 0, 'matching_subtrees_skipped': 0, 'leaf_entries_examined': 0, 'log_operations_examined': 8192, 'strategy': 'log'}"
diagnostic-n10000-h256-repeated-key-o8192,diagnostic,10000,256,repeated-key,20261009,8192,32,measured,4,1,hybrid,16384,log,3.2081,0.249,True,1273680cfa59e526dea49b6b55330d14ca26298669d8af04ca756a00a156057d,"{'nodes_compared': 0, 'matching_subtrees_skipped': 0, 'leaf_entries_examined': 0, 'log_operations_examined': 8192, 'strategy': 'log'}"
diagnostic-n10000-h256-repeated-key-o8192,diagnostic,10000,256,repeated-key,20261009,8192,32,measured,4,2,hybrid,4096,merkle,5.8139,0.1155,True,1273680cfa59e526dea49b6b55330d14ca26298669d8af04ca756a00a156057d,"{'nodes_compared': 3152, 'matching_subtrees_skipped': 2189, 'leaf_entries_examined': 3242, 'log_operations_examined': 0, 'strategy': 'merkle'}"
diagnostic-n10000-h256-repeated-key-o8192,diagnostic,10000,256,repeated-key,20261009,8192,32,measured,4,3,hybrid,1024,merkle,5.8014,0.0771,True,1273680cfa59e526dea49b6b55330d14ca26298669d8af04ca756a00a156057d,"{'nodes_compared': 3152, 'matching_subtrees_skipped': 2189, 'leaf_entries_examined': 3242, 'log_operations_examined': 0, 'strategy': 'merkle'}"
diagnostic-n10000-h256-repeated-key-o8192,diagnostic,10000,256,repeated-key,20261009,8192,32,measured,4,4,hybrid,2048,merkle,4.2891,0.0784,True,1273680cfa59e526dea49b6b55330d14ca26298669d8af04ca756a00a156057d,"{'nodes_compared': 3152, 'matching_subtrees_skipped': 2189, 'leaf_entries_examined': 3242, 'log_operations_examined': 0, 'strategy': 'merkle'}"
diagnostic-n10000-h256-repeated-key-o8192,diagnostic,10000,256,repeated-key,20261009,8192,32,measured,4,5,merkle,0,merkle,5.0399,0.0788,True,1273680cfa59e526dea49b6b55330d14ca26298669d8af04ca756a00a156057d,"{'nodes_compared': 3152, 'matching_subtrees_skipped': 2189, 'leaf_entries_examined': 3242, 'log_operations_examined': 0, 'strategy': 'merkle'}"
diagnostic-n10000-h256-repeated-key-o8192,diagnostic,10000,256,repeated-key,20261009,8192,32,measured,4,6,log,0,log,2.0666,0.0698,True,1273680cfa59e526dea49b6b55330d14ca26298669d8af04ca756a00a156057d,"{'nodes_compared': 0, 'matching_subtrees_skipped': 0, 'leaf_entries_examined': 0, 'log_operations_examined': 8192, 'strategy': 'log'}"
diagnostic-n10000-h256-repeated-key-o8192,diagnostic,10000,256,repeated-key,20261009,8192,32,measured,4,7,hybrid,8192,log,2.0408,0.0659,True,1273680cfa59e526dea49b6b55330d14ca26298669d8af04ca756a00a156057d,"{'nodes_compared': 0, 'matching_subtrees_skipped': 0, 'leaf_entries_examined': 0, 'log_operations_examined': 8192, 'strategy': 'log'}"
diagnostic-n10000-h256-repeated-key-o8192,diagnostic,10000,256,repeated-key,20261009,8192,32,measured,5,1,hybrid,4096,merkle,5.9546,0.0765,True,1273680cfa59e526dea49b6b55330d14ca26298669d8af04ca756a00a156057d,"{'nodes_compared': 3152, 'matching_subtrees_skipped': 2189, 'leaf_entries_examined': 3242, 'log_operations_examined': 0, 'strategy': 'merkle'}"
diagnostic-n10000-h256-repeated-key-o8192,diagnostic,10000,256,repeated-key,20261009,8192,32,measured,5,2,hybrid,16384,log,2.0652,0.0626,True,1273680cfa59e526dea49b6b55330d14ca26298669d8af04ca756a00a156057d,"{'nodes_compared': 0, 'matching_subtrees_skipped': 0, 'leaf_entries_examined': 0, 'log_operations_examined': 8192, 'strategy': 'log'}"
diagnostic-n10000-h256-repeated-key-o8192,diagnostic,10000,256,repeated-key,20261009,8192,32,measured,5,3,hybrid,1024,merkle,4.8347,0.2677,True,1273680cfa59e526dea49b6b55330d14ca26298669d8af04ca756a00a156057d,"{'nodes_compared': 3152, 'matching_subtrees_skipped': 2189, 'leaf_entries_examined': 3242, 'log_operations_examined': 0, 'strategy': 'merkle'}"
diagnostic-n10000-h256-repeated-key-o8192,diagnostic,10000,256,repeated-key,20261009,8192,32,measured,5,4,merkle,0,merkle,4.3656,0.0736,True,1273680cfa59e526dea49b6b55330d14ca26298669d8af04ca756a00a156057d,"{'nodes_compared': 3152, 'matching_subtrees_skipped': 2189, 'leaf_entries_examined': 3242, 'log_operations_examined': 0, 'strategy': 'merkle'}"
diagnostic-n10000-h256-repeated-key-o8192,diagnostic,10000,256,repeated-key,20261009,8192,32,measured,5,5,log,0,log,2.0755,0.0906,True,1273680cfa59e526dea49b6b55330d14ca26298669d8af04ca756a00a156057d,"{'nodes_compared': 0, 'matching_subtrees_skipped': 0, 'leaf_entries_examined': 0, 'log_operations_examined': 8192, 'strategy': 'log'}"
diagnostic-n10000-h256-repeated-key-o8192,diagnostic,10000,256,repeated-key,20261009,8192,32,measured,5,6,hybrid,2048,merkle,4.9667,0.0727,True,1273680cfa59e526dea49b6b55330d14ca26298669d8af04ca756a00a156057d,"{'nodes_compared': 3152, 'matching_subtrees_skipped': 2189, 'leaf_entries_examined': 3242, 'log_operations_examined': 0, 'strategy': 'merkle'}"
diagnostic-n10000-h256-repeated-key-o8192,diagnostic,10000,256,repeated-key,20261009,8192,32,measured,5,7,hybrid,8192,log,2.1089,0.0778,True,1273680cfa59e526dea49b6b55330d14ca26298669d8af04ca756a00a156057d,"{'nodes_compared': 0, 'matching_subtrees_skipped': 0, 'leaf_entries_examined': 0, 'log_operations_examined': 8192, 'strategy': 'log'}"
diagnostic-n10000-h256-repeated-key-o8192,diagnostic,10000,256,repeated-key,20261009,8192,32,measured,6,1,hybrid,1024,merkle,4.7492,0.0745,True,1273680cfa59e526dea49b6b55330d14ca26298669d8af04ca756a00a156057d,"{'nodes_compared': 3152, 'matching_subtrees_skipped': 2189, 'leaf_entries_examined': 3242, 'log_operations_examined': 0, 'strategy': 'merkle'}"
diagnostic-n10000-h256-repeated-key-o8192,diagnostic,10000,256,repeated-key,20261009,8192,32,measured,6,2,merkle,0,merkle,4.2731,0.077,True,1273680cfa59e526dea49b6b55330d14ca26298669d8af04ca756a00a156057d,"{'nodes_compared': 3152, 'matching_subtrees_skipped': 2189, 'leaf_entries_examined': 3242, 'log_operations_examined': 0, 'strategy': 'merkle'}"
diagnostic-n10000-h256-repeated-key-o8192,diagnostic,10000,256,repeated-key,20261009,8192,32,measured,6,3,log,0,log,2.0351,0.1067,True,1273680cfa59e526dea49b6b55330d14ca26298669d8af04ca756a00a156057d,"{'nodes_compared': 0, 'matching_subtrees_skipped': 0, 'leaf_entries_examined': 0, 'log_operations_examined': 8192, 'strategy': 'log'}"
diagnostic-n10000-h256-repeated-key-o8192,diagnostic,10000,256,repeated-key,20261009,8192,32,measured,6,4,hybrid,2048,merkle,5.4301,0.0837,True,1273680cfa59e526dea49b6b55330d14ca26298669d8af04ca756a00a156057d,"{'nodes_compared': 3152, 'matching_subtrees_skipped': 2189, 'leaf_entries_examined': 3242, 'log_operations_examined': 0, 'strategy': 'merkle'}"
diagnostic-n10000-h256-repeated-key-o8192,diagnostic,10000,256,repeated-key,20261009,8192,32,measured,6,5,hybrid,8192,log,1.9881,0.0458,True,1273680cfa59e526dea49b6b55330d14ca26298669d8af04ca756a00a156057d,"{'nodes_compared': 0, 'matching_subtrees_skipped': 0, 'leaf_entries_examined': 0, 'log_operations_examined': 8192, 'strategy': 'log'}"
diagnostic-n10000-h256-repeated-key-o8192,diagnostic,10000,256,repeated-key,20261009,8192,32,measured,6,6,hybrid,4096,merkle,4.7093,0.0821,True,1273680cfa59e526dea49b6b55330d14ca26298669d8af04ca756a00a156057d,"{'nodes_compared': 3152, 'matching_subtrees_skipped': 2189, 'leaf_entries_examined': 3242, 'log_operations_examined': 0, 'strategy': 'merkle'}"
diagnostic-n10000-h256-repeated-key-o8192,diagnostic,10000,256,repeated-key,20261009,8192,32,measured,6,7,hybrid,16384,log,1.812,0.0491,True,1273680cfa59e526dea49b6b55330d14ca26298669d8af04ca756a00a156057d,"{'nodes_compared': 0, 'matching_subtrees_skipped': 0, 'leaf_entries_examined': 0, 'log_operations_examined': 8192, 'strategy': 'log'}"
diagnostic-n10000-h256-repeated-key-o8192,diagnostic,10000,256,repeated-key,20261009,8192,32,measured,7,1,log,0,log,1.7212,0.0355,True,1273680cfa59e526dea49b6b55330d14ca26298669d8af04ca756a00a156057d,"{'nodes_compared': 0, 'matching_subtrees_skipped': 0, 'leaf_entries_examined': 0, 'log_operations_examined': 8192, 'strategy': 'log'}"
diagnostic-n10000-h256-repeated-key-o8192,diagnostic,10000,256,repeated-key,20261009,8192,32,measured,7,2,hybrid,4096,merkle,4.1422,0.0725,True,1273680cfa59e526dea49b6b55330d14ca26298669d8af04ca756a00a156057d,"{'nodes_compared': 3152, 'matching_subtrees_skipped': 2189, 'leaf_entries_examined': 3242, 'log_operations_examined': 0, 'strategy': 'merkle'}"
diagnostic-n10000-h256-repeated-key-o8192,diagnostic,10000,256,repeated-key,20261009,8192,32,measured,7,3,hybrid,16384,log,2.0446,0.0483,True,1273680cfa59e526dea49b6b55330d14ca26298669d8af04ca756a00a156057d,"{'nodes_compared': 0, 'matching_subtrees_skipped': 0, 'leaf_entries_examined': 0, 'log_operations_examined': 8192, 'strategy': 'log'}"
diagnostic-n10000-h256-repeated-key-o8192,diagnostic,10000,256,repeated-key,20261009,8192,32,measured,7,4,merkle,0,merkle,4.0827,0.0444,True,1273680cfa59e526dea49b6b55330d14ca26298669d8af04ca756a00a156057d,"{'nodes_compared': 3152, 'matching_subtrees_skipped': 2189, 'leaf_entries_examined': 3242, 'log_operations_examined': 0, 'strategy': 'merkle'}"
diagnostic-n10000-h256-repeated-key-o8192,diagnostic,10000,256,repeated-key,20261009,8192,32,measured,7,5,hybrid,1024,merkle,6.0814,0.0728,True,1273680cfa59e526dea49b6b55330d14ca26298669d8af04ca756a00a156057d,"{'nodes_compared': 3152, 'matching_subtrees_skipped': 2189, 'leaf_entries_examined': 3242, 'log_operations_examined': 0, 'strategy': 'merkle'}"
diagnostic-n10000-h256-repeated-key-o8192,diagnostic,10000,256,repeated-key,20261009,8192,32,measured,7,6,hybrid,8192,log,1.8444,0.0456,True,1273680cfa59e526dea49b6b55330d14ca26298669d8af04ca756a00a156057d,"{'nodes_compared': 0, 'matching_subtrees_skipped': 0, 'leaf_entries_examined': 0, 'log_operations_examined': 8192, 'strategy': 'log'}"
diagnostic-n10000-h256-repeated-key-o8192,diagnostic,10000,256,repeated-key,20261009,8192,32,measured,7,7,hybrid,2048,merkle,3.7048,0.144,True,1273680cfa59e526dea49b6b55330d14ca26298669d8af04ca756a00a156057d,"{'nodes_compared': 3152, 'matching_subtrees_skipped': 2189, 'leaf_entries_examined': 3242, 'log_operations_examined': 0, 'strategy': 'merkle'}"
diagnostic-n10000-h256-repeated-key-o16384,diagnostic,10000,256,repeated-key,20261009,16384,64,warmup,1,1,hybrid,1024,merkle,5.0209,0.1081,True,dc621875e901fff64efe95ab1d397ff046d2dce068fca2c94f28a2a564d3f79f,"{'nodes_compared': 3303, 'matching_subtrees_skipped': 2264, 'leaf_entries_examined': 3608, 'log_operations_examined': 0, 'strategy': 'merkle'}"
diagnostic-n10000-h256-repeated-key-o16384,diagnostic,10000,256,repeated-key,20261009,16384,64,warmup,1,2,hybrid,2048,merkle,5.1172,0.0946,True,dc621875e901fff64efe95ab1d397ff046d2dce068fca2c94f28a2a564d3f79f,"{'nodes_compared': 3303, 'matching_subtrees_skipped': 2264, 'leaf_entries_examined': 3608, 'log_operations_examined': 0, 'strategy': 'merkle'}"
diagnostic-n10000-h256-repeated-key-o16384,diagnostic,10000,256,repeated-key,20261009,16384,64,warmup,1,3,hybrid,8192,merkle,4.5924,0.0831,True,dc621875e901fff64efe95ab1d397ff046d2dce068fca2c94f28a2a564d3f79f,"{'nodes_compared': 3303, 'matching_subtrees_skipped': 2264, 'leaf_entries_examined': 3608, 'log_operations_examined': 0, 'strategy': 'merkle'}"
diagnostic-n10000-h256-repeated-key-o16384,diagnostic,10000,256,repeated-key,20261009,16384,64,warmup,1,4,merkle,0,merkle,5.0646,0.0891,True,dc621875e901fff64efe95ab1d397ff046d2dce068fca2c94f28a2a564d3f79f,"{'nodes_compared': 3303, 'matching_subtrees_skipped': 2264, 'leaf_entries_examined': 3608, 'log_operations_examined': 0, 'strategy': 'merkle'}"
diagnostic-n10000-h256-repeated-key-o16384,diagnostic,10000,256,repeated-key,20261009,16384,64,warmup,1,5,hybrid,16384,log,2.8376,0.0651,True,dc621875e901fff64efe95ab1d397ff046d2dce068fca2c94f28a2a564d3f79f,"{'nodes_compared': 0, 'matching_subtrees_skipped': 0, 'leaf_entries_examined': 0, 'log_operations_examined': 16384, 'strategy': 'log'}"
diagnostic-n10000-h256-repeated-key-o16384,diagnostic,10000,256,repeated-key,20261009,16384,64,warmup,1,6,log,0,log,2.8099,0.0705,True,dc621875e901fff64efe95ab1d397ff046d2dce068fca2c94f28a2a564d3f79f,"{'nodes_compared': 0, 'matching_subtrees_skipped': 0, 'leaf_entries_examined': 0, 'log_operations_examined': 16384, 'strategy': 'log'}"
diagnostic-n10000-h256-repeated-key-o16384,diagnostic,10000,256,repeated-key,20261009,16384,64,warmup,1,7,hybrid,4096,merkle,4.7691,0.0647,True,dc621875e901fff64efe95ab1d397ff046d2dce068fca2c94f28a2a564d3f79f,"{'nodes_compared': 3303, 'matching_subtrees_skipped': 2264, 'leaf_entries_examined': 3608, 'log_operations_examined': 0, 'strategy': 'merkle'}"
diagnostic-n10000-h256-repeated-key-o16384,diagnostic,10000,256,repeated-key,20261009,16384,64,warmup,2,1,hybrid,16384,log,2.7739,0.0619,True,dc621875e901fff64efe95ab1d397ff046d2dce068fca2c94f28a2a564d3f79f,"{'nodes_compared': 0, 'matching_subtrees_skipped': 0, 'leaf_entries_examined': 0, 'log_operations_examined': 16384, 'strategy': 'log'}"
diagnostic-n10000-h256-repeated-key-o16384,diagnostic,10000,256,repeated-key,20261009,16384,64,warmup,2,2,hybrid,4096,merkle,5.2049,0.0682,True,dc621875e901fff64efe95ab1d397ff046d2dce068fca2c94f28a2a564d3f79f,"{'nodes_compared': 3303, 'matching_subtrees_skipped': 2264, 'leaf_entries_examined': 3608, 'log_operations_examined': 0, 'strategy': 'merkle'}"
diagnostic-n10000-h256-repeated-key-o16384,diagnostic,10000,256,repeated-key,20261009,16384,64,warmup,2,3,merkle,0,merkle,4.588,0.0638,True,dc621875e901fff64efe95ab1d397ff046d2dce068fca2c94f28a2a564d3f79f,"{'nodes_compared': 3303, 'matching_subtrees_skipped': 2264, 'leaf_entries_examined': 3608, 'log_operations_examined': 0, 'strategy': 'merkle'}"
diagnostic-n10000-h256-repeated-key-o16384,diagnostic,10000,256,repeated-key,20261009,16384,64,warmup,2,4,hybrid,2048,merkle,4.2341,0.0548,True,dc621875e901fff64efe95ab1d397ff046d2dce068fca2c94f28a2a564d3f79f,"{'nodes_compared': 3303, 'matching_subtrees_skipped': 2264, 'leaf_entries_examined': 3608, 'log_operations_examined': 0, 'strategy': 'merkle'}"
diagnostic-n10000-h256-repeated-key-o16384,diagnostic,10000,256,repeated-key,20261009,16384,64,warmup,2,5,log,0,log,2.7728,0.0472,True,dc621875e901fff64efe95ab1d397ff046d2dce068fca2c94f28a2a564d3f79f,"{'nodes_compared': 0, 'matching_subtrees_skipped': 0, 'leaf_entries_examined': 0, 'log_operations_examined': 16384, 'strategy': 'log'}"
diagnostic-n10000-h256-repeated-key-o16384,diagnostic,10000,256,repeated-key,20261009,16384,64,warmup,2,6,hybrid,8192,merkle,4.8322,0.0913,True,dc621875e901fff64efe95ab1d397ff046d2dce068fca2c94f28a2a564d3f79f,"{'nodes_compared': 3303, 'matching_subtrees_skipped': 2264, 'leaf_entries_examined': 3608, 'log_operations_examined': 0, 'strategy': 'merkle'}"
diagnostic-n10000-h256-repeated-key-o16384,diagnostic,10000,256,repeated-key,20261009,16384,64,warmup,2,7,hybrid,1024,merkle,4.1982,0.0745,True,dc621875e901fff64efe95ab1d397ff046d2dce068fca2c94f28a2a564d3f79f,"{'nodes_compared': 3303, 'matching_subtrees_skipped': 2264, 'leaf_entries_examined': 3608, 'log_operations_examined': 0, 'strategy': 'merkle'}"
diagnostic-n10000-h256-repeated-key-o16384,diagnostic,10000,256,repeated-key,20261009,16384,64,measured,1,1,hybrid,1024,merkle,4.5037,0.0671,True,dc621875e901fff64efe95ab1d397ff046d2dce068fca2c94f28a2a564d3f79f,"{'nodes_compared': 3303, 'matching_subtrees_skipped': 2264, 'leaf_entries_examined': 3608, 'log_operations_examined': 0, 'strategy': 'merkle'}"
diagnostic-n10000-h256-repeated-key-o16384,diagnostic,10000,256,repeated-key,20261009,16384,64,measured,1,2,hybrid,8192,merkle,3.8538,0.0675,True,dc621875e901fff64efe95ab1d397ff046d2dce068fca2c94f28a2a564d3f79f,"{'nodes_compared': 3303, 'matching_subtrees_skipped': 2264, 'leaf_entries_examined': 3608, 'log_operations_examined': 0, 'strategy': 'merkle'}"
diagnostic-n10000-h256-repeated-key-o16384,diagnostic,10000,256,repeated-key,20261009,16384,64,measured,1,3,hybrid,2048,merkle,4.2752,0.1293,True,dc621875e901fff64efe95ab1d397ff046d2dce068fca2c94f28a2a564d3f79f,"{'nodes_compared': 3303, 'matching_subtrees_skipped': 2264, 'leaf_entries_examined': 3608, 'log_operations_examined': 0, 'strategy': 'merkle'}"
diagnostic-n10000-h256-repeated-key-o16384,diagnostic,10000,256,repeated-key,20261009,16384,64,measured,1,4,log,0,log,3.1773,0.0727,True,dc621875e901fff64efe95ab1d397ff046d2dce068fca2c94f28a2a564d3f79f,"{'nodes_compared': 0, 'matching_subtrees_skipped': 0, 'leaf_entries_examined': 0, 'log_operations_examined': 16384, 'strategy': 'log'}"
diagnostic-n10000-h256-repeated-key-o16384,diagnostic,10000,256,repeated-key,20261009,16384,64,measured,1,5,merkle,0,merkle,4.3621,0.1857,True,dc621875e901fff64efe95ab1d397ff046d2dce068fca2c94f28a2a564d3f79f,"{'nodes_compared': 3303, 'matching_subtrees_skipped': 2264, 'leaf_entries_examined': 3608, 'log_operations_examined': 0, 'strategy': 'merkle'}"
diagnostic-n10000-h256-repeated-key-o16384,diagnostic,10000,256,repeated-key,20261009,16384,64,measured,1,6,hybrid,4096,merkle,6.6655,0.0993,True,dc621875e901fff64efe95ab1d397ff046d2dce068fca2c94f28a2a564d3f79f,"{'nodes_compared': 3303, 'matching_subtrees_skipped': 2264, 'leaf_entries_examined': 3608, 'log_operations_examined': 0, 'strategy': 'merkle'}"
diagnostic-n10000-h256-repeated-key-o16384,diagnostic,10000,256,repeated-key,20261009,16384,64,measured,1,7,hybrid,16384,log,2.9298,0.0727,True,dc621875e901fff64efe95ab1d397ff046d2dce068fca2c94f28a2a564d3f79f,"{'nodes_compared': 0, 'matching_subtrees_skipped': 0, 'leaf_entries_examined': 0, 'log_operations_examined': 16384, 'strategy': 'log'}"
diagnostic-n10000-h256-repeated-key-o16384,diagnostic,10000,256,repeated-key,20261009,16384,64,measured,2,1,hybrid,16384,log,3.3792,0.0756,True,dc621875e901fff64efe95ab1d397ff046d2dce068fca2c94f28a2a564d3f79f,"{'nodes_compared': 0, 'matching_subtrees_skipped': 0, 'leaf_entries_examined': 0, 'log_operations_examined': 16384, 'strategy': 'log'}"
diagnostic-n10000-h256-repeated-key-o16384,diagnostic,10000,256,repeated-key,20261009,16384,64,measured,2,2,hybrid,1024,merkle,4.8725,0.069,True,dc621875e901fff64efe95ab1d397ff046d2dce068fca2c94f28a2a564d3f79f,"{'nodes_compared': 3303, 'matching_subtrees_skipped': 2264, 'leaf_entries_examined': 3608, 'log_operations_examined': 0, 'strategy': 'merkle'}"
diagnostic-n10000-h256-repeated-key-o16384,diagnostic,10000,256,repeated-key,20261009,16384,64,measured,2,3,hybrid,4096,merkle,4.7201,0.0566,True,dc621875e901fff64efe95ab1d397ff046d2dce068fca2c94f28a2a564d3f79f,"{'nodes_compared': 3303, 'matching_subtrees_skipped': 2264, 'leaf_entries_examined': 3608, 'log_operations_examined': 0, 'strategy': 'merkle'}"
diagnostic-n10000-h256-repeated-key-o16384,diagnostic,10000,256,repeated-key,20261009,16384,64,measured,2,4,hybrid,8192,merkle,3.8652,0.0495,True,dc621875e901fff64efe95ab1d397ff046d2dce068fca2c94f28a2a564d3f79f,"{'nodes_compared': 3303, 'matching_subtrees_skipped': 2264, 'leaf_entries_examined': 3608, 'log_operations_examined': 0, 'strategy': 'merkle'}"
diagnostic-n10000-h256-repeated-key-o16384,diagnostic,10000,256,repeated-key,20261009,16384,64,measured,2,5,merkle,0,merkle,4.0423,0.2336,True,dc621875e901fff64efe95ab1d397ff046d2dce068fca2c94f28a2a564d3f79f,"{'nodes_compared': 3303, 'matching_subtrees_skipped': 2264, 'leaf_entries_examined': 3608, 'log_operations_examined': 0, 'strategy': 'merkle'}"
diagnostic-n10000-h256-repeated-key-o16384,diagnostic,10000,256,repeated-key,20261009,16384,64,measured,2,6,hybrid,2048,merkle,4.2906,0.078,True,dc621875e901fff64efe95ab1d397ff046d2dce068fca2c94f28a2a564d3f79f,"{'nodes_compared': 3303, 'matching_subtrees_skipped': 2264, 'leaf_entries_examined': 3608, 'log_operations_examined': 0, 'strategy': 'merkle'}"
diagnostic-n10000-h256-repeated-key-o16384,diagnostic,10000,256,repeated-key,20261009,16384,64,measured,2,7,log,0,log,2.6055,0.0714,True,dc621875e901fff64efe95ab1d397ff046d2dce068fca2c94f28a2a564d3f79f,"{'nodes_compared': 0, 'matching_subtrees_skipped': 0, 'leaf_entries_examined': 0, 'log_operations_examined': 16384, 'strategy': 'log'}"
diagnostic-n10000-h256-repeated-key-o16384,diagnostic,10000,256,repeated-key,20261009,16384,64,measured,3,1,log,0,log,2.5939,0.0421,True,dc621875e901fff64efe95ab1d397ff046d2dce068fca2c94f28a2a564d3f79f,"{'nodes_compared': 0, 'matching_subtrees_skipped': 0, 'leaf_entries_examined': 0, 'log_operations_examined': 16384, 'strategy': 'log'}"
diagnostic-n10000-h256-repeated-key-o16384,diagnostic,10000,256,repeated-key,20261009,16384,64,measured,3,2,hybrid,16384,log,2.4935,0.0525,True,dc621875e901fff64efe95ab1d397ff046d2dce068fca2c94f28a2a564d3f79f,"{'nodes_compared': 0, 'matching_subtrees_skipped': 0, 'leaf_entries_examined': 0, 'log_operations_examined': 16384, 'strategy': 'log'}"
diagnostic-n10000-h256-repeated-key-o16384,diagnostic,10000,256,repeated-key,20261009,16384,64,measured,3,3,hybrid,2048,merkle,5.0746,0.1054,True,dc621875e901fff64efe95ab1d397ff046d2dce068fca2c94f28a2a564d3f79f,"{'nodes_compared': 3303, 'matching_subtrees_skipped': 2264, 'leaf_entries_examined': 3608, 'log_operations_examined': 0, 'strategy': 'merkle'}"
diagnostic-n10000-h256-repeated-key-o16384,diagnostic,10000,256,repeated-key,20261009,16384,64,measured,3,4,merkle,0,merkle,4.4662,0.084,True,dc621875e901fff64efe95ab1d397ff046d2dce068fca2c94f28a2a564d3f79f,"{'nodes_compared': 3303, 'matching_subtrees_skipped': 2264, 'leaf_entries_examined': 3608, 'log_operations_examined': 0, 'strategy': 'merkle'}"
diagnostic-n10000-h256-repeated-key-o16384,diagnostic,10000,256,repeated-key,20261009,16384,64,measured,3,5,hybrid,1024,merkle,4.6838,0.1162,True,dc621875e901fff64efe95ab1d397ff046d2dce068fca2c94f28a2a564d3f79f,"{'nodes_compared': 3303, 'matching_subtrees_skipped': 2264, 'leaf_entries_examined': 3608, 'log_operations_examined': 0, 'strategy': 'merkle'}"
diagnostic-n10000-h256-repeated-key-o16384,diagnostic,10000,256,repeated-key,20261009,16384,64,measured,3,6,hybrid,4096,merkle,4.499,0.0833,True,dc621875e901fff64efe95ab1d397ff046d2dce068fca2c94f28a2a564d3f79f,"{'nodes_compared': 3303, 'matching_subtrees_skipped': 2264, 'leaf_entries_examined': 3608, 'log_operations_examined': 0, 'strategy': 'merkle'}"
diagnostic-n10000-h256-repeated-key-o16384,diagnostic,10000,256,repeated-key,20261009,16384,64,measured,3,7,hybrid,8192,merkle,4.2348,0.1604,True,dc621875e901fff64efe95ab1d397ff046d2dce068fca2c94f28a2a564d3f79f,"{'nodes_compared': 3303, 'matching_subtrees_skipped': 2264, 'leaf_entries_examined': 3608, 'log_operations_examined': 0, 'strategy': 'merkle'}"
diagnostic-n10000-h256-repeated-key-o16384,diagnostic,10000,256,repeated-key,20261009,16384,64,measured,4,1,hybrid,2048,merkle,8.2387,0.3243,True,dc621875e901fff64efe95ab1d397ff046d2dce068fca2c94f28a2a564d3f79f,"{'nodes_compared': 3303, 'matching_subtrees_skipped': 2264, 'leaf_entries_examined': 3608, 'log_operations_examined': 0, 'strategy': 'merkle'}"
diagnostic-n10000-h256-repeated-key-o16384,diagnostic,10000,256,repeated-key,20261009,16384,64,measured,4,2,hybrid,8192,merkle,8.6504,0.1756,True,dc621875e901fff64efe95ab1d397ff046d2dce068fca2c94f28a2a564d3f79f,"{'nodes_compared': 3303, 'matching_subtrees_skipped': 2264, 'leaf_entries_examined': 3608, 'log_operations_examined': 0, 'strategy': 'merkle'}"
diagnostic-n10000-h256-repeated-key-o16384,diagnostic,10000,256,repeated-key,20261009,16384,64,measured,4,3,merkle,0,merkle,8.3662,0.1418,True,dc621875e901fff64efe95ab1d397ff046d2dce068fca2c94f28a2a564d3f79f,"{'nodes_compared': 3303, 'matching_subtrees_skipped': 2264, 'leaf_entries_examined': 3608, 'log_operations_examined': 0, 'strategy': 'merkle'}"
diagnostic-n10000-h256-repeated-key-o16384,diagnostic,10000,256,repeated-key,20261009,16384,64,measured,4,4,hybrid,4096,merkle,7.957,0.1234,True,dc621875e901fff64efe95ab1d397ff046d2dce068fca2c94f28a2a564d3f79f,"{'nodes_compared': 3303, 'matching_subtrees_skipped': 2264, 'leaf_entries_examined': 3608, 'log_operations_examined': 0, 'strategy': 'merkle'}"
diagnostic-n10000-h256-repeated-key-o16384,diagnostic,10000,256,repeated-key,20261009,16384,64,measured,4,5,hybrid,16384,log,3.0852,0.0979,True,dc621875e901fff64efe95ab1d397ff046d2dce068fca2c94f28a2a564d3f79f,"{'nodes_compared': 0, 'matching_subtrees_skipped': 0, 'leaf_entries_examined': 0, 'log_operations_examined': 16384, 'strategy': 'log'}"
diagnostic-n10000-h256-repeated-key-o16384,diagnostic,10000,256,repeated-key,20261009,16384,64,measured,4,6,hybrid,1024,merkle,6.9207,0.1237,True,dc621875e901fff64efe95ab1d397ff046d2dce068fca2c94f28a2a564d3f79f,"{'nodes_compared': 3303, 'matching_subtrees_skipped': 2264, 'leaf_entries_examined': 3608, 'log_operations_examined': 0, 'strategy': 'merkle'}"
diagnostic-n10000-h256-repeated-key-o16384,diagnostic,10000,256,repeated-key,20261009,16384,64,measured,4,7,log,0,log,3.0552,0.1222,True,dc621875e901fff64efe95ab1d397ff046d2dce068fca2c94f28a2a564d3f79f,"{'nodes_compared': 0, 'matching_subtrees_skipped': 0, 'leaf_entries_examined': 0, 'log_operations_examined': 16384, 'strategy': 'log'}"
diagnostic-n10000-h256-repeated-key-o16384,diagnostic,10000,256,repeated-key,20261009,16384,64,measured,5,1,hybrid,16384,log,2.9772,0.1379,True,dc621875e901fff64efe95ab1d397ff046d2dce068fca2c94f28a2a564d3f79f,"{'nodes_compared': 0, 'matching_subtrees_skipped': 0, 'leaf_entries_examined': 0, 'log_operations_examined': 16384, 'strategy': 'log'}"
diagnostic-n10000-h256-repeated-key-o16384,diagnostic,10000,256,repeated-key,20261009,16384,64,measured,5,2,hybrid,2048,merkle,5.4794,0.1613,True,dc621875e901fff64efe95ab1d397ff046d2dce068fca2c94f28a2a564d3f79f,"{'nodes_compared': 3303, 'matching_subtrees_skipped': 2264, 'leaf_entries_examined': 3608, 'log_operations_examined': 0, 'strategy': 'merkle'}"
diagnostic-n10000-h256-repeated-key-o16384,diagnostic,10000,256,repeated-key,20261009,16384,64,measured,5,3,merkle,0,merkle,6.9196,0.2082,True,dc621875e901fff64efe95ab1d397ff046d2dce068fca2c94f28a2a564d3f79f,"{'nodes_compared': 3303, 'matching_subtrees_skipped': 2264, 'leaf_entries_examined': 3608, 'log_operations_examined': 0, 'strategy': 'merkle'}"
diagnostic-n10000-h256-repeated-key-o16384,diagnostic,10000,256,repeated-key,20261009,16384,64,measured,5,4,log,0,log,3.2552,0.1404,True,dc621875e901fff64efe95ab1d397ff046d2dce068fca2c94f28a2a564d3f79f,"{'nodes_compared': 0, 'matching_subtrees_skipped': 0, 'leaf_entries_examined': 0, 'log_operations_examined': 16384, 'strategy': 'log'}"
diagnostic-n10000-h256-repeated-key-o16384,diagnostic,10000,256,repeated-key,20261009,16384,64,measured,5,5,hybrid,8192,merkle,7.0481,0.1402,True,dc621875e901fff64efe95ab1d397ff046d2dce068fca2c94f28a2a564d3f79f,"{'nodes_compared': 3303, 'matching_subtrees_skipped': 2264, 'leaf_entries_examined': 3608, 'log_operations_examined': 0, 'strategy': 'merkle'}"
diagnostic-n10000-h256-repeated-key-o16384,diagnostic,10000,256,repeated-key,20261009,16384,64,measured,5,6,hybrid,1024,merkle,5.7189,0.2881,True,dc621875e901fff64efe95ab1d397ff046d2dce068fca2c94f28a2a564d3f79f,"{'nodes_compared': 3303, 'matching_subtrees_skipped': 2264, 'leaf_entries_examined': 3608, 'log_operations_examined': 0, 'strategy': 'merkle'}"
diagnostic-n10000-h256-repeated-key-o16384,diagnostic,10000,256,repeated-key,20261009,16384,64,measured,5,7,hybrid,4096,merkle,9.3312,0.1296,True,dc621875e901fff64efe95ab1d397ff046d2dce068fca2c94f28a2a564d3f79f,"{'nodes_compared': 3303, 'matching_subtrees_skipped': 2264, 'leaf_entries_examined': 3608, 'log_operations_examined': 0, 'strategy': 'merkle'}"
diagnostic-n10000-h256-repeated-key-o16384,diagnostic,10000,256,repeated-key,20261009,16384,64,measured,6,1,hybrid,2048,merkle,5.9728,0.1135,True,dc621875e901fff64efe95ab1d397ff046d2dce068fca2c94f28a2a564d3f79f,"{'nodes_compared': 3303, 'matching_subtrees_skipped': 2264, 'leaf_entries_examined': 3608, 'log_operations_examined': 0, 'strategy': 'merkle'}"
diagnostic-n10000-h256-repeated-key-o16384,diagnostic,10000,256,repeated-key,20261009,16384,64,measured,6,2,hybrid,1024,merkle,5.1628,0.1282,True,dc621875e901fff64efe95ab1d397ff046d2dce068fca2c94f28a2a564d3f79f,"{'nodes_compared': 3303, 'matching_subtrees_skipped': 2264, 'leaf_entries_examined': 3608, 'log_operations_examined': 0, 'strategy': 'merkle'}"
diagnostic-n10000-h256-repeated-key-o16384,diagnostic,10000,256,repeated-key,20261009,16384,64,measured,6,3,hybrid,16384,log,4.1367,0.1393,True,dc621875e901fff64efe95ab1d397ff046d2dce068fca2c94f28a2a564d3f79f,"{'nodes_compared': 0, 'matching_subtrees_skipped': 0, 'leaf_entries_examined': 0, 'log_operations_examined': 16384, 'strategy': 'log'}"
diagnostic-n10000-h256-repeated-key-o16384,diagnostic,10000,256,repeated-key,20261009,16384,64,measured,6,4,log,0,log,3.2368,0.168,True,dc621875e901fff64efe95ab1d397ff046d2dce068fca2c94f28a2a564d3f79f,"{'nodes_compared': 0, 'matching_subtrees_skipped': 0, 'leaf_entries_examined': 0, 'log_operations_examined': 16384, 'strategy': 'log'}"
diagnostic-n10000-h256-repeated-key-o16384,diagnostic,10000,256,repeated-key,20261009,16384,64,measured,6,5,hybrid,8192,merkle,8.9227,0.1317,True,dc621875e901fff64efe95ab1d397ff046d2dce068fca2c94f28a2a564d3f79f,"{'nodes_compared': 3303, 'matching_subtrees_skipped': 2264, 'leaf_entries_examined': 3608, 'log_operations_examined': 0, 'strategy': 'merkle'}"
diagnostic-n10000-h256-repeated-key-o16384,diagnostic,10000,256,repeated-key,20261009,16384,64,measured,6,6,hybrid,4096,merkle,5.0995,0.1301,True,dc621875e901fff64efe95ab1d397ff046d2dce068fca2c94f28a2a564d3f79f,"{'nodes_compared': 3303, 'matching_subtrees_skipped': 2264, 'leaf_entries_examined': 3608, 'log_operations_examined': 0, 'strategy': 'merkle'}"
diagnostic-n10000-h256-repeated-key-o16384,diagnostic,10000,256,repeated-key,20261009,16384,64,measured,6,7,merkle,0,merkle,5.7499,0.1123,True,dc621875e901fff64efe95ab1d397ff046d2dce068fca2c94f28a2a564d3f79f,"{'nodes_compared': 3303, 'matching_subtrees_skipped': 2264, 'leaf_entries_examined': 3608, 'log_operations_examined': 0, 'strategy': 'merkle'}"
diagnostic-n10000-h256-repeated-key-o16384,diagnostic,10000,256,repeated-key,20261009,16384,64,measured,7,1,merkle,0,merkle,6.7586,0.1424,True,dc621875e901fff64efe95ab1d397ff046d2dce068fca2c94f28a2a564d3f79f,"{'nodes_compared': 3303, 'matching_subtrees_skipped': 2264, 'leaf_entries_examined': 3608, 'log_operations_examined': 0, 'strategy': 'merkle'}"
diagnostic-n10000-h256-repeated-key-o16384,diagnostic,10000,256,repeated-key,20261009,16384,64,measured,7,2,hybrid,4096,merkle,5.3268,0.1171,True,dc621875e901fff64efe95ab1d397ff046d2dce068fca2c94f28a2a564d3f79f,"{'nodes_compared': 3303, 'matching_subtrees_skipped': 2264, 'leaf_entries_examined': 3608, 'log_operations_examined': 0, 'strategy': 'merkle'}"
diagnostic-n10000-h256-repeated-key-o16384,diagnostic,10000,256,repeated-key,20261009,16384,64,measured,7,3,log,0,log,3.6106,0.1393,True,dc621875e901fff64efe95ab1d397ff046d2dce068fca2c94f28a2a564d3f79f,"{'nodes_compared': 0, 'matching_subtrees_skipped': 0, 'leaf_entries_examined': 0, 'log_operations_examined': 16384, 'strategy': 'log'}"
diagnostic-n10000-h256-repeated-key-o16384,diagnostic,10000,256,repeated-key,20261009,16384,64,measured,7,4,hybrid,1024,merkle,6.0826,0.1161,True,dc621875e901fff64efe95ab1d397ff046d2dce068fca2c94f28a2a564d3f79f,"{'nodes_compared': 3303, 'matching_subtrees_skipped': 2264, 'leaf_entries_examined': 3608, 'log_operations_examined': 0, 'strategy': 'merkle'}"
diagnostic-n10000-h256-repeated-key-o16384,diagnostic,10000,256,repeated-key,20261009,16384,64,measured,7,5,hybrid,8192,merkle,8.8301,0.1006,True,dc621875e901fff64efe95ab1d397ff046d2dce068fca2c94f28a2a564d3f79f,"{'nodes_compared': 3303, 'matching_subtrees_skipped': 2264, 'leaf_entries_examined': 3608, 'log_operations_examined': 0, 'strategy': 'merkle'}"
diagnostic-n10000-h256-repeated-key-o16384,diagnostic,10000,256,repeated-key,20261009,16384,64,measured,7,6,hybrid,16384,log,2.839,0.1112,True,dc621875e901fff64efe95ab1d397ff046d2dce068fca2c94f28a2a564d3f79f,"{'nodes_compared': 0, 'matching_subtrees_skipped': 0, 'leaf_entries_examined': 0, 'log_operations_examined': 16384, 'strategy': 'log'}"
diagnostic-n10000-h256-repeated-key-o16384,diagnostic,10000,256,repeated-key,20261009,16384,64,measured,7,7,hybrid,2048,merkle,5.2719,0.1006,True,dc621875e901fff64efe95ab1d397ff046d2dce068fca2c94f28a2a564d3f79f,"{'nodes_compared': 3303, 'matching_subtrees_skipped': 2264, 'leaf_entries_examined': 3608, 'log_operations_examined': 0, 'strategy': 'merkle'}"
diagnostic-n10000-h256-repeated-key-o32768,diagnostic,10000,256,repeated-key,20261009,32768,128,warmup,1,1,hybrid,2048,merkle,7.9129,0.1942,True,d82f557c824d58d01a3f8a9bfe29215bfd076e8d906dff5edf73451e0daa7f96,"{'nodes_compared': 3533, 'matching_subtrees_skipped': 2357, 'leaf_entries_examined': 4292, 'log_operations_examined': 0, 'strategy': 'merkle'}"
diagnostic-n10000-h256-repeated-key-o32768,diagnostic,10000,256,repeated-key,20261009,32768,128,warmup,1,2,hybrid,8192,merkle,16.7091,0.2768,True,d82f557c824d58d01a3f8a9bfe29215bfd076e8d906dff5edf73451e0daa7f96,"{'nodes_compared': 3533, 'matching_subtrees_skipped': 2357, 'leaf_entries_examined': 4292, 'log_operations_examined': 0, 'strategy': 'merkle'}"
diagnostic-n10000-h256-repeated-key-o32768,diagnostic,10000,256,repeated-key,20261009,32768,128,warmup,1,3,log,0,log,6.6116,0.1575,True,d82f557c824d58d01a3f8a9bfe29215bfd076e8d906dff5edf73451e0daa7f96,"{'nodes_compared': 0, 'matching_subtrees_skipped': 0, 'leaf_entries_examined': 0, 'log_operations_examined': 32768, 'strategy': 'log'}"
diagnostic-n10000-h256-repeated-key-o32768,diagnostic,10000,256,repeated-key,20261009,32768,128,warmup,1,4,hybrid,1024,merkle,8.4108,0.142,True,d82f557c824d58d01a3f8a9bfe29215bfd076e8d906dff5edf73451e0daa7f96,"{'nodes_compared': 3533, 'matching_subtrees_skipped': 2357, 'leaf_entries_examined': 4292, 'log_operations_examined': 0, 'strategy': 'merkle'}"
diagnostic-n10000-h256-repeated-key-o32768,diagnostic,10000,256,repeated-key,20261009,32768,128,warmup,1,5,hybrid,4096,merkle,7.5849,0.1843,True,d82f557c824d58d01a3f8a9bfe29215bfd076e8d906dff5edf73451e0daa7f96,"{'nodes_compared': 3533, 'matching_subtrees_skipped': 2357, 'leaf_entries_examined': 4292, 'log_operations_examined': 0, 'strategy': 'merkle'}"
diagnostic-n10000-h256-repeated-key-o32768,diagnostic,10000,256,repeated-key,20261009,32768,128,warmup,1,6,hybrid,16384,merkle,7.3101,0.1936,True,d82f557c824d58d01a3f8a9bfe29215bfd076e8d906dff5edf73451e0daa7f96,"{'nodes_compared': 3533, 'matching_subtrees_skipped': 2357, 'leaf_entries_examined': 4292, 'log_operations_examined': 0, 'strategy': 'merkle'}"
diagnostic-n10000-h256-repeated-key-o32768,diagnostic,10000,256,repeated-key,20261009,32768,128,warmup,1,7,merkle,0,merkle,10.3224,0.1765,True,d82f557c824d58d01a3f8a9bfe29215bfd076e8d906dff5edf73451e0daa7f96,"{'nodes_compared': 3533, 'matching_subtrees_skipped': 2357, 'leaf_entries_examined': 4292, 'log_operations_examined': 0, 'strategy': 'merkle'}"
diagnostic-n10000-h256-repeated-key-o32768,diagnostic,10000,256,repeated-key,20261009,32768,128,warmup,2,1,merkle,0,merkle,17.9638,0.1703,True,d82f557c824d58d01a3f8a9bfe29215bfd076e8d906dff5edf73451e0daa7f96,"{'nodes_compared': 3533, 'matching_subtrees_skipped': 2357, 'leaf_entries_examined': 4292, 'log_operations_examined': 0, 'strategy': 'merkle'}"
diagnostic-n10000-h256-repeated-key-o32768,diagnostic,10000,256,repeated-key,20261009,32768,128,warmup,2,2,hybrid,16384,merkle,6.9147,0.1691,True,d82f557c824d58d01a3f8a9bfe29215bfd076e8d906dff5edf73451e0daa7f96,"{'nodes_compared': 3533, 'matching_subtrees_skipped': 2357, 'leaf_entries_examined': 4292, 'log_operations_examined': 0, 'strategy': 'merkle'}"
diagnostic-n10000-h256-repeated-key-o32768,diagnostic,10000,256,repeated-key,20261009,32768,128,warmup,2,3,hybrid,1024,merkle,8.5553,0.5739,True,d82f557c824d58d01a3f8a9bfe29215bfd076e8d906dff5edf73451e0daa7f96,"{'nodes_compared': 3533, 'matching_subtrees_skipped': 2357, 'leaf_entries_examined': 4292, 'log_operations_examined': 0, 'strategy': 'merkle'}"
diagnostic-n10000-h256-repeated-key-o32768,diagnostic,10000,256,repeated-key,20261009,32768,128,warmup,2,4,hybrid,4096,merkle,7.8509,0.2754,True,d82f557c824d58d01a3f8a9bfe29215bfd076e8d906dff5edf73451e0daa7f96,"{'nodes_compared': 3533, 'matching_subtrees_skipped': 2357, 'leaf_entries_examined': 4292, 'log_operations_examined': 0, 'strategy': 'merkle'}"
diagnostic-n10000-h256-repeated-key-o32768,diagnostic,10000,256,repeated-key,20261009,32768,128,warmup,2,5,hybrid,8192,merkle,9.1986,0.2455,True,d82f557c824d58d01a3f8a9bfe29215bfd076e8d906dff5edf73451e0daa7f96,"{'nodes_compared': 3533, 'matching_subtrees_skipped': 2357, 'leaf_entries_examined': 4292, 'log_operations_examined': 0, 'strategy': 'merkle'}"
diagnostic-n10000-h256-repeated-key-o32768,diagnostic,10000,256,repeated-key,20261009,32768,128,warmup,2,6,hybrid,2048,merkle,12.0667,0.374,True,d82f557c824d58d01a3f8a9bfe29215bfd076e8d906dff5edf73451e0daa7f96,"{'nodes_compared': 3533, 'matching_subtrees_skipped': 2357, 'leaf_entries_examined': 4292, 'log_operations_examined': 0, 'strategy': 'merkle'}"
diagnostic-n10000-h256-repeated-key-o32768,diagnostic,10000,256,repeated-key,20261009,32768,128,warmup,2,7,log,0,log,8.6868,0.3518,True,d82f557c824d58d01a3f8a9bfe29215bfd076e8d906dff5edf73451e0daa7f96,"{'nodes_compared': 0, 'matching_subtrees_skipped': 0, 'leaf_entries_examined': 0, 'log_operations_examined': 32768, 'strategy': 'log'}"
diagnostic-n10000-h256-repeated-key-o32768,diagnostic,10000,256,repeated-key,20261009,32768,128,measured,1,1,hybrid,1024,merkle,11.6219,0.1898,True,d82f557c824d58d01a3f8a9bfe29215bfd076e8d906dff5edf73451e0daa7f96,"{'nodes_compared': 3533, 'matching_subtrees_skipped': 2357, 'leaf_entries_examined': 4292, 'log_operations_examined': 0, 'strategy': 'merkle'}"
diagnostic-n10000-h256-repeated-key-o32768,diagnostic,10000,256,repeated-key,20261009,32768,128,measured,1,2,hybrid,2048,merkle,7.5327,0.2351,True,d82f557c824d58d01a3f8a9bfe29215bfd076e8d906dff5edf73451e0daa7f96,"{'nodes_compared': 3533, 'matching_subtrees_skipped': 2357, 'leaf_entries_examined': 4292, 'log_operations_examined': 0, 'strategy': 'merkle'}"
diagnostic-n10000-h256-repeated-key-o32768,diagnostic,10000,256,repeated-key,20261009,32768,128,measured,1,3,hybrid,8192,merkle,14.8086,0.1453,True,d82f557c824d58d01a3f8a9bfe29215bfd076e8d906dff5edf73451e0daa7f96,"{'nodes_compared': 3533, 'matching_subtrees_skipped': 2357, 'leaf_entries_examined': 4292, 'log_operations_examined': 0, 'strategy': 'merkle'}"
diagnostic-n10000-h256-repeated-key-o32768,diagnostic,10000,256,repeated-key,20261009,32768,128,measured,1,4,hybrid,4096,merkle,6.8219,0.1194,True,d82f557c824d58d01a3f8a9bfe29215bfd076e8d906dff5edf73451e0daa7f96,"{'nodes_compared': 3533, 'matching_subtrees_skipped': 2357, 'leaf_entries_examined': 4292, 'log_operations_examined': 0, 'strategy': 'merkle'}"
diagnostic-n10000-h256-repeated-key-o32768,diagnostic,10000,256,repeated-key,20261009,32768,128,measured,1,5,log,0,log,6.3439,0.2349,True,d82f557c824d58d01a3f8a9bfe29215bfd076e8d906dff5edf73451e0daa7f96,"{'nodes_compared': 0, 'matching_subtrees_skipped': 0, 'leaf_entries_examined': 0, 'log_operations_examined': 32768, 'strategy': 'log'}"
diagnostic-n10000-h256-repeated-key-o32768,diagnostic,10000,256,repeated-key,20261009,32768,128,measured,1,6,merkle,0,merkle,7.4999,0.2064,True,d82f557c824d58d01a3f8a9bfe29215bfd076e8d906dff5edf73451e0daa7f96,"{'nodes_compared': 3533, 'matching_subtrees_skipped': 2357, 'leaf_entries_examined': 4292, 'log_operations_examined': 0, 'strategy': 'merkle'}"
diagnostic-n10000-h256-repeated-key-o32768,diagnostic,10000,256,repeated-key,20261009,32768,128,measured,1,7,hybrid,16384,merkle,11.0939,0.1633,True,d82f557c824d58d01a3f8a9bfe29215bfd076e8d906dff5edf73451e0daa7f96,"{'nodes_compared': 3533, 'matching_subtrees_skipped': 2357, 'leaf_entries_examined': 4292, 'log_operations_examined': 0, 'strategy': 'merkle'}"
diagnostic-n10000-h256-repeated-key-o32768,diagnostic,10000,256,repeated-key,20261009,32768,128,measured,2,1,hybrid,16384,merkle,7.6082,0.2702,True,d82f557c824d58d01a3f8a9bfe29215bfd076e8d906dff5edf73451e0daa7f96,"{'nodes_compared': 3533, 'matching_subtrees_skipped': 2357, 'leaf_entries_examined': 4292, 'log_operations_examined': 0, 'strategy': 'merkle'}"
diagnostic-n10000-h256-repeated-key-o32768,diagnostic,10000,256,repeated-key,20261009,32768,128,measured,2,2,log,0,log,39.1219,0.1494,True,d82f557c824d58d01a3f8a9bfe29215bfd076e8d906dff5edf73451e0daa7f96,"{'nodes_compared': 0, 'matching_subtrees_skipped': 0, 'leaf_entries_examined': 0, 'log_operations_examined': 32768, 'strategy': 'log'}"
diagnostic-n10000-h256-repeated-key-o32768,diagnostic,10000,256,repeated-key,20261009,32768,128,measured,2,3,merkle,0,merkle,9.004,0.1848,True,d82f557c824d58d01a3f8a9bfe29215bfd076e8d906dff5edf73451e0daa7f96,"{'nodes_compared': 3533, 'matching_subtrees_skipped': 2357, 'leaf_entries_examined': 4292, 'log_operations_examined': 0, 'strategy': 'merkle'}"
diagnostic-n10000-h256-repeated-key-o32768,diagnostic,10000,256,repeated-key,20261009,32768,128,measured,2,4,hybrid,4096,merkle,9.5381,0.2099,True,d82f557c824d58d01a3f8a9bfe29215bfd076e8d906dff5edf73451e0daa7f96,"{'nodes_compared': 3533, 'matching_subtrees_skipped': 2357, 'leaf_entries_examined': 4292, 'log_operations_examined': 0, 'strategy': 'merkle'}"
diagnostic-n10000-h256-repeated-key-o32768,diagnostic,10000,256,repeated-key,20261009,32768,128,measured,2,5,hybrid,2048,merkle,8.9035,0.1443,True,d82f557c824d58d01a3f8a9bfe29215bfd076e8d906dff5edf73451e0daa7f96,"{'nodes_compared': 3533, 'matching_subtrees_skipped': 2357, 'leaf_entries_examined': 4292, 'log_operations_examined': 0, 'strategy': 'merkle'}"
diagnostic-n10000-h256-repeated-key-o32768,diagnostic,10000,256,repeated-key,20261009,32768,128,measured,2,6,hybrid,1024,merkle,8.4389,0.2338,True,d82f557c824d58d01a3f8a9bfe29215bfd076e8d906dff5edf73451e0daa7f96,"{'nodes_compared': 3533, 'matching_subtrees_skipped': 2357, 'leaf_entries_examined': 4292, 'log_operations_examined': 0, 'strategy': 'merkle'}"
diagnostic-n10000-h256-repeated-key-o32768,diagnostic,10000,256,repeated-key,20261009,32768,128,measured,2,7,hybrid,8192,merkle,7.5074,0.2366,True,d82f557c824d58d01a3f8a9bfe29215bfd076e8d906dff5edf73451e0daa7f96,"{'nodes_compared': 3533, 'matching_subtrees_skipped': 2357, 'leaf_entries_examined': 4292, 'log_operations_examined': 0, 'strategy': 'merkle'}"
diagnostic-n10000-h256-repeated-key-o32768,diagnostic,10000,256,repeated-key,20261009,32768,128,measured,3,1,hybrid,2048,merkle,8.6468,0.1804,True,d82f557c824d58d01a3f8a9bfe29215bfd076e8d906dff5edf73451e0daa7f96,"{'nodes_compared': 3533, 'matching_subtrees_skipped': 2357, 'leaf_entries_examined': 4292, 'log_operations_examined': 0, 'strategy': 'merkle'}"
diagnostic-n10000-h256-repeated-key-o32768,diagnostic,10000,256,repeated-key,20261009,32768,128,measured,3,2,hybrid,8192,merkle,7.0534,0.1307,True,d82f557c824d58d01a3f8a9bfe29215bfd076e8d906dff5edf73451e0daa7f96,"{'nodes_compared': 3533, 'matching_subtrees_skipped': 2357, 'leaf_entries_examined': 4292, 'log_operations_examined': 0, 'strategy': 'merkle'}"
diagnostic-n10000-h256-repeated-key-o32768,diagnostic,10000,256,repeated-key,20261009,32768,128,measured,3,3,hybrid,1024,merkle,10.2365,0.1471,True,d82f557c824d58d01a3f8a9bfe29215bfd076e8d906dff5edf73451e0daa7f96,"{'nodes_compared': 3533, 'matching_subtrees_skipped': 2357, 'leaf_entries_examined': 4292, 'log_operations_examined': 0, 'strategy': 'merkle'}"
diagnostic-n10000-h256-repeated-key-o32768,diagnostic,10000,256,repeated-key,20261009,32768,128,measured,3,4,log,0,log,5.7124,0.1532,True,d82f557c824d58d01a3f8a9bfe29215bfd076e8d906dff5edf73451e0daa7f96,"{'nodes_compared': 0, 'matching_subtrees_skipped': 0, 'leaf_entries_examined': 0, 'log_operations_examined': 32768, 'strategy': 'log'}"
diagnostic-n10000-h256-repeated-key-o32768,diagnostic,10000,256,repeated-key,20261009,32768,128,measured,3,5,hybrid,16384,merkle,7.1142,0.16,True,d82f557c824d58d01a3f8a9bfe29215bfd076e8d906dff5edf73451e0daa7f96,"{'nodes_compared': 3533, 'matching_subtrees_skipped': 2357, 'leaf_entries_examined': 4292, 'log_operations_examined': 0, 'strategy': 'merkle'}"
diagnostic-n10000-h256-repeated-key-o32768,diagnostic,10000,256,repeated-key,20261009,32768,128,measured,3,6,merkle,0,merkle,7.3366,0.121,True,d82f557c824d58d01a3f8a9bfe29215bfd076e8d906dff5edf73451e0daa7f96,"{'nodes_compared': 3533, 'matching_subtrees_skipped': 2357, 'leaf_entries_examined': 4292, 'log_operations_examined': 0, 'strategy': 'merkle'}"
diagnostic-n10000-h256-repeated-key-o32768,diagnostic,10000,256,repeated-key,20261009,32768,128,measured,3,7,hybrid,4096,merkle,8.794,0.1424,True,d82f557c824d58d01a3f8a9bfe29215bfd076e8d906dff5edf73451e0daa7f96,"{'nodes_compared': 3533, 'matching_subtrees_skipped': 2357, 'leaf_entries_examined': 4292, 'log_operations_examined': 0, 'strategy': 'merkle'}"
diagnostic-n10000-h256-repeated-key-o32768,diagnostic,10000,256,repeated-key,20261009,32768,128,measured,4,1,merkle,0,merkle,10.7893,0.1457,True,d82f557c824d58d01a3f8a9bfe29215bfd076e8d906dff5edf73451e0daa7f96,"{'nodes_compared': 3533, 'matching_subtrees_skipped': 2357, 'leaf_entries_examined': 4292, 'log_operations_examined': 0, 'strategy': 'merkle'}"
diagnostic-n10000-h256-repeated-key-o32768,diagnostic,10000,256,repeated-key,20261009,32768,128,measured,4,2,hybrid,4096,merkle,11.1418,0.1732,True,d82f557c824d58d01a3f8a9bfe29215bfd076e8d906dff5edf73451e0daa7f96,"{'nodes_compared': 3533, 'matching_subtrees_skipped': 2357, 'leaf_entries_examined': 4292, 'log_operations_examined': 0, 'strategy': 'merkle'}"
diagnostic-n10000-h256-repeated-key-o32768,diagnostic,10000,256,repeated-key,20261009,32768,128,measured,4,3,hybrid,16384,merkle,10.769,0.268,True,d82f557c824d58d01a3f8a9bfe29215bfd076e8d906dff5edf73451e0daa7f96,"{'nodes_compared': 3533, 'matching_subtrees_skipped': 2357, 'leaf_entries_examined': 4292, 'log_operations_examined': 0, 'strategy': 'merkle'}"
diagnostic-n10000-h256-repeated-key-o32768,diagnostic,10000,256,repeated-key,20261009,32768,128,measured,4,4,hybrid,1024,merkle,12.4829,0.1547,True,d82f557c824d58d01a3f8a9bfe29215bfd076e8d906dff5edf73451e0daa7f96,"{'nodes_compared': 3533, 'matching_subtrees_skipped': 2357, 'leaf_entries_examined': 4292, 'log_operations_examined': 0, 'strategy': 'merkle'}"
diagnostic-n10000-h256-repeated-key-o32768,diagnostic,10000,256,repeated-key,20261009,32768,128,measured,4,5,log,0,log,8.4377,0.1495,True,d82f557c824d58d01a3f8a9bfe29215bfd076e8d906dff5edf73451e0daa7f96,"{'nodes_compared': 0, 'matching_subtrees_skipped': 0, 'leaf_entries_examined': 0, 'log_operations_examined': 32768, 'strategy': 'log'}"
diagnostic-n10000-h256-repeated-key-o32768,diagnostic,10000,256,repeated-key,20261009,32768,128,measured,4,6,hybrid,8192,merkle,7.6542,0.1382,True,d82f557c824d58d01a3f8a9bfe29215bfd076e8d906dff5edf73451e0daa7f96,"{'nodes_compared': 3533, 'matching_subtrees_skipped': 2357, 'leaf_entries_examined': 4292, 'log_operations_examined': 0, 'strategy': 'merkle'}"
diagnostic-n10000-h256-repeated-key-o32768,diagnostic,10000,256,repeated-key,20261009,32768,128,measured,4,7,hybrid,2048,merkle,6.972,0.1889,True,d82f557c824d58d01a3f8a9bfe29215bfd076e8d906dff5edf73451e0daa7f96,"{'nodes_compared': 3533, 'matching_subtrees_skipped': 2357, 'leaf_entries_examined': 4292, 'log_operations_examined': 0, 'strategy': 'merkle'}"
diagnostic-n10000-h256-repeated-key-o32768,diagnostic,10000,256,repeated-key,20261009,32768,128,measured,5,1,hybrid,1024,merkle,11.5069,0.1547,True,d82f557c824d58d01a3f8a9bfe29215bfd076e8d906dff5edf73451e0daa7f96,"{'nodes_compared': 3533, 'matching_subtrees_skipped': 2357, 'leaf_entries_examined': 4292, 'log_operations_examined': 0, 'strategy': 'merkle'}"
diagnostic-n10000-h256-repeated-key-o32768,diagnostic,10000,256,repeated-key,20261009,32768,128,measured,5,2,log,0,log,5.1391,0.1309,True,d82f557c824d58d01a3f8a9bfe29215bfd076e8d906dff5edf73451e0daa7f96,"{'nodes_compared': 0, 'matching_subtrees_skipped': 0, 'leaf_entries_examined': 0, 'log_operations_examined': 32768, 'strategy': 'log'}"
diagnostic-n10000-h256-repeated-key-o32768,diagnostic,10000,256,repeated-key,20261009,32768,128,measured,5,3,hybrid,8192,merkle,9.0842,0.1972,True,d82f557c824d58d01a3f8a9bfe29215bfd076e8d906dff5edf73451e0daa7f96,"{'nodes_compared': 3533, 'matching_subtrees_skipped': 2357, 'leaf_entries_examined': 4292, 'log_operations_examined': 0, 'strategy': 'merkle'}"
diagnostic-n10000-h256-repeated-key-o32768,diagnostic,10000,256,repeated-key,20261009,32768,128,measured,5,4,hybrid,16384,merkle,8.6387,0.1973,True,d82f557c824d58d01a3f8a9bfe29215bfd076e8d906dff5edf73451e0daa7f96,"{'nodes_compared': 3533, 'matching_subtrees_skipped': 2357, 'leaf_entries_examined': 4292, 'log_operations_examined': 0, 'strategy': 'merkle'}"
diagnostic-n10000-h256-repeated-key-o32768,diagnostic,10000,256,repeated-key,20261009,32768,128,measured,5,5,hybrid,2048,merkle,8.3735,0.1826,True,d82f557c824d58d01a3f8a9bfe29215bfd076e8d906dff5edf73451e0daa7f96,"{'nodes_compared': 3533, 'matching_subtrees_skipped': 2357, 'leaf_entries_examined': 4292, 'log_operations_examined': 0, 'strategy': 'merkle'}"
diagnostic-n10000-h256-repeated-key-o32768,diagnostic,10000,256,repeated-key,20261009,32768,128,measured,5,6,merkle,0,merkle,8.0599,0.1595,True,d82f557c824d58d01a3f8a9bfe29215bfd076e8d906dff5edf73451e0daa7f96,"{'nodes_compared': 3533, 'matching_subtrees_skipped': 2357, 'leaf_entries_examined': 4292, 'log_operations_examined': 0, 'strategy': 'merkle'}"
diagnostic-n10000-h256-repeated-key-o32768,diagnostic,10000,256,repeated-key,20261009,32768,128,measured,5,7,hybrid,4096,merkle,9.0648,0.3014,True,d82f557c824d58d01a3f8a9bfe29215bfd076e8d906dff5edf73451e0daa7f96,"{'nodes_compared': 3533, 'matching_subtrees_skipped': 2357, 'leaf_entries_examined': 4292, 'log_operations_examined': 0, 'strategy': 'merkle'}"
diagnostic-n10000-h256-repeated-key-o32768,diagnostic,10000,256,repeated-key,20261009,32768,128,measured,6,1,hybrid,16384,merkle,8.8876,1.0075,True,d82f557c824d58d01a3f8a9bfe29215bfd076e8d906dff5edf73451e0daa7f96,"{'nodes_compared': 3533, 'matching_subtrees_skipped': 2357, 'leaf_entries_examined': 4292, 'log_operations_examined': 0, 'strategy': 'merkle'}"
diagnostic-n10000-h256-repeated-key-o32768,diagnostic,10000,256,repeated-key,20261009,32768,128,measured,6,2,hybrid,4096,merkle,9.1967,0.2614,True,d82f557c824d58d01a3f8a9bfe29215bfd076e8d906dff5edf73451e0daa7f96,"{'nodes_compared': 3533, 'matching_subtrees_skipped': 2357, 'leaf_entries_examined': 4292, 'log_operations_examined': 0, 'strategy': 'merkle'}"
diagnostic-n10000-h256-repeated-key-o32768,diagnostic,10000,256,repeated-key,20261009,32768,128,measured,6,3,hybrid,8192,merkle,10.1551,0.2085,True,d82f557c824d58d01a3f8a9bfe29215bfd076e8d906dff5edf73451e0daa7f96,"{'nodes_compared': 3533, 'matching_subtrees_skipped': 2357, 'leaf_entries_examined': 4292, 'log_operations_examined': 0, 'strategy': 'merkle'}"
diagnostic-n10000-h256-repeated-key-o32768,diagnostic,10000,256,repeated-key,20261009,32768,128,measured,6,4,hybrid,1024,merkle,7.4934,0.1553,True,d82f557c824d58d01a3f8a9bfe29215bfd076e8d906dff5edf73451e0daa7f96,"{'nodes_compared': 3533, 'matching_subtrees_skipped': 2357, 'leaf_entries_examined': 4292, 'log_operations_examined': 0, 'strategy': 'merkle'}"
diagnostic-n10000-h256-repeated-key-o32768,diagnostic,10000,256,repeated-key,20261009,32768,128,measured,6,5,hybrid,2048,merkle,7.7483,0.1624,True,d82f557c824d58d01a3f8a9bfe29215bfd076e8d906dff5edf73451e0daa7f96,"{'nodes_compared': 3533, 'matching_subtrees_skipped': 2357, 'leaf_entries_examined': 4292, 'log_operations_examined': 0, 'strategy': 'merkle'}"
diagnostic-n10000-h256-repeated-key-o32768,diagnostic,10000,256,repeated-key,20261009,32768,128,measured,6,6,merkle,0,merkle,7.6124,0.1904,True,d82f557c824d58d01a3f8a9bfe29215bfd076e8d906dff5edf73451e0daa7f96,"{'nodes_compared': 3533, 'matching_subtrees_skipped': 2357, 'leaf_entries_examined': 4292, 'log_operations_examined': 0, 'strategy': 'merkle'}"
diagnostic-n10000-h256-repeated-key-o32768,diagnostic,10000,256,repeated-key,20261009,32768,128,measured,6,7,log,0,log,10.2805,0.2484,True,d82f557c824d58d01a3f8a9bfe29215bfd076e8d906dff5edf73451e0daa7f96,"{'nodes_compared': 0, 'matching_subtrees_skipped': 0, 'leaf_entries_examined': 0, 'log_operations_examined': 32768, 'strategy': 'log'}"
diagnostic-n10000-h256-repeated-key-o32768,diagnostic,10000,256,repeated-key,20261009,32768,128,measured,7,1,merkle,0,merkle,7.4663,0.1472,True,d82f557c824d58d01a3f8a9bfe29215bfd076e8d906dff5edf73451e0daa7f96,"{'nodes_compared': 3533, 'matching_subtrees_skipped': 2357, 'leaf_entries_examined': 4292, 'log_operations_examined': 0, 'strategy': 'merkle'}"
diagnostic-n10000-h256-repeated-key-o32768,diagnostic,10000,256,repeated-key,20261009,32768,128,measured,7,2,log,0,log,9.166,0.1476,True,d82f557c824d58d01a3f8a9bfe29215bfd076e8d906dff5edf73451e0daa7f96,"{'nodes_compared': 0, 'matching_subtrees_skipped': 0, 'leaf_entries_examined': 0, 'log_operations_examined': 32768, 'strategy': 'log'}"
diagnostic-n10000-h256-repeated-key-o32768,diagnostic,10000,256,repeated-key,20261009,32768,128,measured,7,3,hybrid,1024,merkle,9.5678,0.2134,True,d82f557c824d58d01a3f8a9bfe29215bfd076e8d906dff5edf73451e0daa7f96,"{'nodes_compared': 3533, 'matching_subtrees_skipped': 2357, 'leaf_entries_examined': 4292, 'log_operations_examined': 0, 'strategy': 'merkle'}"
diagnostic-n10000-h256-repeated-key-o32768,diagnostic,10000,256,repeated-key,20261009,32768,128,measured,7,4,hybrid,8192,merkle,7.9243,0.1674,True,d82f557c824d58d01a3f8a9bfe29215bfd076e8d906dff5edf73451e0daa7f96,"{'nodes_compared': 3533, 'matching_subtrees_skipped': 2357, 'leaf_entries_examined': 4292, 'log_operations_examined': 0, 'strategy': 'merkle'}"
diagnostic-n10000-h256-repeated-key-o32768,diagnostic,10000,256,repeated-key,20261009,32768,128,measured,7,5,hybrid,4096,merkle,7.3399,0.184,True,d82f557c824d58d01a3f8a9bfe29215bfd076e8d906dff5edf73451e0daa7f96,"{'nodes_compared': 3533, 'matching_subtrees_skipped': 2357, 'leaf_entries_examined': 4292, 'log_operations_examined': 0, 'strategy': 'merkle'}"
diagnostic-n10000-h256-repeated-key-o32768,diagnostic,10000,256,repeated-key,20261009,32768,128,measured,7,6,hybrid,16384,merkle,7.8234,0.2214,True,d82f557c824d58d01a3f8a9bfe29215bfd076e8d906dff5edf73451e0daa7f96,"{'nodes_compared': 3533, 'matching_subtrees_skipped': 2357, 'leaf_entries_examined': 4292, 'log_operations_examined': 0, 'strategy': 'merkle'}"
diagnostic-n10000-h256-repeated-key-o32768,diagnostic,10000,256,repeated-key,20261009,32768,128,measured,7,7,hybrid,2048,merkle,9.2135,0.148,True,d82f557c824d58d01a3f8a9bfe29215bfd076e8d906dff5edf73451e0daa7f96,"{'nodes_compared': 3533, 'matching_subtrees_skipped': 2357, 'leaf_entries_examined': 4292, 'log_operations_examined': 0, 'strategy': 'merkle'}"
diagnostic-n10000-h256-repeated-key-o65536,diagnostic,10000,256,repeated-key,20261009,65536,256,warmup,1,1,log,0,log,7.6582,0.1308,True,9b6e939f458376cd4a5f881f447f1d528b686e17a173b5a8461e87844816ba69,"{'nodes_compared': 0, 'matching_subtrees_skipped': 0, 'leaf_entries_examined': 0, 'log_operations_examined': 65536, 'strategy': 'log'}"
diagnostic-n10000-h256-repeated-key-o65536,diagnostic,10000,256,repeated-key,20261009,65536,256,warmup,1,2,hybrid,8192,merkle,7.5133,0.1281,True,9b6e939f458376cd4a5f881f447f1d528b686e17a173b5a8461e87844816ba69,"{'nodes_compared': 3816, 'matching_subtrees_skipped': 2405, 'leaf_entries_examined': 5514, 'log_operations_examined': 0, 'strategy': 'merkle'}"
diagnostic-n10000-h256-repeated-key-o65536,diagnostic,10000,256,repeated-key,20261009,65536,256,warmup,1,3,hybrid,4096,merkle,8.0084,0.2087,True,9b6e939f458376cd4a5f881f447f1d528b686e17a173b5a8461e87844816ba69,"{'nodes_compared': 3816, 'matching_subtrees_skipped': 2405, 'leaf_entries_examined': 5514, 'log_operations_examined': 0, 'strategy': 'merkle'}"
diagnostic-n10000-h256-repeated-key-o65536,diagnostic,10000,256,repeated-key,20261009,65536,256,warmup,1,4,merkle,0,merkle,7.9377,0.1284,True,9b6e939f458376cd4a5f881f447f1d528b686e17a173b5a8461e87844816ba69,"{'nodes_compared': 3816, 'matching_subtrees_skipped': 2405, 'leaf_entries_examined': 5514, 'log_operations_examined': 0, 'strategy': 'merkle'}"
diagnostic-n10000-h256-repeated-key-o65536,diagnostic,10000,256,repeated-key,20261009,65536,256,warmup,1,5,hybrid,16384,merkle,8.7839,0.1692,True,9b6e939f458376cd4a5f881f447f1d528b686e17a173b5a8461e87844816ba69,"{'nodes_compared': 3816, 'matching_subtrees_skipped': 2405, 'leaf_entries_examined': 5514, 'log_operations_examined': 0, 'strategy': 'merkle'}"
diagnostic-n10000-h256-repeated-key-o65536,diagnostic,10000,256,repeated-key,20261009,65536,256,warmup,1,6,hybrid,1024,merkle,8.7643,0.167,True,9b6e939f458376cd4a5f881f447f1d528b686e17a173b5a8461e87844816ba69,"{'nodes_compared': 3816, 'matching_subtrees_skipped': 2405, 'leaf_entries_examined': 5514, 'log_operations_examined': 0, 'strategy': 'merkle'}"
diagnostic-n10000-h256-repeated-key-o65536,diagnostic,10000,256,repeated-key,20261009,65536,256,warmup,1,7,hybrid,2048,merkle,11.5929,0.2403,True,9b6e939f458376cd4a5f881f447f1d528b686e17a173b5a8461e87844816ba69,"{'nodes_compared': 3816, 'matching_subtrees_skipped': 2405, 'leaf_entries_examined': 5514, 'log_operations_examined': 0, 'strategy': 'merkle'}"
diagnostic-n10000-h256-repeated-key-o65536,diagnostic,10000,256,repeated-key,20261009,65536,256,warmup,2,1,hybrid,2048,merkle,8.4801,0.2202,True,9b6e939f458376cd4a5f881f447f1d528b686e17a173b5a8461e87844816ba69,"{'nodes_compared': 3816, 'matching_subtrees_skipped': 2405, 'leaf_entries_examined': 5514, 'log_operations_examined': 0, 'strategy': 'merkle'}"
diagnostic-n10000-h256-repeated-key-o65536,diagnostic,10000,256,repeated-key,20261009,65536,256,warmup,2,2,hybrid,8192,merkle,8.2098,0.2661,True,9b6e939f458376cd4a5f881f447f1d528b686e17a173b5a8461e87844816ba69,"{'nodes_compared': 3816, 'matching_subtrees_skipped': 2405, 'leaf_entries_examined': 5514, 'log_operations_examined': 0, 'strategy': 'merkle'}"
diagnostic-n10000-h256-repeated-key-o65536,diagnostic,10000,256,repeated-key,20261009,65536,256,warmup,2,3,hybrid,1024,merkle,8.2091,0.1352,True,9b6e939f458376cd4a5f881f447f1d528b686e17a173b5a8461e87844816ba69,"{'nodes_compared': 3816, 'matching_subtrees_skipped': 2405, 'leaf_entries_examined': 5514, 'log_operations_examined': 0, 'strategy': 'merkle'}"
diagnostic-n10000-h256-repeated-key-o65536,diagnostic,10000,256,repeated-key,20261009,65536,256,warmup,2,4,hybrid,4096,merkle,9.0946,0.1804,True,9b6e939f458376cd4a5f881f447f1d528b686e17a173b5a8461e87844816ba69,"{'nodes_compared': 3816, 'matching_subtrees_skipped': 2405, 'leaf_entries_examined': 5514, 'log_operations_examined': 0, 'strategy': 'merkle'}"
diagnostic-n10000-h256-repeated-key-o65536,diagnostic,10000,256,repeated-key,20261009,65536,256,warmup,2,5,merkle,0,merkle,9.2848,0.1395,True,9b6e939f458376cd4a5f881f447f1d528b686e17a173b5a8461e87844816ba69,"{'nodes_compared': 3816, 'matching_subtrees_skipped': 2405, 'leaf_entries_examined': 5514, 'log_operations_examined': 0, 'strategy': 'merkle'}"
diagnostic-n10000-h256-repeated-key-o65536,diagnostic,10000,256,repeated-key,20261009,65536,256,warmup,2,6,hybrid,16384,merkle,9.2041,0.1129,True,9b6e939f458376cd4a5f881f447f1d528b686e17a173b5a8461e87844816ba69,"{'nodes_compared': 3816, 'matching_subtrees_skipped': 2405, 'leaf_entries_examined': 5514, 'log_operations_examined': 0, 'strategy': 'merkle'}"
diagnostic-n10000-h256-repeated-key-o65536,diagnostic,10000,256,repeated-key,20261009,65536,256,warmup,2,7,log,0,log,9.5053,0.1473,True,9b6e939f458376cd4a5f881f447f1d528b686e17a173b5a8461e87844816ba69,"{'nodes_compared': 0, 'matching_subtrees_skipped': 0, 'leaf_entries_examined': 0, 'log_operations_examined': 65536, 'strategy': 'log'}"
diagnostic-n10000-h256-repeated-key-o65536,diagnostic,10000,256,repeated-key,20261009,65536,256,measured,1,1,hybrid,1024,merkle,10.0256,0.1424,True,9b6e939f458376cd4a5f881f447f1d528b686e17a173b5a8461e87844816ba69,"{'nodes_compared': 3816, 'matching_subtrees_skipped': 2405, 'leaf_entries_examined': 5514, 'log_operations_examined': 0, 'strategy': 'merkle'}"
diagnostic-n10000-h256-repeated-key-o65536,diagnostic,10000,256,repeated-key,20261009,65536,256,measured,1,2,hybrid,16384,merkle,52.172,0.1218,True,9b6e939f458376cd4a5f881f447f1d528b686e17a173b5a8461e87844816ba69,"{'nodes_compared': 3816, 'matching_subtrees_skipped': 2405, 'leaf_entries_examined': 5514, 'log_operations_examined': 0, 'strategy': 'merkle'}"
diagnostic-n10000-h256-repeated-key-o65536,diagnostic,10000,256,repeated-key,20261009,65536,256,measured,1,3,log,0,log,7.4616,0.2263,True,9b6e939f458376cd4a5f881f447f1d528b686e17a173b5a8461e87844816ba69,"{'nodes_compared': 0, 'matching_subtrees_skipped': 0, 'leaf_entries_examined': 0, 'log_operations_examined': 65536, 'strategy': 'log'}"
diagnostic-n10000-h256-repeated-key-o65536,diagnostic,10000,256,repeated-key,20261009,65536,256,measured,1,4,hybrid,4096,merkle,9.8635,0.1689,True,9b6e939f458376cd4a5f881f447f1d528b686e17a173b5a8461e87844816ba69,"{'nodes_compared': 3816, 'matching_subtrees_skipped': 2405, 'leaf_entries_examined': 5514, 'log_operations_examined': 0, 'strategy': 'merkle'}"
diagnostic-n10000-h256-repeated-key-o65536,diagnostic,10000,256,repeated-key,20261009,65536,256,measured,1,5,merkle,0,merkle,8.9639,0.1769,True,9b6e939f458376cd4a5f881f447f1d528b686e17a173b5a8461e87844816ba69,"{'nodes_compared': 3816, 'matching_subtrees_skipped': 2405, 'leaf_entries_examined': 5514, 'log_operations_examined': 0, 'strategy': 'merkle'}"
diagnostic-n10000-h256-repeated-key-o65536,diagnostic,10000,256,repeated-key,20261009,65536,256,measured,1,6,hybrid,8192,merkle,8.8954,0.1354,True,9b6e939f458376cd4a5f881f447f1d528b686e17a173b5a8461e87844816ba69,"{'nodes_compared': 3816, 'matching_subtrees_skipped': 2405, 'leaf_entries_examined': 5514, 'log_operations_examined': 0, 'strategy': 'merkle'}"
diagnostic-n10000-h256-repeated-key-o65536,diagnostic,10000,256,repeated-key,20261009,65536,256,measured,1,7,hybrid,2048,merkle,7.5526,0.097,True,9b6e939f458376cd4a5f881f447f1d528b686e17a173b5a8461e87844816ba69,"{'nodes_compared': 3816, 'matching_subtrees_skipped': 2405, 'leaf_entries_examined': 5514, 'log_operations_examined': 0, 'strategy': 'merkle'}"
diagnostic-n10000-h256-repeated-key-o65536,diagnostic,10000,256,repeated-key,20261009,65536,256,measured,2,1,hybrid,1024,merkle,10.5629,0.1303,True,9b6e939f458376cd4a5f881f447f1d528b686e17a173b5a8461e87844816ba69,"{'nodes_compared': 3816, 'matching_subtrees_skipped': 2405, 'leaf_entries_examined': 5514, 'log_operations_examined': 0, 'strategy': 'merkle'}"
diagnostic-n10000-h256-repeated-key-o65536,diagnostic,10000,256,repeated-key,20261009,65536,256,measured,2,2,hybrid,4096,merkle,9.7111,0.1405,True,9b6e939f458376cd4a5f881f447f1d528b686e17a173b5a8461e87844816ba69,"{'nodes_compared': 3816, 'matching_subtrees_skipped': 2405, 'leaf_entries_examined': 5514, 'log_operations_examined': 0, 'strategy': 'merkle'}"
diagnostic-n10000-h256-repeated-key-o65536,diagnostic,10000,256,repeated-key,20261009,65536,256,measured,2,3,hybrid,2048,merkle,9.0229,0.1182,True,9b6e939f458376cd4a5f881f447f1d528b686e17a173b5a8461e87844816ba69,"{'nodes_compared': 3816, 'matching_subtrees_skipped': 2405, 'leaf_entries_examined': 5514, 'log_operations_examined': 0, 'strategy': 'merkle'}"
diagnostic-n10000-h256-repeated-key-o65536,diagnostic,10000,256,repeated-key,20261009,65536,256,measured,2,4,log,0,log,7.4767,0.0829,True,9b6e939f458376cd4a5f881f447f1d528b686e17a173b5a8461e87844816ba69,"{'nodes_compared': 0, 'matching_subtrees_skipped': 0, 'leaf_entries_examined': 0, 'log_operations_examined': 65536, 'strategy': 'log'}"
diagnostic-n10000-h256-repeated-key-o65536,diagnostic,10000,256,repeated-key,20261009,65536,256,measured,2,5,merkle,0,merkle,8.1213,0.1098,True,9b6e939f458376cd4a5f881f447f1d528b686e17a173b5a8461e87844816ba69,"{'nodes_compared': 3816, 'matching_subtrees_skipped': 2405, 'leaf_entries_examined': 5514, 'log_operations_examined': 0, 'strategy': 'merkle'}"
diagnostic-n10000-h256-repeated-key-o65536,diagnostic,10000,256,repeated-key,20261009,65536,256,measured,2,6,hybrid,16384,merkle,7.7577,0.1525,True,9b6e939f458376cd4a5f881f447f1d528b686e17a173b5a8461e87844816ba69,"{'nodes_compared': 3816, 'matching_subtrees_skipped': 2405, 'leaf_entries_examined': 5514, 'log_operations_examined': 0, 'strategy': 'merkle'}"
diagnostic-n10000-h256-repeated-key-o65536,diagnostic,10000,256,repeated-key,20261009,65536,256,measured,2,7,hybrid,8192,merkle,7.8332,0.1188,True,9b6e939f458376cd4a5f881f447f1d528b686e17a173b5a8461e87844816ba69,"{'nodes_compared': 3816, 'matching_subtrees_skipped': 2405, 'leaf_entries_examined': 5514, 'log_operations_examined': 0, 'strategy': 'merkle'}"
diagnostic-n10000-h256-repeated-key-o65536,diagnostic,10000,256,repeated-key,20261009,65536,256,measured,3,1,log,0,log,7.4703,0.098,True,9b6e939f458376cd4a5f881f447f1d528b686e17a173b5a8461e87844816ba69,"{'nodes_compared': 0, 'matching_subtrees_skipped': 0, 'leaf_entries_examined': 0, 'log_operations_examined': 65536, 'strategy': 'log'}"
diagnostic-n10000-h256-repeated-key-o65536,diagnostic,10000,256,repeated-key,20261009,65536,256,measured,3,2,merkle,0,merkle,7.3137,0.1325,True,9b6e939f458376cd4a5f881f447f1d528b686e17a173b5a8461e87844816ba69,"{'nodes_compared': 3816, 'matching_subtrees_skipped': 2405, 'leaf_entries_examined': 5514, 'log_operations_examined': 0, 'strategy': 'merkle'}"
diagnostic-n10000-h256-repeated-key-o65536,diagnostic,10000,256,repeated-key,20261009,65536,256,measured,3,3,hybrid,1024,merkle,7.9807,0.0944,True,9b6e939f458376cd4a5f881f447f1d528b686e17a173b5a8461e87844816ba69,"{'nodes_compared': 3816, 'matching_subtrees_skipped': 2405, 'leaf_entries_examined': 5514, 'log_operations_examined': 0, 'strategy': 'merkle'}"
diagnostic-n10000-h256-repeated-key-o65536,diagnostic,10000,256,repeated-key,20261009,65536,256,measured,3,4,hybrid,2048,merkle,7.3653,0.0846,True,9b6e939f458376cd4a5f881f447f1d528b686e17a173b5a8461e87844816ba69,"{'nodes_compared': 3816, 'matching_subtrees_skipped': 2405, 'leaf_entries_examined': 5514, 'log_operations_examined': 0, 'strategy': 'merkle'}"
diagnostic-n10000-h256-repeated-key-o65536,diagnostic,10000,256,repeated-key,20261009,65536,256,measured,3,5,hybrid,16384,merkle,7.5602,0.1261,True,9b6e939f458376cd4a5f881f447f1d528b686e17a173b5a8461e87844816ba69,"{'nodes_compared': 3816, 'matching_subtrees_skipped': 2405, 'leaf_entries_examined': 5514, 'log_operations_examined': 0, 'strategy': 'merkle'}"
diagnostic-n10000-h256-repeated-key-o65536,diagnostic,10000,256,repeated-key,20261009,65536,256,measured,3,6,hybrid,4096,merkle,6.9061,0.1057,True,9b6e939f458376cd4a5f881f447f1d528b686e17a173b5a8461e87844816ba69,"{'nodes_compared': 3816, 'matching_subtrees_skipped': 2405, 'leaf_entries_examined': 5514, 'log_operations_examined': 0, 'strategy': 'merkle'}"
diagnostic-n10000-h256-repeated-key-o65536,diagnostic,10000,256,repeated-key,20261009,65536,256,measured,3,7,hybrid,8192,merkle,7.1727,0.1106,True,9b6e939f458376cd4a5f881f447f1d528b686e17a173b5a8461e87844816ba69,"{'nodes_compared': 3816, 'matching_subtrees_skipped': 2405, 'leaf_entries_examined': 5514, 'log_operations_examined': 0, 'strategy': 'merkle'}"
diagnostic-n10000-h256-repeated-key-o65536,diagnostic,10000,256,repeated-key,20261009,65536,256,measured,4,1,hybrid,1024,merkle,7.1933,0.2967,True,9b6e939f458376cd4a5f881f447f1d528b686e17a173b5a8461e87844816ba69,"{'nodes_compared': 3816, 'matching_subtrees_skipped': 2405, 'leaf_entries_examined': 5514, 'log_operations_examined': 0, 'strategy': 'merkle'}"
diagnostic-n10000-h256-repeated-key-o65536,diagnostic,10000,256,repeated-key,20261009,65536,256,measured,4,2,hybrid,2048,merkle,7.799,0.0947,True,9b6e939f458376cd4a5f881f447f1d528b686e17a173b5a8461e87844816ba69,"{'nodes_compared': 3816, 'matching_subtrees_skipped': 2405, 'leaf_entries_examined': 5514, 'log_operations_examined': 0, 'strategy': 'merkle'}"
diagnostic-n10000-h256-repeated-key-o65536,diagnostic,10000,256,repeated-key,20261009,65536,256,measured,4,3,hybrid,16384,merkle,7.7002,0.1008,True,9b6e939f458376cd4a5f881f447f1d528b686e17a173b5a8461e87844816ba69,"{'nodes_compared': 3816, 'matching_subtrees_skipped': 2405, 'leaf_entries_examined': 5514, 'log_operations_examined': 0, 'strategy': 'merkle'}"
diagnostic-n10000-h256-repeated-key-o65536,diagnostic,10000,256,repeated-key,20261009,65536,256,measured,4,4,hybrid,4096,merkle,8.3038,0.1151,True,9b6e939f458376cd4a5f881f447f1d528b686e17a173b5a8461e87844816ba69,"{'nodes_compared': 3816, 'matching_subtrees_skipped': 2405, 'leaf_entries_examined': 5514, 'log_operations_examined': 0, 'strategy': 'merkle'}"
diagnostic-n10000-h256-repeated-key-o65536,diagnostic,10000,256,repeated-key,20261009,65536,256,measured,4,5,hybrid,8192,merkle,7.5272,0.1188,True,9b6e939f458376cd4a5f881f447f1d528b686e17a173b5a8461e87844816ba69,"{'nodes_compared': 3816, 'matching_subtrees_skipped': 2405, 'leaf_entries_examined': 5514, 'log_operations_examined': 0, 'strategy': 'merkle'}"
diagnostic-n10000-h256-repeated-key-o65536,diagnostic,10000,256,repeated-key,20261009,65536,256,measured,4,6,merkle,0,merkle,7.6636,0.1,True,9b6e939f458376cd4a5f881f447f1d528b686e17a173b5a8461e87844816ba69,"{'nodes_compared': 3816, 'matching_subtrees_skipped': 2405, 'leaf_entries_examined': 5514, 'log_operations_examined': 0, 'strategy': 'merkle'}"
diagnostic-n10000-h256-repeated-key-o65536,diagnostic,10000,256,repeated-key,20261009,65536,256,measured,4,7,log,0,log,7.0335,0.275,True,9b6e939f458376cd4a5f881f447f1d528b686e17a173b5a8461e87844816ba69,"{'nodes_compared': 0, 'matching_subtrees_skipped': 0, 'leaf_entries_examined': 0, 'log_operations_examined': 65536, 'strategy': 'log'}"
diagnostic-n10000-h256-repeated-key-o65536,diagnostic,10000,256,repeated-key,20261009,65536,256,measured,5,1,hybrid,1024,merkle,8.2815,0.1241,True,9b6e939f458376cd4a5f881f447f1d528b686e17a173b5a8461e87844816ba69,"{'nodes_compared': 3816, 'matching_subtrees_skipped': 2405, 'leaf_entries_examined': 5514, 'log_operations_examined': 0, 'strategy': 'merkle'}"
diagnostic-n10000-h256-repeated-key-o65536,diagnostic,10000,256,repeated-key,20261009,65536,256,measured,5,2,hybrid,8192,merkle,7.1583,0.0986,True,9b6e939f458376cd4a5f881f447f1d528b686e17a173b5a8461e87844816ba69,"{'nodes_compared': 3816, 'matching_subtrees_skipped': 2405, 'leaf_entries_examined': 5514, 'log_operations_examined': 0, 'strategy': 'merkle'}"
diagnostic-n10000-h256-repeated-key-o65536,diagnostic,10000,256,repeated-key,20261009,65536,256,measured,5,3,merkle,0,merkle,7.9144,0.114,True,9b6e939f458376cd4a5f881f447f1d528b686e17a173b5a8461e87844816ba69,"{'nodes_compared': 3816, 'matching_subtrees_skipped': 2405, 'leaf_entries_examined': 5514, 'log_operations_examined': 0, 'strategy': 'merkle'}"
diagnostic-n10000-h256-repeated-key-o65536,diagnostic,10000,256,repeated-key,20261009,65536,256,measured,5,4,hybrid,4096,merkle,7.6086,0.099,True,9b6e939f458376cd4a5f881f447f1d528b686e17a173b5a8461e87844816ba69,"{'nodes_compared': 3816, 'matching_subtrees_skipped': 2405, 'leaf_entries_examined': 5514, 'log_operations_examined': 0, 'strategy': 'merkle'}"
diagnostic-n10000-h256-repeated-key-o65536,diagnostic,10000,256,repeated-key,20261009,65536,256,measured,5,5,hybrid,2048,merkle,7.0715,0.2905,True,9b6e939f458376cd4a5f881f447f1d528b686e17a173b5a8461e87844816ba69,"{'nodes_compared': 3816, 'matching_subtrees_skipped': 2405, 'leaf_entries_examined': 5514, 'log_operations_examined': 0, 'strategy': 'merkle'}"
diagnostic-n10000-h256-repeated-key-o65536,diagnostic,10000,256,repeated-key,20261009,65536,256,measured,5,6,log,0,log,10.3546,0.2373,True,9b6e939f458376cd4a5f881f447f1d528b686e17a173b5a8461e87844816ba69,"{'nodes_compared': 0, 'matching_subtrees_skipped': 0, 'leaf_entries_examined': 0, 'log_operations_examined': 65536, 'strategy': 'log'}"
diagnostic-n10000-h256-repeated-key-o65536,diagnostic,10000,256,repeated-key,20261009,65536,256,measured,5,7,hybrid,16384,merkle,9.2802,0.1463,True,9b6e939f458376cd4a5f881f447f1d528b686e17a173b5a8461e87844816ba69,"{'nodes_compared': 3816, 'matching_subtrees_skipped': 2405, 'leaf_entries_examined': 5514, 'log_operations_examined': 0, 'strategy': 'merkle'}"
diagnostic-n10000-h256-repeated-key-o65536,diagnostic,10000,256,repeated-key,20261009,65536,256,measured,6,1,merkle,0,merkle,8.3047,0.1232,True,9b6e939f458376cd4a5f881f447f1d528b686e17a173b5a8461e87844816ba69,"{'nodes_compared': 3816, 'matching_subtrees_skipped': 2405, 'leaf_entries_examined': 5514, 'log_operations_examined': 0, 'strategy': 'merkle'}"
diagnostic-n10000-h256-repeated-key-o65536,diagnostic,10000,256,repeated-key,20261009,65536,256,measured,6,2,log,0,log,7.4963,0.128,True,9b6e939f458376cd4a5f881f447f1d528b686e17a173b5a8461e87844816ba69,"{'nodes_compared': 0, 'matching_subtrees_skipped': 0, 'leaf_entries_examined': 0, 'log_operations_examined': 65536, 'strategy': 'log'}"
diagnostic-n10000-h256-repeated-key-o65536,diagnostic,10000,256,repeated-key,20261009,65536,256,measured,6,3,hybrid,2048,merkle,7.5958,0.1459,True,9b6e939f458376cd4a5f881f447f1d528b686e17a173b5a8461e87844816ba69,"{'nodes_compared': 3816, 'matching_subtrees_skipped': 2405, 'leaf_entries_examined': 5514, 'log_operations_examined': 0, 'strategy': 'merkle'}"
diagnostic-n10000-h256-repeated-key-o65536,diagnostic,10000,256,repeated-key,20261009,65536,256,measured,6,4,hybrid,16384,merkle,8.2928,0.1571,True,9b6e939f458376cd4a5f881f447f1d528b686e17a173b5a8461e87844816ba69,"{'nodes_compared': 3816, 'matching_subtrees_skipped': 2405, 'leaf_entries_examined': 5514, 'log_operations_examined': 0, 'strategy': 'merkle'}"
diagnostic-n10000-h256-repeated-key-o65536,diagnostic,10000,256,repeated-key,20261009,65536,256,measured,6,5,hybrid,1024,merkle,8.6158,0.1435,True,9b6e939f458376cd4a5f881f447f1d528b686e17a173b5a8461e87844816ba69,"{'nodes_compared': 3816, 'matching_subtrees_skipped': 2405, 'leaf_entries_examined': 5514, 'log_operations_examined': 0, 'strategy': 'merkle'}"
diagnostic-n10000-h256-repeated-key-o65536,diagnostic,10000,256,repeated-key,20261009,65536,256,measured,6,6,hybrid,8192,merkle,7.9243,0.4006,True,9b6e939f458376cd4a5f881f447f1d528b686e17a173b5a8461e87844816ba69,"{'nodes_compared': 3816, 'matching_subtrees_skipped': 2405, 'leaf_entries_examined': 5514, 'log_operations_examined': 0, 'strategy': 'merkle'}"
diagnostic-n10000-h256-repeated-key-o65536,diagnostic,10000,256,repeated-key,20261009,65536,256,measured,6,7,hybrid,4096,merkle,8.4701,0.1183,True,9b6e939f458376cd4a5f881f447f1d528b686e17a173b5a8461e87844816ba69,"{'nodes_compared': 3816, 'matching_subtrees_skipped': 2405, 'leaf_entries_examined': 5514, 'log_operations_examined': 0, 'strategy': 'merkle'}"
diagnostic-n10000-h256-repeated-key-o65536,diagnostic,10000,256,repeated-key,20261009,65536,256,measured,7,1,hybrid,2048,merkle,7.9436,0.1186,True,9b6e939f458376cd4a5f881f447f1d528b686e17a173b5a8461e87844816ba69,"{'nodes_compared': 3816, 'matching_subtrees_skipped': 2405, 'leaf_entries_examined': 5514, 'log_operations_examined': 0, 'strategy': 'merkle'}"
diagnostic-n10000-h256-repeated-key-o65536,diagnostic,10000,256,repeated-key,20261009,65536,256,measured,7,2,hybrid,1024,merkle,10.7841,0.136,True,9b6e939f458376cd4a5f881f447f1d528b686e17a173b5a8461e87844816ba69,"{'nodes_compared': 3816, 'matching_subtrees_skipped': 2405, 'leaf_entries_examined': 5514, 'log_operations_examined': 0, 'strategy': 'merkle'}"
diagnostic-n10000-h256-repeated-key-o65536,diagnostic,10000,256,repeated-key,20261009,65536,256,measured,7,3,hybrid,16384,merkle,8.7013,0.1506,True,9b6e939f458376cd4a5f881f447f1d528b686e17a173b5a8461e87844816ba69,"{'nodes_compared': 3816, 'matching_subtrees_skipped': 2405, 'leaf_entries_examined': 5514, 'log_operations_examined': 0, 'strategy': 'merkle'}"
diagnostic-n10000-h256-repeated-key-o65536,diagnostic,10000,256,repeated-key,20261009,65536,256,measured,7,4,hybrid,8192,merkle,10.9333,0.1332,True,9b6e939f458376cd4a5f881f447f1d528b686e17a173b5a8461e87844816ba69,"{'nodes_compared': 3816, 'matching_subtrees_skipped': 2405, 'leaf_entries_examined': 5514, 'log_operations_examined': 0, 'strategy': 'merkle'}"
diagnostic-n10000-h256-repeated-key-o65536,diagnostic,10000,256,repeated-key,20261009,65536,256,measured,7,5,merkle,0,merkle,8.7309,0.115,True,9b6e939f458376cd4a5f881f447f1d528b686e17a173b5a8461e87844816ba69,"{'nodes_compared': 3816, 'matching_subtrees_skipped': 2405, 'leaf_entries_examined': 5514, 'log_operations_examined': 0, 'strategy': 'merkle'}"
diagnostic-n10000-h256-repeated-key-o65536,diagnostic,10000,256,repeated-key,20261009,65536,256,measured,7,6,hybrid,4096,merkle,7.6771,0.1165,True,9b6e939f458376cd4a5f881f447f1d528b686e17a173b5a8461e87844816ba69,"{'nodes_compared': 3816, 'matching_subtrees_skipped': 2405, 'leaf_entries_examined': 5514, 'log_operations_examined': 0, 'strategy': 'merkle'}"
diagnostic-n10000-h256-repeated-key-o65536,diagnostic,10000,256,repeated-key,20261009,65536,256,measured,7,7,log,0,log,8.0498,0.1258,True,9b6e939f458376cd4a5f881f447f1d528b686e17a173b5a8461e87844816ba69,"{'nodes_compared': 0, 'matching_subtrees_skipped': 0, 'leaf_entries_examined': 0, 'log_operations_examined': 65536, 'strategy': 'log'}"
diagnostic-n10000-h256-repeated-key-o131072,diagnostic,10000,256,repeated-key,20261009,131072,512,warmup,1,1,log,0,log,14.4517,0.1538,True,3fc0ca85a0e9dab98b1e1b807108982c247da3d2dfe205056a0a2186762af3fd,"{'nodes_compared': 0, 'matching_subtrees_skipped': 0, 'leaf_entries_examined': 0, 'log_operations_examined': 131072, 'strategy': 'log'}"
diagnostic-n10000-h256-repeated-key-o131072,diagnostic,10000,256,repeated-key,20261009,131072,512,warmup,1,2,hybrid,8192,merkle,12.1234,0.1657,True,3fc0ca85a0e9dab98b1e1b807108982c247da3d2dfe205056a0a2186762af3fd,"{'nodes_compared': 4119, 'matching_subtrees_skipped': 2296, 'leaf_entries_examined': 7906, 'log_operations_examined': 0, 'strategy': 'merkle'}"
diagnostic-n10000-h256-repeated-key-o131072,diagnostic,10000,256,repeated-key,20261009,131072,512,warmup,1,3,merkle,0,merkle,11.2942,0.1561,True,3fc0ca85a0e9dab98b1e1b807108982c247da3d2dfe205056a0a2186762af3fd,"{'nodes_compared': 4119, 'matching_subtrees_skipped': 2296, 'leaf_entries_examined': 7906, 'log_operations_examined': 0, 'strategy': 'merkle'}"
diagnostic-n10000-h256-repeated-key-o131072,diagnostic,10000,256,repeated-key,20261009,131072,512,warmup,1,4,hybrid,16384,merkle,10.9729,0.1293,True,3fc0ca85a0e9dab98b1e1b807108982c247da3d2dfe205056a0a2186762af3fd,"{'nodes_compared': 4119, 'matching_subtrees_skipped': 2296, 'leaf_entries_examined': 7906, 'log_operations_examined': 0, 'strategy': 'merkle'}"
diagnostic-n10000-h256-repeated-key-o131072,diagnostic,10000,256,repeated-key,20261009,131072,512,warmup,1,5,hybrid,2048,merkle,9.9753,0.1363,True,3fc0ca85a0e9dab98b1e1b807108982c247da3d2dfe205056a0a2186762af3fd,"{'nodes_compared': 4119, 'matching_subtrees_skipped': 2296, 'leaf_entries_examined': 7906, 'log_operations_examined': 0, 'strategy': 'merkle'}"
diagnostic-n10000-h256-repeated-key-o131072,diagnostic,10000,256,repeated-key,20261009,131072,512,warmup,1,6,hybrid,4096,merkle,10.5942,0.1204,True,3fc0ca85a0e9dab98b1e1b807108982c247da3d2dfe205056a0a2186762af3fd,"{'nodes_compared': 4119, 'matching_subtrees_skipped': 2296, 'leaf_entries_examined': 7906, 'log_operations_examined': 0, 'strategy': 'merkle'}"
diagnostic-n10000-h256-repeated-key-o131072,diagnostic,10000,256,repeated-key,20261009,131072,512,warmup,1,7,hybrid,1024,merkle,11.5216,0.1371,True,3fc0ca85a0e9dab98b1e1b807108982c247da3d2dfe205056a0a2186762af3fd,"{'nodes_compared': 4119, 'matching_subtrees_skipped': 2296, 'leaf_entries_examined': 7906, 'log_operations_examined': 0, 'strategy': 'merkle'}"
diagnostic-n10000-h256-repeated-key-o131072,diagnostic,10000,256,repeated-key,20261009,131072,512,warmup,2,1,hybrid,4096,merkle,9.7822,0.1351,True,3fc0ca85a0e9dab98b1e1b807108982c247da3d2dfe205056a0a2186762af3fd,"{'nodes_compared': 4119, 'matching_subtrees_skipped': 2296, 'leaf_entries_examined': 7906, 'log_operations_examined': 0, 'strategy': 'merkle'}"
diagnostic-n10000-h256-repeated-key-o131072,diagnostic,10000,256,repeated-key,20261009,131072,512,warmup,2,2,hybrid,16384,merkle,9.7391,0.1318,True,3fc0ca85a0e9dab98b1e1b807108982c247da3d2dfe205056a0a2186762af3fd,"{'nodes_compared': 4119, 'matching_subtrees_skipped': 2296, 'leaf_entries_examined': 7906, 'log_operations_examined': 0, 'strategy': 'merkle'}"
diagnostic-n10000-h256-repeated-key-o131072,diagnostic,10000,256,repeated-key,20261009,131072,512,warmup,2,3,hybrid,1024,merkle,10.5124,0.1375,True,3fc0ca85a0e9dab98b1e1b807108982c247da3d2dfe205056a0a2186762af3fd,"{'nodes_compared': 4119, 'matching_subtrees_skipped': 2296, 'leaf_entries_examined': 7906, 'log_operations_examined': 0, 'strategy': 'merkle'}"
diagnostic-n10000-h256-repeated-key-o131072,diagnostic,10000,256,repeated-key,20261009,131072,512,warmup,2,4,hybrid,8192,merkle,10.6482,0.191,True,3fc0ca85a0e9dab98b1e1b807108982c247da3d2dfe205056a0a2186762af3fd,"{'nodes_compared': 4119, 'matching_subtrees_skipped': 2296, 'leaf_entries_examined': 7906, 'log_operations_examined': 0, 'strategy': 'merkle'}"
diagnostic-n10000-h256-repeated-key-o131072,diagnostic,10000,256,repeated-key,20261009,131072,512,warmup,2,5,merkle,0,merkle,10.6654,0.1222,True,3fc0ca85a0e9dab98b1e1b807108982c247da3d2dfe205056a0a2186762af3fd,"{'nodes_compared': 4119, 'matching_subtrees_skipped': 2296, 'leaf_entries_examined': 7906, 'log_operations_examined': 0, 'strategy': 'merkle'}"
diagnostic-n10000-h256-repeated-key-o131072,diagnostic,10000,256,repeated-key,20261009,131072,512,warmup,2,6,hybrid,2048,merkle,8.9112,0.1348,True,3fc0ca85a0e9dab98b1e1b807108982c247da3d2dfe205056a0a2186762af3fd,"{'nodes_compared': 4119, 'matching_subtrees_skipped': 2296, 'leaf_entries_examined': 7906, 'log_operations_examined': 0, 'strategy': 'merkle'}"
diagnostic-n10000-h256-repeated-key-o131072,diagnostic,10000,256,repeated-key,20261009,131072,512,warmup,2,7,log,0,log,15.0594,0.1709,True,3fc0ca85a0e9dab98b1e1b807108982c247da3d2dfe205056a0a2186762af3fd,"{'nodes_compared': 0, 'matching_subtrees_skipped': 0, 'leaf_entries_examined': 0, 'log_operations_examined': 131072, 'strategy': 'log'}"
diagnostic-n10000-h256-repeated-key-o131072,diagnostic,10000,256,repeated-key,20261009,131072,512,measured,1,1,hybrid,8192,merkle,11.4605,0.1734,True,3fc0ca85a0e9dab98b1e1b807108982c247da3d2dfe205056a0a2186762af3fd,"{'nodes_compared': 4119, 'matching_subtrees_skipped': 2296, 'leaf_entries_examined': 7906, 'log_operations_examined': 0, 'strategy': 'merkle'}"
diagnostic-n10000-h256-repeated-key-o131072,diagnostic,10000,256,repeated-key,20261009,131072,512,measured,1,2,hybrid,16384,merkle,14.1948,0.2011,True,3fc0ca85a0e9dab98b1e1b807108982c247da3d2dfe205056a0a2186762af3fd,"{'nodes_compared': 4119, 'matching_subtrees_skipped': 2296, 'leaf_entries_examined': 7906, 'log_operations_examined': 0, 'strategy': 'merkle'}"
diagnostic-n10000-h256-repeated-key-o131072,diagnostic,10000,256,repeated-key,20261009,131072,512,measured,1,3,merkle,0,merkle,18.8646,0.1418,True,3fc0ca85a0e9dab98b1e1b807108982c247da3d2dfe205056a0a2186762af3fd,"{'nodes_compared': 4119, 'matching_subtrees_skipped': 2296, 'leaf_entries_examined': 7906, 'log_operations_examined': 0, 'strategy': 'merkle'}"
diagnostic-n10000-h256-repeated-key-o131072,diagnostic,10000,256,repeated-key,20261009,131072,512,measured,1,4,hybrid,2048,merkle,15.2,0.1917,True,3fc0ca85a0e9dab98b1e1b807108982c247da3d2dfe205056a0a2186762af3fd,"{'nodes_compared': 4119, 'matching_subtrees_skipped': 2296, 'leaf_entries_examined': 7906, 'log_operations_examined': 0, 'strategy': 'merkle'}"
diagnostic-n10000-h256-repeated-key-o131072,diagnostic,10000,256,repeated-key,20261009,131072,512,measured,1,5,log,0,log,14.5344,0.1777,True,3fc0ca85a0e9dab98b1e1b807108982c247da3d2dfe205056a0a2186762af3fd,"{'nodes_compared': 0, 'matching_subtrees_skipped': 0, 'leaf_entries_examined': 0, 'log_operations_examined': 131072, 'strategy': 'log'}"
diagnostic-n10000-h256-repeated-key-o131072,diagnostic,10000,256,repeated-key,20261009,131072,512,measured,1,6,hybrid,4096,merkle,14.8104,0.1617,True,3fc0ca85a0e9dab98b1e1b807108982c247da3d2dfe205056a0a2186762af3fd,"{'nodes_compared': 4119, 'matching_subtrees_skipped': 2296, 'leaf_entries_examined': 7906, 'log_operations_examined': 0, 'strategy': 'merkle'}"
diagnostic-n10000-h256-repeated-key-o131072,diagnostic,10000,256,repeated-key,20261009,131072,512,measured,1,7,hybrid,1024,merkle,12.7425,0.1995,True,3fc0ca85a0e9dab98b1e1b807108982c247da3d2dfe205056a0a2186762af3fd,"{'nodes_compared': 4119, 'matching_subtrees_skipped': 2296, 'leaf_entries_examined': 7906, 'log_operations_examined': 0, 'strategy': 'merkle'}"
diagnostic-n10000-h256-repeated-key-o131072,diagnostic,10000,256,repeated-key,20261009,131072,512,measured,2,1,merkle,0,merkle,10.8055,0.1595,True,3fc0ca85a0e9dab98b1e1b807108982c247da3d2dfe205056a0a2186762af3fd,"{'nodes_compared': 4119, 'matching_subtrees_skipped': 2296, 'leaf_entries_examined': 7906, 'log_operations_examined': 0, 'strategy': 'merkle'}"
diagnostic-n10000-h256-repeated-key-o131072,diagnostic,10000,256,repeated-key,20261009,131072,512,measured,2,2,hybrid,16384,merkle,11.4576,0.1454,True,3fc0ca85a0e9dab98b1e1b807108982c247da3d2dfe205056a0a2186762af3fd,"{'nodes_compared': 4119, 'matching_subtrees_skipped': 2296, 'leaf_entries_examined': 7906, 'log_operations_examined': 0, 'strategy': 'merkle'}"
diagnostic-n10000-h256-repeated-key-o131072,diagnostic,10000,256,repeated-key,20261009,131072,512,measured,2,3,hybrid,1024,merkle,11.8101,0.1541,True,3fc0ca85a0e9dab98b1e1b807108982c247da3d2dfe205056a0a2186762af3fd,"{'nodes_compared': 4119, 'matching_subtrees_skipped': 2296, 'leaf_entries_examined': 7906, 'log_operations_examined': 0, 'strategy': 'merkle'}"
diagnostic-n10000-h256-repeated-key-o131072,diagnostic,10000,256,repeated-key,20261009,131072,512,measured,2,4,log,0,log,17.1962,0.1597,True,3fc0ca85a0e9dab98b1e1b807108982c247da3d2dfe205056a0a2186762af3fd,"{'nodes_compared': 0, 'matching_subtrees_skipped': 0, 'leaf_entries_examined': 0, 'log_operations_examined': 131072, 'strategy': 'log'}"
diagnostic-n10000-h256-repeated-key-o131072,diagnostic,10000,256,repeated-key,20261009,131072,512,measured,2,5,hybrid,4096,merkle,12.42,0.1519,True,3fc0ca85a0e9dab98b1e1b807108982c247da3d2dfe205056a0a2186762af3fd,"{'nodes_compared': 4119, 'matching_subtrees_skipped': 2296, 'leaf_entries_examined': 7906, 'log_operations_examined': 0, 'strategy': 'merkle'}"
diagnostic-n10000-h256-repeated-key-o131072,diagnostic,10000,256,repeated-key,20261009,131072,512,measured,2,6,hybrid,8192,merkle,88.1272,0.1558,True,3fc0ca85a0e9dab98b1e1b807108982c247da3d2dfe205056a0a2186762af3fd,"{'nodes_compared': 4119, 'matching_subtrees_skipped': 2296, 'leaf_entries_examined': 7906, 'log_operations_examined': 0, 'strategy': 'merkle'}"
diagnostic-n10000-h256-repeated-key-o131072,diagnostic,10000,256,repeated-key,20261009,131072,512,measured,2,7,hybrid,2048,merkle,10.5111,0.138,True,3fc0ca85a0e9dab98b1e1b807108982c247da3d2dfe205056a0a2186762af3fd,"{'nodes_compared': 4119, 'matching_subtrees_skipped': 2296, 'leaf_entries_examined': 7906, 'log_operations_examined': 0, 'strategy': 'merkle'}"
diagnostic-n10000-h256-repeated-key-o131072,diagnostic,10000,256,repeated-key,20261009,131072,512,measured,3,1,log,0,log,15.0873,0.1729,True,3fc0ca85a0e9dab98b1e1b807108982c247da3d2dfe205056a0a2186762af3fd,"{'nodes_compared': 0, 'matching_subtrees_skipped': 0, 'leaf_entries_examined': 0, 'log_operations_examined': 131072, 'strategy': 'log'}"
diagnostic-n10000-h256-repeated-key-o131072,diagnostic,10000,256,repeated-key,20261009,131072,512,measured,3,2,hybrid,8192,merkle,12.7851,0.1437,True,3fc0ca85a0e9dab98b1e1b807108982c247da3d2dfe205056a0a2186762af3fd,"{'nodes_compared': 4119, 'matching_subtrees_skipped': 2296, 'leaf_entries_examined': 7906, 'log_operations_examined': 0, 'strategy': 'merkle'}"
diagnostic-n10000-h256-repeated-key-o131072,diagnostic,10000,256,repeated-key,20261009,131072,512,measured,3,3,hybrid,1024,merkle,11.7296,0.1653,True,3fc0ca85a0e9dab98b1e1b807108982c247da3d2dfe205056a0a2186762af3fd,"{'nodes_compared': 4119, 'matching_subtrees_skipped': 2296, 'leaf_entries_examined': 7906, 'log_operations_examined': 0, 'strategy': 'merkle'}"
diagnostic-n10000-h256-repeated-key-o131072,diagnostic,10000,256,repeated-key,20261009,131072,512,measured,3,4,merkle,0,merkle,13.3504,0.1382,True,3fc0ca85a0e9dab98b1e1b807108982c247da3d2dfe205056a0a2186762af3fd,"{'nodes_compared': 4119, 'matching_subtrees_skipped': 2296, 'leaf_entries_examined': 7906, 'log_operations_examined': 0, 'strategy': 'merkle'}"
diagnostic-n10000-h256-repeated-key-o131072,diagnostic,10000,256,repeated-key,20261009,131072,512,measured,3,5,hybrid,2048,merkle,10.1783,0.1429,True,3fc0ca85a0e9dab98b1e1b807108982c247da3d2dfe205056a0a2186762af3fd,"{'nodes_compared': 4119, 'matching_subtrees_skipped': 2296, 'leaf_entries_examined': 7906, 'log_operations_examined': 0, 'strategy': 'merkle'}"
diagnostic-n10000-h256-repeated-key-o131072,diagnostic,10000,256,repeated-key,20261009,131072,512,measured,3,6,hybrid,16384,merkle,11.1713,0.1584,True,3fc0ca85a0e9dab98b1e1b807108982c247da3d2dfe205056a0a2186762af3fd,"{'nodes_compared': 4119, 'matching_subtrees_skipped': 2296, 'leaf_entries_examined': 7906, 'log_operations_examined': 0, 'strategy': 'merkle'}"
diagnostic-n10000-h256-repeated-key-o131072,diagnostic,10000,256,repeated-key,20261009,131072,512,measured,3,7,hybrid,4096,merkle,13.5254,0.1633,True,3fc0ca85a0e9dab98b1e1b807108982c247da3d2dfe205056a0a2186762af3fd,"{'nodes_compared': 4119, 'matching_subtrees_skipped': 2296, 'leaf_entries_examined': 7906, 'log_operations_examined': 0, 'strategy': 'merkle'}"
diagnostic-n10000-h256-repeated-key-o131072,diagnostic,10000,256,repeated-key,20261009,131072,512,measured,4,1,hybrid,16384,merkle,13.5645,0.1371,True,3fc0ca85a0e9dab98b1e1b807108982c247da3d2dfe205056a0a2186762af3fd,"{'nodes_compared': 4119, 'matching_subtrees_skipped': 2296, 'leaf_entries_examined': 7906, 'log_operations_examined': 0, 'strategy': 'merkle'}"
diagnostic-n10000-h256-repeated-key-o131072,diagnostic,10000,256,repeated-key,20261009,131072,512,measured,4,2,hybrid,2048,merkle,11.0391,0.1576,True,3fc0ca85a0e9dab98b1e1b807108982c247da3d2dfe205056a0a2186762af3fd,"{'nodes_compared': 4119, 'matching_subtrees_skipped': 2296, 'leaf_entries_examined': 7906, 'log_operations_examined': 0, 'strategy': 'merkle'}"
diagnostic-n10000-h256-repeated-key-o131072,diagnostic,10000,256,repeated-key,20261009,131072,512,measured,4,3,hybrid,1024,merkle,13.2734,0.1455,True,3fc0ca85a0e9dab98b1e1b807108982c247da3d2dfe205056a0a2186762af3fd,"{'nodes_compared': 4119, 'matching_subtrees_skipped': 2296, 'leaf_entries_examined': 7906, 'log_operations_examined': 0, 'strategy': 'merkle'}"
diagnostic-n10000-h256-repeated-key-o131072,diagnostic,10000,256,repeated-key,20261009,131072,512,measured,4,4,hybrid,8192,merkle,13.1803,0.1633,True,3fc0ca85a0e9dab98b1e1b807108982c247da3d2dfe205056a0a2186762af3fd,"{'nodes_compared': 4119, 'matching_subtrees_skipped': 2296, 'leaf_entries_examined': 7906, 'log_operations_examined': 0, 'strategy': 'merkle'}"
diagnostic-n10000-h256-repeated-key-o131072,diagnostic,10000,256,repeated-key,20261009,131072,512,measured,4,5,hybrid,4096,merkle,11.1981,0.1406,True,3fc0ca85a0e9dab98b1e1b807108982c247da3d2dfe205056a0a2186762af3fd,"{'nodes_compared': 4119, 'matching_subtrees_skipped': 2296, 'leaf_entries_examined': 7906, 'log_operations_examined': 0, 'strategy': 'merkle'}"
diagnostic-n10000-h256-repeated-key-o131072,diagnostic,10000,256,repeated-key,20261009,131072,512,measured,4,6,merkle,0,merkle,11.0365,0.1381,True,3fc0ca85a0e9dab98b1e1b807108982c247da3d2dfe205056a0a2186762af3fd,"{'nodes_compared': 4119, 'matching_subtrees_skipped': 2296, 'leaf_entries_examined': 7906, 'log_operations_examined': 0, 'strategy': 'merkle'}"
diagnostic-n10000-h256-repeated-key-o131072,diagnostic,10000,256,repeated-key,20261009,131072,512,measured,4,7,log,0,log,18.6193,0.1434,True,3fc0ca85a0e9dab98b1e1b807108982c247da3d2dfe205056a0a2186762af3fd,"{'nodes_compared': 0, 'matching_subtrees_skipped': 0, 'leaf_entries_examined': 0, 'log_operations_examined': 131072, 'strategy': 'log'}"
diagnostic-n10000-h256-repeated-key-o131072,diagnostic,10000,256,repeated-key,20261009,131072,512,measured,5,1,hybrid,8192,merkle,10.8166,0.1305,True,3fc0ca85a0e9dab98b1e1b807108982c247da3d2dfe205056a0a2186762af3fd,"{'nodes_compared': 4119, 'matching_subtrees_skipped': 2296, 'leaf_entries_examined': 7906, 'log_operations_examined': 0, 'strategy': 'merkle'}"
diagnostic-n10000-h256-repeated-key-o131072,diagnostic,10000,256,repeated-key,20261009,131072,512,measured,5,2,hybrid,4096,merkle,11.1782,0.1592,True,3fc0ca85a0e9dab98b1e1b807108982c247da3d2dfe205056a0a2186762af3fd,"{'nodes_compared': 4119, 'matching_subtrees_skipped': 2296, 'leaf_entries_examined': 7906, 'log_operations_examined': 0, 'strategy': 'merkle'}"
diagnostic-n10000-h256-repeated-key-o131072,diagnostic,10000,256,repeated-key,20261009,131072,512,measured,5,3,hybrid,2048,merkle,10.2908,0.1286,True,3fc0ca85a0e9dab98b1e1b807108982c247da3d2dfe205056a0a2186762af3fd,"{'nodes_compared': 4119, 'matching_subtrees_skipped': 2296, 'leaf_entries_examined': 7906, 'log_operations_examined': 0, 'strategy': 'merkle'}"
diagnostic-n10000-h256-repeated-key-o131072,diagnostic,10000,256,repeated-key,20261009,131072,512,measured,5,4,hybrid,1024,merkle,9.9421,0.1411,True,3fc0ca85a0e9dab98b1e1b807108982c247da3d2dfe205056a0a2186762af3fd,"{'nodes_compared': 4119, 'matching_subtrees_skipped': 2296, 'leaf_entries_examined': 7906, 'log_operations_examined': 0, 'strategy': 'merkle'}"
diagnostic-n10000-h256-repeated-key-o131072,diagnostic,10000,256,repeated-key,20261009,131072,512,measured,5,5,hybrid,16384,merkle,11.638,0.1442,True,3fc0ca85a0e9dab98b1e1b807108982c247da3d2dfe205056a0a2186762af3fd,"{'nodes_compared': 4119, 'matching_subtrees_skipped': 2296, 'leaf_entries_examined': 7906, 'log_operations_examined': 0, 'strategy': 'merkle'}"
diagnostic-n10000-h256-repeated-key-o131072,diagnostic,10000,256,repeated-key,20261009,131072,512,measured,5,6,log,0,log,15.1696,0.1327,True,3fc0ca85a0e9dab98b1e1b807108982c247da3d2dfe205056a0a2186762af3fd,"{'nodes_compared': 0, 'matching_subtrees_skipped': 0, 'leaf_entries_examined': 0, 'log_operations_examined': 131072, 'strategy': 'log'}"
diagnostic-n10000-h256-repeated-key-o131072,diagnostic,10000,256,repeated-key,20261009,131072,512,measured,5,7,merkle,0,merkle,10.3468,0.1416,True,3fc0ca85a0e9dab98b1e1b807108982c247da3d2dfe205056a0a2186762af3fd,"{'nodes_compared': 4119, 'matching_subtrees_skipped': 2296, 'leaf_entries_examined': 7906, 'log_operations_examined': 0, 'strategy': 'merkle'}"
diagnostic-n10000-h256-repeated-key-o131072,diagnostic,10000,256,repeated-key,20261009,131072,512,measured,6,1,hybrid,8192,merkle,10.7409,0.1139,True,3fc0ca85a0e9dab98b1e1b807108982c247da3d2dfe205056a0a2186762af3fd,"{'nodes_compared': 4119, 'matching_subtrees_skipped': 2296, 'leaf_entries_examined': 7906, 'log_operations_examined': 0, 'strategy': 'merkle'}"
diagnostic-n10000-h256-repeated-key-o131072,diagnostic,10000,256,repeated-key,20261009,131072,512,measured,6,2,hybrid,2048,merkle,10.835,0.1254,True,3fc0ca85a0e9dab98b1e1b807108982c247da3d2dfe205056a0a2186762af3fd,"{'nodes_compared': 4119, 'matching_subtrees_skipped': 2296, 'leaf_entries_examined': 7906, 'log_operations_examined': 0, 'strategy': 'merkle'}"
diagnostic-n10000-h256-repeated-key-o131072,diagnostic,10000,256,repeated-key,20261009,131072,512,measured,6,3,merkle,0,merkle,9.7895,0.1511,True,3fc0ca85a0e9dab98b1e1b807108982c247da3d2dfe205056a0a2186762af3fd,"{'nodes_compared': 4119, 'matching_subtrees_skipped': 2296, 'leaf_entries_examined': 7906, 'log_operations_examined': 0, 'strategy': 'merkle'}"
diagnostic-n10000-h256-repeated-key-o131072,diagnostic,10000,256,repeated-key,20261009,131072,512,measured,6,4,hybrid,1024,merkle,10.8977,0.1134,True,3fc0ca85a0e9dab98b1e1b807108982c247da3d2dfe205056a0a2186762af3fd,"{'nodes_compared': 4119, 'matching_subtrees_skipped': 2296, 'leaf_entries_examined': 7906, 'log_operations_examined': 0, 'strategy': 'merkle'}"
diagnostic-n10000-h256-repeated-key-o131072,diagnostic,10000,256,repeated-key,20261009,131072,512,measured,6,5,log,0,log,14.8166,0.1259,True,3fc0ca85a0e9dab98b1e1b807108982c247da3d2dfe205056a0a2186762af3fd,"{'nodes_compared': 0, 'matching_subtrees_skipped': 0, 'leaf_entries_examined': 0, 'log_operations_examined': 131072, 'strategy': 'log'}"
diagnostic-n10000-h256-repeated-key-o131072,diagnostic,10000,256,repeated-key,20261009,131072,512,measured,6,6,hybrid,4096,merkle,9.9822,0.1495,True,3fc0ca85a0e9dab98b1e1b807108982c247da3d2dfe205056a0a2186762af3fd,"{'nodes_compared': 4119, 'matching_subtrees_skipped': 2296, 'leaf_entries_examined': 7906, 'log_operations_examined': 0, 'strategy': 'merkle'}"
diagnostic-n10000-h256-repeated-key-o131072,diagnostic,10000,256,repeated-key,20261009,131072,512,measured,6,7,hybrid,16384,merkle,10.6984,0.113,True,3fc0ca85a0e9dab98b1e1b807108982c247da3d2dfe205056a0a2186762af3fd,"{'nodes_compared': 4119, 'matching_subtrees_skipped': 2296, 'leaf_entries_examined': 7906, 'log_operations_examined': 0, 'strategy': 'merkle'}"
diagnostic-n10000-h256-repeated-key-o131072,diagnostic,10000,256,repeated-key,20261009,131072,512,measured,7,1,hybrid,1024,merkle,11.7814,0.1382,True,3fc0ca85a0e9dab98b1e1b807108982c247da3d2dfe205056a0a2186762af3fd,"{'nodes_compared': 4119, 'matching_subtrees_skipped': 2296, 'leaf_entries_examined': 7906, 'log_operations_examined': 0, 'strategy': 'merkle'}"
diagnostic-n10000-h256-repeated-key-o131072,diagnostic,10000,256,repeated-key,20261009,131072,512,measured,7,2,log,0,log,13.8173,0.1546,True,3fc0ca85a0e9dab98b1e1b807108982c247da3d2dfe205056a0a2186762af3fd,"{'nodes_compared': 0, 'matching_subtrees_skipped': 0, 'leaf_entries_examined': 0, 'log_operations_examined': 131072, 'strategy': 'log'}"
diagnostic-n10000-h256-repeated-key-o131072,diagnostic,10000,256,repeated-key,20261009,131072,512,measured,7,3,hybrid,2048,merkle,11.0395,0.2797,True,3fc0ca85a0e9dab98b1e1b807108982c247da3d2dfe205056a0a2186762af3fd,"{'nodes_compared': 4119, 'matching_subtrees_skipped': 2296, 'leaf_entries_examined': 7906, 'log_operations_examined': 0, 'strategy': 'merkle'}"
diagnostic-n10000-h256-repeated-key-o131072,diagnostic,10000,256,repeated-key,20261009,131072,512,measured,7,4,hybrid,8192,merkle,13.0579,0.1481,True,3fc0ca85a0e9dab98b1e1b807108982c247da3d2dfe205056a0a2186762af3fd,"{'nodes_compared': 4119, 'matching_subtrees_skipped': 2296, 'leaf_entries_examined': 7906, 'log_operations_examined': 0, 'strategy': 'merkle'}"
diagnostic-n10000-h256-repeated-key-o131072,diagnostic,10000,256,repeated-key,20261009,131072,512,measured,7,5,hybrid,16384,merkle,15.0637,0.1629,True,3fc0ca85a0e9dab98b1e1b807108982c247da3d2dfe205056a0a2186762af3fd,"{'nodes_compared': 4119, 'matching_subtrees_skipped': 2296, 'leaf_entries_examined': 7906, 'log_operations_examined': 0, 'strategy': 'merkle'}"
diagnostic-n10000-h256-repeated-key-o131072,diagnostic,10000,256,repeated-key,20261009,131072,512,measured,7,6,merkle,0,merkle,10.4428,0.1443,True,3fc0ca85a0e9dab98b1e1b807108982c247da3d2dfe205056a0a2186762af3fd,"{'nodes_compared': 4119, 'matching_subtrees_skipped': 2296, 'leaf_entries_examined': 7906, 'log_operations_examined': 0, 'strategy': 'merkle'}"
diagnostic-n10000-h256-repeated-key-o131072,diagnostic,10000,256,repeated-key,20261009,131072,512,measured,7,7,hybrid,4096,merkle,10.5521,0.1382,True,3fc0ca85a0e9dab98b1e1b807108982c247da3d2dfe205056a0a2186762af3fd,"{'nodes_compared': 4119, 'matching_subtrees_skipped': 2296, 'leaf_entries_examined': 7906, 'log_operations_examined': 0, 'strategy': 'merkle'}"
